title,developer,url,group,monthlyUsers,totalUsers,rating,reviews,description
Google Maps Scraper,Compass,https://apify.com/compass/crawler-google-places?fpr=youssef,google-maps,37083,605911,4.7,1817,"Extract data from thousands of Google Maps locations and businesses, including reviews, reviewer details, images, contact info, including full name, email, and job title, opening hours, prices & more. Export data, run via API, schedule and monitor runs, or integrate with other tools"
Instagram Profile Scraper,Apify,https://apify.com/apify/instagram-profile-scraper?fpr=youssef,social-leads,26982,218618,4.7,174,"Scrape all Instagram profile info. Just add Instagram usernames, IDs or URLs and extract name, join date, number of followers, location, bio, website, related profiles, video&post count, latest posts. Export scraped data, schedule scraper via API, and integrate with other tools or AI workflows"
Linkedin Jobs Scraper,Curious Coder,https://apify.com/curious_coder/linkedin-jobs-scraper?fpr=youssef,linkedin,18223,157319,4.6,142,"Scrape Linkedin jobs from jobs search results using search URLs or filters. Get full job details, job poster and company details"
Google Search Results Scraper,Apify,https://apify.com/apify/google-search-scraper?fpr=youssef,other-lead-sources,17463,182526,4.7,219,"Scrape Google Search Engine Results Pages (SERPs). Select the country or language and extract organic and paid results, AI Mode, AI overviews, ads, queries, People Also Ask, prices, reviews, like a Google SERP API. Export data, run the scraper via API, schedule runs, or integrate with other tools"
LinkedIn Profile Scraper + Email No Cookies,HarvestAPI,https://apify.com/harvestapi/linkedin-profile-scraper?fpr=youssef,email-finders,9782,70126,4.6,92,"Extract detailed information from LinkedIn profiles in bulk, including complete work experience, education history, skills and more. No cookies or account required"
LinkedIn Profile Posts Scraper (No Cookies),HarvestAPI,https://apify.com/harvestapi/linkedin-profile-posts?fpr=youssef,linkedin,8794,35379,4.4,55,"Extract posts from LinkedIn profiles, including content, media, engagement, reactions, comments, and more. No cookies or account required"
Tweet Scraper V2 - X / Twitter Scraper,API Dojo,https://apify.com/apidojo/tweet-scraper?fpr=youssef,social-leads,7720,100353,3.9,195,"Lightning-fast search, URL, list, and profile scraping, with customizable filters., and 30-80 tweets per second, it is ideal for researchers, entrepreneurs, and businesses! Get comprehensive insights from Twitter (X) now!"
LinkedIn Profile Search Scraper No Cookies Find all people,HarvestAPI,https://apify.com/harvestapi/linkedin-profile-search?fpr=youssef,linkedin,6352,43500,4.4,103,"Search for LinkedIn profiles with filters and extract detailed profile information, including work experience, education history, location and more. No cookies or account required"
Linkedin Post Search Scraper (No Cookies),HarvestAPI,https://apify.com/harvestapi/linkedin-post-search?fpr=youssef,linkedin,6253,27907,5.0,53,Search LinkedIn Posts with advanced filters by target profiles or companies. No cookies or account required
LinkedIn Company Employees Scraper No Cookies,HarvestAPI,https://apify.com/harvestapi/linkedin-company-employees?fpr=youssef,linkedin,5954,27758,3.9,47,"Extract all LinkedIn Company employees with filters and detailed profile information, including complete work experience, and more. No cookies or account required. This actor can try to find contact emails"
Linkedin Company Details Scraper (No Cookies) Bulk,HarvestAPI,https://apify.com/harvestapi/linkedin-company?fpr=youssef,linkedin,5834,21293,4.5,35,"Extract detailed information from LinkedIn Companies such as company name, address, phone numbers, website, employee count, and more. Find LinkedIn company URLs by name in Bulk. No cookies or account required"
Facebook Ad Library Scraper,Curious Coder,https://apify.com/curious_coder/facebook-ads-library-scraper?fpr=youssef,social-leads,5555,40944,4.8,110,Scrape ads from facebook ads library search results and facebook pages. Cost
Facebook Ads Library Scraper,Apify,https://apify.com/apify/facebook-ads-scraper?fpr=youssef,social-leads,5512,36494,4.2,57,"Extract advertising data from Facebook, Instagram, WhatsApp, Threads. Get ads, publishers, prices, reach estimates, impressions, links, images, IDs, timestamps, product info, and more from Facebook Ad Library. Export ad data, schedule runs via API, and integrate with other tools or AI workflows"
Facebook Pages Scraper,Apify,https://apify.com/apify/facebook-pages-scraper?fpr=youssef,social-leads,5015,61419,4.6,54,"Extract basic data from multiple Facebook Pages or Profiles. Extract Facebook page details, website, email, address, messenger, likes, followers, rating, ad running status, and other public data. Export scraped data, schedule scraper via API, integrate with other tools or AI workflows"
Google Maps Extractor,Compass,https://apify.com/compass/google-maps-extractor?fpr=youssef,google-maps,4841,101839,4.9,232,"Extract data from hundreds of places fast. Scrape Google Maps by keyword, category, location, URLs & other filters. Get addresses, contact info, opening hours, popular times, prices, menus & more. Export scraped data, run the scraper via API, schedule and monitor runs, or integrate with other tools"
Tweet Scraper| Pay-Per Result | No Rate Limits,Kaito T,https://apify.com/kaitoeasyapi/twitter-x-data-tweet-scraper-pay-per-result-cheapest?fpr=youssef,social-leads,4053,26139,4.3,84,"Twitter scraping, 100% reliability, swift data retrieval.This incredible low price is almost too good to be true.Thanks to our large-scale operations and efficient servers, we can offer you rock-bottom prices that no competitors can match"
Profile Details Scraper for LinkedIn + EMAIL (No Cookies),API Maestro,https://apify.com/apimaestro/linkedin-profile-detail?fpr=youssef,email-finders,3742,19249,4.7,64,"Scrape comprehensive LinkedIn profile data including work experience, education history, certifications, and location details. Get structured information from any public LinkedIn profile using their username"
"Reddit Scraper - Posts, Comments, Search & Subreddits",Harsh Maur,https://apify.com/harshmaur/reddit-scraper?fpr=youssef,social-leads,3595,13408,4.5,39,"Scrape Reddit posts, comments, subreddits, user profiles, and keyword search results - no API key, no rate limits, no login., pay only for what you use. Full comment threads, 60+ fields per post, media and galleries. Works with AI Agents, MCP, n8n, Make, Zapier and more"
Google Maps Email Extractor,Lukáš Křivka,https://apify.com/lukaskrivka/google-maps-with-contact-details?fpr=youssef,google-maps,3398,89532,4.6,221,"Extract Google Maps contact details. Scrape websites of Google Maps places for contact details and get email addresses, website, location, address, zipcode, phone number, social media links. Export scraped data, run the scraper via API, schedule and monitor runs or integrate with other tools"
LinkedIn Company Posts Scraper (No Cookies),HarvestAPI,https://apify.com/harvestapi/linkedin-company-posts?fpr=youssef,linkedin,3335,11459,5.0,21,"Extract posts from LinkedIn companies including content, media, engagement, reactions, comments and more. No cookies or account required. Concurrency + fast response times make mass scraping fast"
Profile Posts Scraper for LinkedIn [No Cookies],API Maestro,https://apify.com/apimaestro/linkedin-profile-posts?fpr=youssef,linkedin,2474,22699,4.8,66,"Scrape LinkedIn posts data for a given LinkedIn profile including post content, reactions, comments count, and media attachments"
Leads Finder - Emails [Apollo Alternative],Code Pioneer,https://apify.com/code_crafter/leads-finder?fpr=youssef,email-finders,2291,47215,3.6,549,"Affordable alternative to ZoomInfo, Lusha & Apollo. Get Business email, Mobile Number, Personal email, LinkedIn profiles, company details etc"
Contact Details Scraper,Vojta Drmota,https://apify.com/vdrmota/contact-info-scraper?fpr=youssef,email-finders,2136,59621,4.7,92,"Email extractor and lead scraper to extract and download emails, phone numbers, Facebook, Twitter, LinkedIn, Instagram, Threads, Snapchat, and Telegram profiles from any website. Extract contact information at scale from lists of URLs and download the data as Excel, CSV, JSON, HTML, and XML"
Twitter (X.com) Scraper Unlimited: No Limits,API Dojo,https://apify.com/apidojo/twitter-scraper-lite?fpr=youssef,social-leads,2112,33701,4.8,101,"Introducing Twitter Scraper Unlimited, the most comprehensive Twitter data extraction solution available. Our enterprise-grade scraper offers unmatched capabilities with a transparent event-based pricing model, making it perfect for both small-scale and large-scale data extraction needs"
Advanced LinkedIn Job Search API,Fantastic.jobs,https://apify.com/fantastic-jobs/advanced-linkedin-job-search-api?fpr=youssef,linkedin,1949,14642,2.9,20,"Access our real-time LinkedIn Jobs database with over 10 million new jobs per month. With detailed company data, recruiter data, and AI enrichments! Get exact results with our advanced filters on title, description, location, company description, no. of employees, industry. Powered by Fantastic.jobs"
Linkedin Profile Search By Name scraper No Cookies,HarvestAPI,https://apify.com/harvestapi/linkedin-profile-search-by-name?fpr=youssef,linkedin,1793,7531,4.5,17,"Search for LinkedIn profiles by name with filters and extract detailed profile information, including work experience, education history, location and more. No cookies or account required"
Instagram Scraper Followers / Following No cookies,Scraping Solutions,https://apify.com/scraping_solutions/instagram-scraper-followers-following-no-cookies?fpr=youssef,social-leads,1687,14625,4.8,15,"Download an Instagram account’s followers or following. Input a username or array. Auto-paginates with safe delays and outputs clean JSON/CSV (id, username, name, profile link, privacy flags). Free users: limited by available run budget. Paid users:limited by requested results and max cost per run"
Tiktok Scraper (Pay Per Result),API Dojo,https://apify.com/apidojo/tiktok-scraper?fpr=youssef,social-leads,1650,10782,4.4,30,"Extract TikTok profiles, videos, hashtags, comments at 600 posts/sec. No proxy, 98% success rate. Scrape music, locations & user data with query builder. Export JSON/CSV, API integration. Perfect for influencer discovery, lead gen, market research"
LinkedIn Post Comments Scraper (No Cookies) (No Cookies),HarvestAPI,https://apify.com/harvestapi/linkedin-post-comments?fpr=youssef,linkedin,1638,7488,4.8,22,"Extract LinkedIn post comments or comment replies in bulk, as well as comment social activities such as the number of likes and reactions. No cookies or account required"
LinkedIn Company Search Scraper No Cookies,HarvestAPI,https://apify.com/harvestapi/linkedin-company-search?fpr=youssef,linkedin,1621,7545,4.4,22,Search for LinkedIn companies with filters and extract detailed company information. No cookies or account required. Fast and reliable actor
Naukri Job Scraper | India & Gulf Jobs,Muhammet Akkurt,https://apify.com/muhammetakkurtt/naukri-job-scraper?fpr=youssef,jobs-hiring-signals,1593,19581,4.4,11,"Naukri Job Scraper extracts job postings from Naukri.com (India) and NaukriGulf.com (Gulf). Scrape job title, company, salary, experience, description and recruiter email by keyword, URL or filters. Export structured data for recruitment analytics, market research and lead generation"
Linkedin Post Scraper No cookies,Supreme Coder,https://apify.com/supreme_coder/linkedin-post?fpr=youssef,linkedin,1508,16311,4.1,54,"Scrape unlimited Linkedin posts without risking your Linkedin account. Live data, Super fast scraping at affordable cost. High success rate"
Career Site Job Listing API,Fantastic.jobs,https://apify.com/fantastic-jobs/career-site-job-listing-api?fpr=youssef,jobs-hiring-signals,1462,7203,4.1,13,"The perfect Job Posting API for high-quality real jobs! Direct postings from over 175k+ company career sites across 54 ATS platforms like: Workday, Greenhouse, and Ashby. Enriched with AI and LinkedIn company data! Includes Lever, Rippling, SuccessFactors, iCIMS. Powered by Fantastic.jobs"
Facebook Posts Search,Scraper One,https://apify.com/scraper_one/facebook-posts-search?fpr=youssef,social-leads,1447,20853,4.2,14,"Search for Facebook posts using keywords or hashtags. Retrieve post URLs, content, publication dates, author details, and engagement metrics. Ideal for monitoring brand mentions on Facebook over time"
Instagram Post & Reel Details Scraper · No Login,Data Slayer,https://apify.com/data-slayer/instagram-post-details?fpr=youssef,social-leads,1380,3071,5,1,"Get full details from any Instagram post or Reel by URL - no login. 128 fields: likes, comments, views, shares, saves, reposts, captions, audio metadata, video URLs, and creator profiles. Bulk URL input. Includes repost_count missing from Apify's own scraper. JSON/CSV/Excel"
Posts Search Scraper for LinkedIn | No Cookies,API Maestro,https://apify.com/apimaestro/linkedin-posts-search-scraper-no-cookies?fpr=youssef,linkedin,1364,11998,4.7,37,"Scrape LinkedIn posts by keyword without login. Get post content, reactions, author details, and media. Sort by relevance or date. Perfect for research, analysis, and monitoring trends"
Mass Linkedin Profile Scraper with Email (No Cookies),Dev Fusion,https://apify.com/dev_fusion/Linkedin-Profile-Scraper?fpr=youssef,email-finders,1318,63208,3.6,159,"Extract full LinkedIn profile insights: verified email, phone number, work history, education, and more"
Leads Scraper /Run With EMAILSLike Apollo,Pipeline Labs,https://apify.com/pipelinelabs/lead-scraper-apollo-zoominfo-lusha-ppe?fpr=youssef,email-finders,1273,15453,3.2,85,"Scrape Up to 50K leads per run with Emails, LinkedIn URL, Phone Numbers, & More! Similar to Apollo, ZoomInfo, Lusha. 250+ Million Verified Database!"
Company Employees Scraper for LinkedIn | No Cookies,API Maestro,https://apify.com/apimaestro/linkedin-company-employees-scraper-no-cookies?fpr=youssef,linkedin,1189,7635,2.9,19,"Extract LinkedIn company employees without sharing your cookies or account. Get structured data including profile details, job titles, and current positions. No login required"
Fast Instagram Profile Posts Scraper,Instagram Scraper,https://apify.com/instagram-scraper/fast-instagram-post-scraper?fpr=youssef,social-leads,1183,6302,4.7,10,"Instagram Post Scraper. Post data: hashtags, comment_count, like_count, usertags, images, videos, shortcode and etc. Scrape Instagram Posts with Ease and Speed"
X Tweet Scraper | Pay-Per-Result,Xquik,https://apify.com/xquik/x-tweet-scraper?fpr=youssef,social-leads,1146,3961,4.5,14,"Scrape X (Twitter) tweets, replies, profiles, lists, and searches for on every Apify plan. Use 50+ filters, batch lookup, and flat exports. Filters run before billing. Apify bills platform usage separately. No X login. Built by Xquik. Not affiliated with X Corp"
LinkedIn Profile Extractor & Enricher (No Login Required),Unseen User,https://apify.com/unseenuser/LinkedIn-Profile?fpr=youssef,linkedin,1108,1841,5,4,"Extract complete LinkedIn profile data - experience, education, skills, certifications, location, headline. No login, no cookies. Built for B2B sales and lead-gen teams"
"LinkedIn Company Scraper - Profiles, Search, Posts [No Login]",Unseen User,https://apify.com/unseenuser/LinkedIn-Company-Scraper?fpr=youssef,linkedin,1079,1196,5,3,"Scrape LinkedIn company data 3 ways - full profiles, ICP search, and recent posts - without logging in. No cookies, no extension, no account risk. Exact employee counts, every office, industries, org tree. Clean JSON/CSV for HubSpot, Salesforce, Clay, n8n. 99.8% success"
Company Posts Scraper for LinkedIn - No Cookies,API Maestro,https://apify.com/apimaestro/linkedin-company-posts?fpr=youssef,linkedin,1047,8566,5.0,17,"Extract public posts and activity from companies including post content, reactions, comments count, and media attachments"
"Fast Twitter (X) User Scraper API | Extract Profiles, Followers",API Dojo,https://apify.com/apidojo/twitter-user-scraper?fpr=youssef,social-leads,1015,8820,4.4,16,"Introducing Twitter (X) User Scraper, the ultimate solution for direct user extraction from Twitter (X). It offers blazing speed and comprehensiveness, delivering lightning-fast user extraction features"
Facebook (Meta) Ads Library Scraper,Iñigo Garcia Olaizola,https://apify.com/igolaizola/facebook-ad-library-scraper?fpr=youssef,social-leads,1004,2948,5.0,10,"Extract powerful ad insights from Meta's Facebook Ads Library. Scrape comprehensive data including IDs, ad text, images, links, and page details to fuel digital marketing strategies and competitive research. Optimize and boost campaigns with current, actionable ad data for maximum impact"
Post Comments & Engagements Scraper for LinkedIn | No Cookies,API Maestro,https://apify.com/apimaestro/linkedin-post-comments-replies-engagements-scraper-no-cookies?fpr=youssef,linkedin,966,5271,5.0,8,"Scrape in Batch all LinkedIn post related data including comments, stats, reactions, replies and media attachments"
LinkedIn Post Reactions Scraper (No Cookies) (No Cookies),HarvestAPI,https://apify.com/harvestapi/linkedin-post-reactions?fpr=youssef,linkedin,904,4650,5.0,18,"Extract reactions of LinkedIn posts or comments, such as likes, appreciations, etc. No cookies or account required"
"LinkedIn People Search - Company, Title, Industry, No Login",Muhamed Didovic,https://apify.com/memo23/linkedin-people-search?fpr=youssef,linkedin,824,2112,5,2,"Search LinkedIn people by keyword, job title, company, school, location, industry, seniority and function - no login, no ban risk. Get name, headline, company, location, schools, languages and profile URL as clean JSON/CSV. Pay per profile found, not per block of 25 - exactly what you get"
Google Maps Scraper,VortexData,https://apify.com/vortex_data/google-maps?fpr=youssef,google-maps,798,2759,4.8,18,"Stop wasting your budget on slow, resource-heavy browser-based scrapers. This is the fastest, most cost-effective, and data-rich Google Maps scraper on Apify, designed for high-scale lead generation and market research"
Skip Trace,ONE API,https://apify.com/one-api/skip-trace?fpr=youssef,enrichment-verification,792,14702,4.6,32,"Locate hard-to-find individuals with our powerful skip trace/tracing API. TruePeopleSearch, Fastpeoplesearch, Lead Finder, Truthfinder, Spokeo, BeenVerified, PeopleFinders. Please leave 5 stars if found useful. If you do not receive any results, please contact: support@realtyapi.io"
Leads Finder - Email + Mobile Number ​,Caleb David,https://apify.com/microworlds/leads-finder?fpr=youssef,email-finders,788,20881,3.7,113,"Cheap alternative to Apollo, ZoomInfo & Lusha. Get business emails, LinkedIn profiles, company details etc.. With verified email and mobile number ​"
Instagram Scraper (Pay Per Result),API Dojo,https://apify.com/apidojo/instagram-scraper?fpr=youssef,social-leads,775,9071,4.7,36,"Famous for its blazing-fast speed and completeness, it offers rapid and efficient scraping of many URLs such as; location, audio, tag, and profile. It's incredibly cost-effective at for every 1000 posts, capable of scraping 100-200 posts each second!"
Naukri Job Scraper - India + Gulf · Emails & 41 Fields,Muhamed Didovic,https://apify.com/memo23/naukri-scraper?fpr=youssef,email-finders,775,4677,4.7,17,"The only Naukri scraper that also covers NaukriGulf - India and the Gulf in one run, so you buy one actor instead of two. 41 fields per job: salary bands, skills, education, apply links, plus optional employer emails and AmbitionBox company ratings. Rated 4.7 by 17 users. JSON or CSV"
Tennis Abstract Scraper - Match History & Stats,ParseForge,https://apify.com/parseforge/tennis-abstract-scraper?fpr=youssef,other-lead-sources,758,1668,,0,"Reads a player's page on Tennis Abstract and returns every match listed there, one row per match: date, tournament, surface, round, the player's rank, opponent, score and match URL. Enter the player name the way Tennis Abstract spells it, such as NovakDjokovic. Export to CSV, Excel or JSON"
Bulk Email Verifier & Validator - BounceVerify,Redify,https://apify.com/bounceverify/bounceverify-email-verifier?fpr=youssef,email-finders,736,2983,4.8,6,"Bulk email verifier & validator with SMTP validation, catch-all detection, and disposable filtering. The best ZeroBounce & NeverBounce alternative on Apify. Clean leads from Apollo, LinkedIn, or any scraper. Reduce bounce rate to under 2%. GDPR compliant"
LinkedIn Email Finder Find Emails for LinkedIn Profiles,VulnV,https://apify.com/vulnv/linkedin-email-finder?fpr=youssef,email-finders,715,4023,5,5,Find email addresses for LinkedIn profiles. Simply provide LinkedIn profile URLs and get email addresses if available. Bulk processing supported with concurrent email resolution
Trustpilot All Reviews Scraper + · No Cap · AI Insights,Muhamed Didovic,https://apify.com/memo23/trustpilot-scraper-ppe?fpr=youssef,directories,706,2641,4.8,20,"[] Export every Trustpilot review - past the ~200-review web cap. Incremental mode: pull only reviews newer than a date, so daily syncs stay cheap. 40+ fields, company replies, ratings, reviewer country. Filter by star, language, date, verified. Brand search, regional domains"
Reddit Scraper,Automation Lab,https://apify.com/automation-lab/reddit-scraper?fpr=youssef,social-leads,693,3913,4.8,6,"Scrape public Reddit search results and subreddit listings, with posts, comments, and profiles available on a best-effort basis. No Reddit account or API key required"
"Naukri Job Scraper - Salary, Skills & Detail",Black Falcon Data,https://apify.com/blackfalcondata/naukri-jobs-feed?fpr=youssef,jobs-hiring-signals,689,4400,5.0,2,"Naukri Job Scraper for naukri.com: India's largest job board (500K+ listings). Salary, walk-in contacts, skills, company profiles, full descriptions. plans; no monthly fee. Incremental mode; compact output for AI/MCP"
Leads Finder Apollo Alternative,Pipeline Labs,https://apify.com/pipelinelabs/leads-finder-with-emails-apollo-lusha-zoominfo?fpr=youssef,email-finders,689,3953,3.6,12,"Find verified B2B leads with emails, LinkedIn URLs & phone numbers. 250M+ contact database with 100% email coverage. Apollo, Zoominfo & Lusha alternative. Up to 50,000 leads per run"
Tiktok Profile Scraper (Pay Per Result),API Dojo,https://apify.com/apidojo/tiktok-profile-scraper?fpr=youssef,social-leads,679,4971,4.4,17,"Scrape TikTok user profiles at 425 posts/sec with 98% success, no proxy needed. Get followers, bio, badges, full video history & engagement. Username or URL input. Export JSON/CSV, API ready. Perfect for influencer research, lead gen & brand deals"
Instagram Followers and Following Scraper,Apify,https://apify.com/apify/instagram-followers-following-scraper?fpr=youssef,social-leads,672,1947,4.7,9,"Scrape Instagram followers' names. Just add Instagram profile and extract followers' username, name, profile picture URL, private or public status, verified status and Instagram user ID. Export scraped data, schedule scraper via API, and integrate with other tools or AI workflows"
Facebook Search Scraper,Jan Danecki,https://apify.com/danek/facebook-search-ppr?fpr=youssef,social-leads,664,42652,4.1,18,"Scrap Facebook search results fast and easy. It is designed to be fast and efficient, so it can extract a large number of results for low price. It is also less likely to be blocked by Facebook"
Linkedin Profile Scraper with Email & Company Data (No Cookie),Data Doping,https://apify.com/datadoping/linkedin-profile-scraper?fpr=youssef,email-finders,631,4181,3.4,11,"For, LinkedIn Profile with Email & Company Data and get complete lead information, including verified emails, using their username, URL, or URN. This advanced scraper integrates with tools like Apollo, Hunter, Lusha etc. to ensure accurate and up-to-date email data"
Google Maps Scraper,ScraperLink,https://apify.com/scraperlink/google-maps-scraper?fpr=youssef,google-maps,626,3606,5.0,31,"**CHEAPEST** Google Maps Scraper on Apify - 4× cheaper than competitors. Proxies & platform costs included. Results in seconds. Extract names, phones, addresses, ratings, hours & more. Multi-query, up to 200 results per search"
Upwork Job Scraper,Neatrat,https://apify.com/neatrat/upwork-job-scraper?fpr=youssef,jobs-hiring-signals,602,6595,4.8,34,"Scrape Upwork jobs without limits Bypass CAPTCHAs & apply custom filters. Apify is retiring rental Actors, so pricing is changing. For many users around ~7k jobs/month, cost should stay near the old You still get the same no-cookie setup, with in-house Upwork accounts and proxies built in"
Google Maps Scraper emails,Caleb David,https://apify.com/microworlds/crawler-google-places?fpr=youssef,google-maps,584,17697,4.3,116,"Extract data from thousands of Google Maps locations and businesses, including reviews, reviewer details, images, contact info, including full name, email, and job title, opening hours, prices & more. Export data, run via API, schedule and monitor runs, or integrate with other tools"
Twitter Scraper,Jan Danecki,https://apify.com/danek/twitter-scraper?fpr=youssef,social-leads,577,7885,4.4,20,"Scrap Twitter fast and easy. It is designed to be fast and efficient, so it can extract a large number of post for low price"
Linkedin Profile Scraper No cookie,Supreme Coder,https://apify.com/supreme_coder/linkedin-profile-scraper?fpr=youssef,linkedin,576,8535,4.9,32,Scrape Linkedin profiles without risking your Linkedin account. Live data
Leads Scraper Apollo | LinkedIn Profile,Peaky Dev,https://apify.com/peakydev/leads-scraper-ppe?fpr=youssef,linkedin,571,16536,3.9,151,"NO LEADS FOUND ISSUE FIXED 20% DISCOUNT ACTIVE - Cheap ways to Extract leads with verified Mobile Work & Personal Emails. Similar to Apollo, ZoomInfo, Lusha, LinkedIn | Google Maps"
Instagram Followers Scraper (No Cookie),Data Doping,https://apify.com/datadoping/instagram-followers-scraper?fpr=youssef,social-leads,557,5579,4.5,14,"Extract Instagram profile followers in bulk without requiring login, session ID, or cookies. This actor provides complete API support, and seamless export options, making large-scale follower collection efficient and reliable"
YouTube Comments Scraper API - Extract Video Comments Fast,API Dojo,https://apify.com/apidojo/youtube-comments-scraper?fpr=youssef,social-leads,527,2899,4.8,12,"YouTube Comments Scraper, the ultimate solution for extensive YouTube comments data retrieval. With its high-speed scraping abilities, it provides unmatched effectiveness and thoroughness. Additionally, its cost-effectiveness is unmatched, priced at !"
LinkedIn Profile Comments Scraper (No Cookies),HarvestAPI,https://apify.com/harvestapi/linkedin-profile-comments?fpr=youssef,linkedin,517,1813,5,12,"Extract LinkedIn profile comments, as well as comment social activities such as likes and reactions. No cookies or account required, fast response times"
"Bulk Linkedin Email Finder, Super Cheap",Sniper Coder,https://apify.com/snipercoder/bulk-linkedin-email-finder?fpr=youssef,email-finders,512,3541,4.6,14,"Input: linkedIn|Output: Name, Email, Title, Company, etc. In Bulk| Perfect for Email campaigns, Data Enrichment, Linkedin/Linkedin sales nav Leads. Forget Instantly.ai, apollo.io, and hunter.io, they are all to break the Bank"
Leads Finder | Similar to Apollo LinkedIn Leads Generator,Brave Leads,https://apify.com/braveleads/leads-finder-linkedin-apollo-leads-generator?fpr=youssef,linkedin,511,4300,4.4,47,"Maximum Result issue fixed---. Get premium leads similar to apollo, linkedin, zoominfo. Work emails, Phone numbers and more"
"Instagram Profile Scraper - Emails, Bio Links & Post Likers",Andrey Afanasenko,https://apify.com/afanasenko/instagram-profile-scraper?fpr=youssef,email-finders,497,3749,2.5,10,"Scrape Instagram profiles at scale - followers and following lists, post likers and commenters, similar-account discovery, keyword and location search. Every profile returns emails, bio links, engagement rate, business category and language. No login needed"
"Taobao 淘宝 Product Detail Scraper - SKUs, Prices, Reviews",Zen Studio,https://apify.com/zen-studio/taobao-detail-scraper?fpr=youssef,other-lead-sources,483,1117,5.0,2,"Extract SKUs, prices, attributes, optional reviews, images, videos, shop data, and category metadata from Taobao (淘宝) and Tmall (天猫) product URLs or item IDs. Export clean JSON, CSV, and Excel rows"
Twitter Profile Scraper: Get Profile Tweets + Their Replies,API Dojo,https://apify.com/apidojo/twitter-profile-scraper?fpr=youssef,social-leads,456,2738,3.4,11,"Extract tweets, replies & engagement data from Twitter profiles. 40 tweets FREE. Get likes, retweets, views & media URLs. Date filtering, reply extraction, custom data transformation. No authentication, no proxy required. Event-based pricing, only pay for what you scrape!"
"Fast YouTube Channel Scraper API | Profiles, Subs & Stats",API Dojo,https://apify.com/apidojo/youtube-channel-information-scraper?fpr=youssef,social-leads,452,2190,5.0,8,"Extreme flexibility with search functionalities enables you to retrieve extensive channel information in detail. Not just that but YouTube Channel Information Scraper offers you Country, Language, and Location geo-targeting capabilities. !"
Email Verifier & Validator | Bulk Email Verification,Michael G,https://apify.com/michael.g/email-verifier-validator?fpr=youssef,email-finders,448,1808,4.7,35,"Bulk email verifier and email validator for email list verification. Verify email addresses, detect invalid emails, check deliverability, and clean email lists to reduce bounce rates"
LinkedIn Profile Scraper for cheap lead enrichment,Anchor,https://apify.com/anchor/linkedin-profile-enrichment?fpr=youssef,linkedin,446,9788,4.9,21,"Extract LIVE LinkedIn profile data from LinkedIn URLs. Works with people and companies. Upload a CSV of LinkedIn URLs or use the API. Automate your LinkedIn enrichment with N8N, Make, Zapier integrations... No Cookies. Cheap, high-quality, live lead enrichment for LinkedIn profiles !"
Trustpilot Reviews Scraper,Automation Lab,https://apify.com/automation-lab/trustpilot?fpr=youssef,directories,440,2114,5,1,"Extract Trustpilot reviews with ratings, replies, reviewer info, and company data. Tiered per-review pricing applies, plus a run start fee"
"1688 Products Wholesale Scraper - 50+ Fields, 250+ Products/Min",Zen Studio,https://apify.com/zen-studio/1688-wholesale-scraper?fpr=youssef,other-lead-sources,440,1881,5,4,"Extract 50+ fields per product from 1688.com at 250+ products/minute. Tiered wholesale pricing, supplier verification, factory stats, dropship channels, certifications, trade service scores. Search by keyword (Chinese/English) or offer IDs. JSON output, no login required"
TikTok Followers Scraper,Clockworks,https://apify.com/clockworks/tiktok-followers-scraper?fpr=youssef,social-leads,437,11488,4.7,24,"Scrape TikTok followers and following profiles from any account. Input a profile name, and get detailed lists of followers and following profiles with complete metadata. Perfect for lead generation, audience analysis, and segmentation"
Profile Details Batch Scraper for LinkedIn + EMAIL (No Cookies),API Maestro,https://apify.com/apimaestro/linkedin-profile-batch-scraper-no-cookies-required?fpr=youssef,email-finders,427,11636,4.4,19,"(no cookies need) Extract In Bulk comprehensive LinkedIn profile data including work experience, education history, certifications, and location details. Get structured information from any public LinkedIn profile using their username"
Instagram Profile Scraper (Bio & Posts),CoderX,https://apify.com/coderx/instagram-profile-scraper-bio-posts?fpr=youssef,social-leads,424,6300,5,9,Instagram Profile Insights Scraper is a lightweight tool that collects detailed public data from a list of Instagram usernames. It fetches profile info and recent posts to help you analyze accounts at scale
X (Twitter) Posts Search,Scraper One,https://apify.com/scraper_one/x-posts-search?fpr=youssef,social-leads,414,2255,5,2,"Search for X (formerly Twitter) posts using keywords or hashtags. Retrieve post URLs, content, publication dates, author details, and engagement metrics. Ideal for monitoring brand mentions on X over time"
X Tweet Scraper | Pay-Per-Result,ScrapeBadger,https://apify.com/scrape.badger/twitter-tweets-scraper?fpr=youssef,social-leads,405,2754,3.3,17,"Scrape X/Twitter tweets for. Advanced search with 40+ filters, batch tweet lookup, replies, retweeters, favoriters, quotes, and similar tweets. No API key needed, no rate limits"
Threads Scraper,Automation Lab,https://apify.com/automation-lab/threads-scraper?fpr=youssef,social-leads,403,2412,4.2,8,"Scrape Meta Threads posts, profiles, and search results. No login needed. Extract text, likes, reply counts, reposts, media, and user data"
"Multi Job Board Scraper - LinkedIn, Indeed, Glassdoor & More",Pika Choo,https://apify.com/openclawai/job-board-scraper?fpr=youssef,linkedin,401,2729,5,4,"Scrape job listings from LinkedIn, Indeed, Glassdoor, Google Jobs & ZipRecruiter simultaneously. Extract job title, company, salary, location, job type, description, company info & more. No API keys needed - pay per result"
"Fast Instagram Scraper API - Posts, Reels, Profiles & Hashtags",API Dojo,https://apify.com/apidojo/instagram-scraper-api?fpr=youssef,social-leads,397,2471,5,9,"Instagram Scraper API - extract posts, reels, profiles, hashtags, locations & audio FASTat 100-200 posts/sec. Transparent event-based pricing +, FREE posts per query, no login, proxies or API keys. Perfect for influencer analysis, brand & social media monitoring"
StepStone Job Scraper - Keyword/URL Search + Emails [],Muhamed Didovic,https://apify.com/memo23/stepstone-search-cheerio-ppr?fpr=youssef,email-finders,387,1330,5,9,"StepStone job scraper - keyword & listing search on StepStone Germany, Austria & Belgium, or drop in any job link for one clean row per posting: title, company, salary, location, skills, dates, labels + employer emails. Pure HTTP, no browser. Totaljobs/CWJobs too"
LinkedIn Job Scraper,Crawlworks,https://apify.com/crawlworks/linkedin-jobs-scraper?fpr=youssef,linkedin,386,2900,4.8,13,"Scrape job listings from LinkedIn.com including title, company, location, and posting details. Fast, reliable LinkedIn jobs data scraper for hiring, research, and analytics"
Ozon.ru Product Scraper PRO | Парсер товаров Ozon,Zen Studio,https://apify.com/zen-studio/ozon-scraper-pro?fpr=youssef,other-lead-sources,376,1087,4.7,6,"Full product data for any Ozon URL or search query - pricing, specs, variants, reviews, sellers, price history. Search with filters (price, rating, delivery). Tile-only mode 5x cheaper. JSON/CSV/Excel. No login. | Товары Ozon: цены, характеристики, варианты, отзывы, продавцы, история цен"
Youtube Scraper (Pay Per Result),API Dojo,https://apify.com/apidojo/youtube-scraper?fpr=youssef,social-leads,375,30152,3.3,22,"Experience unparalleled efficiency and depth with its ultra-fast capabilities in searching, URL, playlist, channel, and profile scraping. It comes equipped with a variety of filters to customize your data collection precisely. Plus, it's incredibly affordable at !"
Facebook Ads Library Scraper,Automation Lab,https://apify.com/automation-lab/facebook-ads-library?fpr=youssef,social-leads,375,1755,4.5,3,"Scrape Facebook / Meta Ad Library for competitor ad monitoring. Search by keyword, Page URL, pasted Ads Library URL, country, status, and media type. Extract creatives, copy, links, media, platforms, spend. No login or Meta API token required"
LinkedIn Profile Reactions Scraper (No Cookies),HarvestAPI,https://apify.com/harvestapi/linkedin-profile-reactions?fpr=youssef,linkedin,375,1379,4.8,15,"Extract LinkedIn profile reactions, as well as full post data and social activities. No cookies or account required. Concurrency + fast response times"
Google Maps Reviews Scraper,Billy,https://apify.com/web_wanderer/google-reviews-scraper?fpr=youssef,google-maps,370,1850,5.0,7,"Scrape all Google Maps reviews using keywords, place URLs, or IDs. Filter by date, rating, or keyword, and capture reviewer details, translations, photos, aspect ratings, owner replies, and complete business info in structured format"
TikTok Profile Scraper (Private & Public),Abe,https://apify.com/abe/tiktok-profile-scraper?fpr=youssef,social-leads,367,22360,4.6,22,"Scrapes basic profile info for a TikTok page for a given username(s), both private & public. Info returned includes counts for followers, following & likes; as well as name, tagline, bio, image URL and link"
Google Jobs Scraper,John,https://apify.com/johnvc/Google-Jobs-Scraper?fpr=youssef,jobs-hiring-signals,347,3631,4.5,13,"The most advanced Google Jobs Scraper available! Built with enterprise-grade flexibility, lightning-fast performance, and comprehensive customization options. Extract detailed job data, application links, company information, and full job descriptions. Unlimited usage, no monthly rental fees"
App Store Reviews Scraper API,The Wolves,https://apify.com/thewolves/appstore-reviews-scraper?fpr=youssef,other-lead-sources,341,2114,5.0,10,"App Store Reviews Scraper is your ultimate tool to retrieve the reviews directly from the Apple Store. With extremely capable information retrieval, the lowest price, and lightning speed, this actor is unbeatable. It's priced at !"
LinkedIn Jobs Scraper,Bebity,https://apify.com/bebity/linkedin-jobs-scraper?fpr=youssef,linkedin,339,35609,4.3,73,"ℹ Designed for both personal and professional use, simply enter your desired job title and location to receive a tailored list of job opportunities. Try it today!"
SEEK Job Scraper - Australia & New Zealand Job Listings,Black Falcon Data,https://apify.com/blackfalcondata/seek-scraper?fpr=youssef,jobs-hiring-signals,323,1357,5,3,"Scrape SEEK's Australia & New Zealand job boards - seek.com.au and seek.co.nz. Structured salary ranges and company intelligence, optional applicant-demand signals for low-competition roles, and incremental new/changed detection"
Google Maps Email Extractor,Alexandre Manguis,https://apify.com/leadsbrary/google-maps-email-extractor?fpr=youssef,google-maps,320,1368,4.0,5,"Search Google Maps by keyword and instantly collect email addresses for each business. Get name, address, phone, website, rating, reviews, GPS coordinates and emails - ready to export as CSV, JSON or Excel"
Profile Full Sections Scraper for LinkedIn + EMAIL | No Cookies,API Maestro,https://apify.com/apimaestro/linkedin-profile-full-sections-scraper?fpr=youssef,email-finders,319,3517,5.0,8,"Scrape complete LinkedIn profile data including work experience, education history, certifications, and location details. Get structured information from any public LinkedIn profile using their username"
Instagram Following Scraper (No Cookie),Data Doping,https://apify.com/datadoping/instagram-following-scraper?fpr=youssef,social-leads,318,3030,3.4,6,"Extract Instagram profile following in bulk without requiring login, session ID, or cookies. This actor provides complete API support, and seamless export options, making large-scale follower collection efficient and reliable"
Post Data Scraper for LinkedIn | No Cookies,API Maestro,https://apify.com/apimaestro/linkedin-post-detail?fpr=youssef,linkedin,318,1358,5.0,3,"Linkedin Posts Data Scraper: Extract detailed information from LinkedIn profiles including work experience, education history, and location details"
Instagram Comments Scraper (No Login),Louis Deconinck,https://apify.com/louisdeconinck/instagram-comments-scraper?fpr=youssef,social-leads,303,3796,4.5,11,"Scrape all comments from any Instagram post in seconds. No login required. Get text, likes, timestamps, and usernames - even from large posts. Fast, affordable, and easy to use. Ideal for lead gen, research, and trend spotting. Just paste the URL and go"
Twitter (X) Follower Scraper | Email| No Rate Limit,Kaito T,https://apify.com/kaitoeasyapi/premium-x-follower-scraper-following-data?fpr=youssef,email-finders,302,5582,4.5,24,"/following! The most affordable X data scraper. Get instant access to follower & following lists. Trusted by marketing pros for accurate social data. Lightning - fast extraction, 99.9% success rate. Start collecting valuable twitter(X) data today!"
Fast Instagram Profile Reels Scraper,Instagram Scraper,https://apify.com/instagram-scraper/instagram-profile-reels-scraper?fpr=youssef,social-leads,300,1261,5,3,"This Actor scrapes public Instagram Reels from profile pages (the Reels tab). It runs in no‑login mode, which makes it fast to start and easy to use for analytics, research, and content monitoring workflows"
Etsy Listings Scraper - Live Carts & Ads,Yakugusa Yumitori,https://apify.com/yumitori/etsy-listings-scraper?fpr=youssef,other-lead-sources,296,967,,0,"Scrape Etsy listings by keyword with data no other scraper exposes - live cart counts, ""X people bought in 24h"" signals, Etsy Ads slot positions, bestseller and star-seller badges, seller velocity. Up to 1,080 per keyword, any country. No proxy or captcha needed"
Upwork Scraper - Freelance Job Listings with Client Intel,Black Falcon Data,https://apify.com/blackfalcondata/upwork-scraper?fpr=youssef,jobs-hiring-signals,286,905,5,7,"Scrape Upwork jobs with full client intelligence - country, total spent, payment-verified, rating, reviews, and exact applicant count. 14 filters and incremental mode that reliably emits only new or changed listings across runs"
Indeed Jobs Scraper API/Keyword or URL/No Login · Emails,Muhamed Didovic,https://apify.com/memo23/apify-indeed-cheerio-ppr?fpr=youssef,email-finders,284,861,4.5,8,"Indeed jobs + company-leads scraper - search by keyword or URL. Returns salaries, GPS, full descriptions, the resolved external/ATS apply URL, and employer firmographics (CEO, revenue, industry, website) plus optional contact-email enrichment. Clean flat output; hard maxJobs cap"
Wellfound Startup Job Scraper - Equity Ranges & Job Alerts,Black Falcon Data,https://apify.com/blackfalcondata/wellfound-scraper?fpr=youssef,jobs-hiring-signals,282,1509,5,2,"Scrape wellfound.com startup jobs with salary and equity ranges, location, remote status, experience level, and company name and size. Company-only lead-gen mode, incremental runs, and Slack/Telegram/Discord alerts on new postings"
Linkedin Posts Search Scraper (No Cookie),Data Doping,https://apify.com/datadoping/linkedin-posts-search-scraper?fpr=youssef,linkedin,281,1766,5,1,"For, scrape LinkedIn posts of a keyword and extract full content, engagement stats, and author details using their profile URL. Note: If you're on free tier you can only scrape 4 profile and 100 posts per profile per run (12 profiles in total)"
All Jobs Scraper (39 Sites),AgentX,https://apify.com/agentx/all-jobs-scraper?fpr=youssef,jobs-hiring-signals,280,2948,4.4,12,"All Jobs Scraper is a job scraper API for 42 platforms that returns 41 unified job, salary, company, application, and public contact fields. One country-aware input can search multiple job boards in the same run"
LinkedIn Company Scraper - Company Data for Lead Enrichment,Automation Lab,https://apify.com/automation-lab/linkedin-company-scraper?fpr=youssef,linkedin,277,904,5,1,"Scrape LinkedIn company pages for website, industry, size, employee count, headquarters, specialties, and profile metadata. Use the website field as the starting point for contact discovery and email verification workflows"
Meta (Facebook) Ad Library Scraper - Efficient & Fast,Automly,https://apify.com/automly/facebook-ad-library-scraper?fpr=youssef,social-leads,275,1213,4.3,4,"Scrape the Meta Ad Library for Facebook and Instagram ads. Extract ad copy, images, videos, spend, impressions, and advertiser transparency data. No account or API key required"
Youtube Channel Email Scraper,Data Over Coffee,https://apify.com/dataovercoffee/Youtube-Channel-Business-Email-Scraper?fpr=youssef,email-finders,273,3889,4.4,30,"Extract real YouTube channel emails at scale with logged-in accounts & CAPTCHA solving - No BS, Real Emails"
Email Finder & Verifier - B2B Email Lookup API,ClearPath,https://apify.com/clearpath/email-finder-api?fpr=youssef,email-finders,272,2095,2.0,4,"Find verified business emails using first name, last name, and company domain. Tests common patterns and validates with SMTP checks. Upload CSV or Excel files for bulk processing. Returns quality-ranked results with alternative emails and confidence scores. Export to JSON or CSV"
Meta (Facebook) Ad Library Scraper - Fast & Reliable,Anas Nadeem,https://apify.com/whoareyouanas/meta-ad-scraper?fpr=youssef,social-leads,271,3458,5.0,14,"Scrape Meta ads in seconds - no fluff, just instant access to the ad data and insights you need. Get detailed ad information including title, description, images, videos, CTA, Social platform and metadata"
Glassdoor Jobs Scraper,Orgupdate,https://apify.com/orgupdate/glassdoor-jobs-scraper?fpr=youssef,jobs-hiring-signals,271,1503,,0,"The latest and most advanced Glassdoor Jobs Scraper. Our Glassdoor Jobs Scraper extracts real-time job postings at scale from all over the world. A new research tool built for recruitment, insights and HR"
Wellfound Jobs Scraper,Orgupdate,https://apify.com/orgupdate/wellfound-jobs-scraper?fpr=youssef,jobs-hiring-signals,270,2253,5,1,"The latest and most advanced Wellfound, Angel list Jobs Scraper. Our Wellfound, Angel list Jobs Scraper extracts real-time job postings at scale from all over the world. A new research tool built for recruitment, insights and HR"
Booking.com Hotel Scraper,NanoScrape,https://apify.com/santamaria-automations/booking-com-scraper?fpr=youssef,other-lead-sources,264,941,,0,"Scrape hotel listings from Booking.com including prices, ratings, availability, and cancellation policies. Uses the unprotected GraphQL API - HTTP-only, low memory, fast"
Instagram Following Scraper,Louis Deconinck,https://apify.com/louisdeconinck/instagram-following-scraper?fpr=youssef,social-leads,263,5680,3.9,13,"Instantly scrape who any Instagram user follows - no login needed. Just drop a profile URL, get thousands of “Following” users in seconds. Perfect for growth hacking, competitor research, and lead gen. Fast, cheap, reliable. Built by a top 1% Apify dev"
Leads Scraper | 300M base | Like Apollo,Hundevmode Labs,https://apify.com/x_guru/Leads-Scraper-apollo-zoominfo?fpr=youssef,b2b-databases,259,12277,2.0,31,"Extract up to 100K leads per run with Emails, LinkedIn URLs, Phone Numbers & More! Similar to Apollo, ZoomInfo, Lusha. 300M+ Verified Database!. Powered by Dievio.com"
Facebook Marketplace [] Get newest items ASAP,Muhamed Didovic,https://apify.com/memo23/facebook-marketplace-scraper-ppe?fpr=youssef,social-leads,258,974,4.8,16,"scraper with no cookies or login - anti-bot handled and maintained so your pipeline doesn't die mid-contract. Keyword or URL search, price/condition/radius filters; cars include make, model, odometer & VIN. - a per-result price you can quote to clients"
WhatsApp Number Validator,Oussama Production,https://apify.com/devscrapper/whatsapp-number-validator?fpr=youssef,social-leads,255,2643,5,5,"Instantly verify if a phone number is active on WhatsApp. Fast, secure, and reliable validation service"
Contact Info Scraper: Pay Per Result,ВAH,https://apify.com/delicious_zebu/contact-info-scraper-pay-per-result?fpr=youssef,email-finders,252,935,4.1,25,"Extract emails, phone numbers, and social media links from any website. Supports 14 platforms including Facebook, Instagram, LinkedIn, Twitter/X, YouTube, TikTok, WhatsApp, and more. Powerful extraction, simple setup - just enter a URL and go"
Apollo People Leads Scraper,Coladeu,https://apify.com/coladeu/apollo-people-leads-scraper?fpr=youssef,b2b-databases,251,2520,,0,This API can scrape structured people data from Apollo.io. This scraper do NOT provide email addresses or telephone numbers. It does not require Apollo account cookies or authentication
Instagram User Scraper · Fast & Affordable,API Dojo,https://apify.com/apidojo/instagram-user-scraper?fpr=youssef,social-leads,251,2420,3.6,13,"Extract Instagram profiles, followers, following lists, and public emails by username, URL, or ID. Get bio, verification status, follower counts, contact info. 40 FREE profiles. Export to JSON/CSV, schedule via API, integrate with workflows"
Glassdoor Reviews & Jobs · No 200-Cap · AI Employer Intel,Muhamed Didovic,https://apify.com/memo23/glassdoor-scraper-ppr?fpr=youssef,jobs-hiring-signals,249,1535,4.6,11,"Glassdoor scraper that survives the anti-bot wall - no login, no 200-review cap: full reviews with sub-ratings, pros/cons, employer replies, plus jobs, salaries & interviews. New AI Employer Intelligence: complaint themes, attrition-risk signals & quick wins from real reviews"
"Instagram Comments, Replies and Subscribers Scraper (No Cookie)",Data Doping,https://apify.com/datadoping/instagram-comments-and-replies-scraper?fpr=youssef,social-leads,249,1237,2.9,7,This scraper will help you scrape comments without the need of cookie or your session id. It is able to scrape replies from all users (not just owner's reply). It is able to scrape subscribers if there badge is turned on. This is a paid scraper so scraping is limited for freemium users
Seek Job Scraper,Jacob,https://apify.com/websift/seek-job-scraper?fpr=youssef,jobs-hiring-signals,248,2142,4.8,9,"Effortlessly extract detailed job listings from all Seek sites! This powerful tool scrapes information based on your custom parameters, providing it in a clean, organized, and easily usable format. Perfect for lead generation, market research, or your job search"
Google Maps Reviews Scraper - Most Comprehensive,Kai,https://apify.com/kaix/google-maps-reviews-scraper?fpr=youssef,google-maps,248,1348,4.9,12,"~ most comprehensive Google Maps review scraper. Extract reviews with ratings, text, translations, photos, author details, owner responses, structured dining/hotel/attraction data, and 65+ place fields. Supports keyword filtering, sorting"
Google Ads Scraper,Lexis Solutions,https://apify.com/lexis-solutions/google-ads-scraper?fpr=youssef,other-lead-sources,243,2047,4.8,31,"Scrape any company's current & past Google ads - faster than any competitor with unique extra fields they don't have. Get ad copy, impressions, shown dates, media (images & videos), plus unique insights like full ad links, first shown date & audience targeting"
"Decision makers Email finder, Super cheap",Sniper Coder,https://apify.com/snipercoder/decision-maker-email-finder?fpr=youssef,email-finders,242,2156,3.9,12,"Input: Domain|Output: Name, Email, Title, Company, etc of Decision makers.| Perfect for Lead Generation, Email campaigns, Data Enrichment. Forget AnymailFinder, apollo.io, hunter.io, they are all to break the Bank"
Facebook Post Search Scraper,PowerAI,https://apify.com/powerai/facebook-post-search-scraper?fpr=youssef,social-leads,240,7714,5.0,5,"Extract Facebook posts by keyword with advanced filters, supporting auto-pagination and up to 5000 results per run. Ideal for social media research and content analysis"
Career Site Job Listing Feed,Fantastic.jobs,https://apify.com/fantastic-jobs/career-site-job-listing-feed?fpr=youssef,jobs-hiring-signals,237,1343,5.0,9,"The perfect Job Posting Feed for high-quality real jobs! Direct postings from over 175k company career sites across 54 ATS platforms like: Workday, Greenhouse, and Ashby. Enriched with AI and LinkedIn company data! Includes Lever, Rippling, SuccessFactors, iCIMS. Powered by Fantastic.jobs"
Post Reactions Scraper for LinkedIn,API Maestro,https://apify.com/apimaestro/linkedin-post-reactions?fpr=youssef,linkedin,232,2109,5.0,5,Scrape all reactions data for a given post
"WhatsApp Number Lookup - Profile, Leaks, Telegram, Bulk",Eduardo Airaudo,https://apify.com/eduair94/whatsapp-data-lookup?fpr=youssef,social-leads,232,1549,4.9,13,"Verify any WhatsApp number worldwide. Returns profile picture (real pics for normal users, not just businesses), about/status, business flag, Telegram cross-check, Google/TrueCaller intel, leak/breach data, and bulk verification. Covers gaps left by generic WA lookup actors"
Instagram Profile Scraper · Verified Emails · No Login,Data Slayer,https://apify.com/data-slayer/instagram-user-info-scraper-cookieless?fpr=youssef,email-finders,232,772,,0,"Scrape any public Instagram profile and get 200+ fields - business email, phone, website, bio links, location, follower counts, category, and more. NEW: Verified tier runs extracted emails through SMTP verification before you send. No subscriptions. ·"
20+ Million Business Leads With Emails (From Google Maps),Miso,https://apify.com/xmiso_scrapers/millions-us-businesses-leads-with-emails-from-google-maps?fpr=youssef,google-maps,229,2981,4.8,17,Don't have time to scrape google maps? Looking for affordable B2B data apollo.io alternative? Get recent leads from continuously updated database of businesses worldwide with emails and social links scraped for you. Current number of businesses with unique emails:23.000.000+ in 2000+ categories
Instagram Followers/Following Scraper (No cookies/login),CoderX,https://apify.com/coderx/instagram-followers-following-scraper-no-cookies-login?fpr=youssef,social-leads,226,2197,5.0,8,"Scrape followers and following lists from any public Instagram account - no login required. Get structured profile data for every user, with pagination support to extract thousands of accounts in one run"
Profile Search Scraper for LinkedIn + EMAIL (No Cookies),API Maestro,https://apify.com/apimaestro/linkedin-profile-search-scraper?fpr=youssef,email-finders,223,2550,4.9,4,"Find and extract detailed LinkedIn profile data by name, location, and job title. Get professional information, contact details, current positions, and more. Perfect for recruitment, sales prospecting, and lead generation. Clean, structured data ready for your business needs"
Quora Scraper | No Cookies,Fatih Tahta,https://apify.com/fatihtahta/quora-scraper?fpr=youssef,other-lead-sources,222,20371,5,3,"Extracts detailed data from Questions, Answers, Posts, and Profiles for any search query, filter combination, or direct URL on Quora. Ideal for in-depth market research, analyzing authentic public conversations and expert opinions"
Fast TikTok Scraper API | Influencer Data & Analytics API,API Dojo,https://apify.com/apidojo/tiktok-scraper-api?fpr=youssef,social-leads,221,1184,5.0,8,"TikTok Scraper API - fast TikTok data extraction for videos, profiles, hashtags, music, locations and search. 200 posts/sec, 98% success rate. 10-20 posts FREE, then. No login, proxies or API keys needed; JSON/CSV output for analytics"
Instagram Email Phone Scraper - No Cookies,DataFusionX,https://apify.com/devil_port369-owner/instagram-email-phone-scraper-pay-per-result?fpr=youssef,email-finders,207,1919,4.0,17,"Scrape Instagram email, phone number, bio, and business data from any public profile - no login or cookies needed. Includes optional real-time email verification for safe-to-send leads. Perfect for marketers, lead gen agencies, and analysts building - most reliable Instagram email & phone scraper"
"Clutch.co Scraper - Agencies, Reviews, Emails + AI Insights",Muhamed Didovic,https://apify.com/memo23/apify-clutch-cheerio?fpr=youssef,email-finders,207,864,4.6,11,"Clutch.co scraper for B2B lead gen: agency profiles with 30+ fields, reviews, hourly rates, employee counts, contact emails and buyer leads with budgets. AI pain-point analysis clusters client complaints into ranked themes., 97% success, no caps. JSON/CSV"
Facebook Posts Scraper,Scraper One,https://apify.com/scraper_one/facebook-posts-scraper?fpr=youssef,social-leads,206,1623,5.0,5,"Scrape Facebook posts from Facebook profiles, pages, groups etc. Retrieve post URLs, content, publication dates, author details, and engagement metrics. Ideal for Facebook monitoring solutions"
Instagram Related Users Scraper,The Netaji,https://apify.com/thenetaji/instagram-related-user-scraper?fpr=youssef,social-leads,205,1285,3.7,7,"Discover Instagram accounts similar to a seed profile, chain discovery up to 5 levels deep to map a whole niche, export the connection graph, and enrich every result with business email, phone, category and address for outreach-ready leads"
Pinterest Pin and Board Scraper,SilentFlow,https://apify.com/silentflow/pinterest-scraper-ppr?fpr=youssef,social-leads,204,1018,5,2,"Pay per result Pinterest scraper. Extract pins, boards, users and search results. Pay only for the data you get -. 30+ data fields including images, engagement metrics, SEO metadata and prices"
Scweet Twitter/X Scraper,JEB,https://apify.com/altimis/scweet?fpr=youssef,social-leads,202,2090,4.9,10,"Scrape X (Twitter) tweets and follower lists. Search by keywords, hashtags, users, dates. Export JSON/CSV/XLSX.. Free plan included"
Instagram Likes Scraper (No Cookie),Data Doping,https://apify.com/datadoping/instagram-likes-scraper?fpr=youssef,social-leads,201,2015,5,8,This scraper will help you scrape likes without the need of cookie or your session id. It is able to scrape around 1000 unique likers (max in the market). It also shows total likes of a post whose like count is hidden
Meta Ads Library Scraper,SolidCode,https://apify.com/solidcode/meta-ads-library-scraper?fpr=youssef,social-leads,201,991,5,2,"[ ] Extract ads from Meta's public Ad Library across Facebook, Instagram, Messenger, Audience Network, Threads, and WhatsApp. Search by keyword, advertiser page, or Ad Library URL. Returns ad copy, CTAs, advertiser details, dates, platforms, and audience estimates. No login required"
Tiktok User Profile API,Novi,https://apify.com/novi/tiktok-user-info-api?fpr=youssef,social-leads,199,3755,4.1,9,"Get infomation a TikTok profile/user with fast API. Gain access to TikTok user information with remarkable speed and efficiency through our high-performance API. Real-time, authentic data. No pre-built databases"
"Shopify Store Leads Scraper - Emails, Phones & Ratings",ClearPath,https://apify.com/clearpath/shopify-store-leads?fpr=youssef,email-finders,198,1532,4.4,4,"Scrape Shopify store leads by keyword or category. Extract emails, phone numbers, addresses, ratings, and social links. Find storeleads for B2B outreach, supplier discovery, and market research"
Yelp Reviews Scraper,Billy,https://apify.com/web_wanderer/yelp-reviews-scraper?fpr=youssef,directories,197,754,5,1,"Easily extract Yelp business reviews at scale. This Yelp Reviews Scraper collects ratings, review text, reviewer details, timestamps, photos, and business info. Export data in JSON, CSV, Excel, or via API"
"Threads Full Scraper - Posts, Profiles & Replies | No Login",Raven,https://apify.com/pro100chok/threads-scraper-usage?fpr=youssef,social-leads,195,715,4.9,5,"All-in-one Meta Threads.net scraper: search posts by keyword, extract user profiles with followers, and collect reply threads. Full engagement data, contact extraction, media URLs. 20 parallel workers, auto-retry, proxy rotation. No login"
Linkedin Posts Engagers (Likers and Commenters) No cookies,Scraping Solutions,https://apify.com/scraping_solutions/linkedin-posts-engagers-likers-and-commenters-no-cookies?fpr=youssef,linkedin,191,1262,5.0,2,"Extract Likers and Commenters from LinkedIn Posts - 100% Public Data, No Login or Cookies! Boost your LinkedIn engagement analysis with this powerful tool that scrapes likers and commenters from public LinkedIn posts without using cookies. Perfect for marketers, recruiters, analysts"
YouTube Channel Search Scraper,Maxime Dupré,https://apify.com/maximedupre/youtube-channel-search-scraper?fpr=youssef,social-leads,191,583,5.0,2,"Find public YouTube channels from keywords or reusable search URLs. Export channel identity, public metrics, profile details, and first-match discovery evidence"
Instagram Email & Phone Scraper,Andrew,https://apify.com/seemuapps/instagram-contact-scraper?fpr=youssef,email-finders,188,919,2.3,3,"Find emails and phone numbers for Instagram profiles. Reads the IG contact button, scans the bio, and follows link-in-bio tools (Linktree, Beacons, Stan, Bento, 40+ more)"
Instagram Related Profiles Scraper - Similar Accounts,Andrey Afanasenko,https://apify.com/afanasenko/instagram-related-profiles-scraper?fpr=youssef,social-leads,185,851,4,2,"Scrape Instagram accounts and profiles similar to any handle - competitor accounts, suggested accounts and niche discovery from Instagram's own Suggested for You. Expand 1-5 seeds into a whole niche, with emails, bio links, engagement rate and Reels views per profile. No login needed"
Google Maps Scraper - Most Comprehensive,Kai,https://apify.com/kaix/google-maps-places-scraper?fpr=youssef,google-maps,180,1161,5,2,"~ most comprehensive Google Maps scraper available. Extract 76+ fields per place including photos, review breakdowns, owner info, contacts, coordinates, and 30+ service options. Just type a keyword and location"
Meta | Facebook Ads Library Scraper,Azzouzana,https://apify.com/azzouzana/meta-facebook-instagram-ads-library?fpr=youssef,social-leads,180,480,5,7,"#1 Ultimate Meta | Instagram & Facebook Ad Library Scraper Fast. Get ad creatives, status & more from FB Pages, Instagram profiles or an Ad Library search URLs. Get deep audience demographics (age/gender), reach metrics & much more! High-velocity, enterprise-grade scraping"
Парсер объявлений Авито / Avito Scraper: телефоны и цены,Zen Studio,https://apify.com/zen-studio/avito-listings-scraper?fpr=youssef,other-lead-sources,179,1000,5,3,"Парсер объявлений Авито: телефоны продавцов в открытом виде, цены, характеристики, отзывы и координаты. 76 категорий: авто, недвижимость, вакансии, услуги, посуточная аренда и отели"
Google Jobs Scraper,Orgupdate,https://apify.com/orgupdate/google-jobs-scraper?fpr=youssef,jobs-hiring-signals,177,2765,4.6,2,"The latest and most advanced Google Job Scraper. Our Indeed, LinkedIn, and Google Jobs Scraper rolled into one. This scraper extracts real-time job postings at scale from any active Google Jobs search results from all over the world a research tool built for recruitment, insights, HR and Claude AI"
Facebook Pages Posts PPR,Jan Danecki,https://apify.com/danek/facebook-pages-posts-ppr?fpr=youssef,social-leads,176,1819,2.3,8,"Scrap Facebook pages posts fast and easy. It is designed to be fast and efficient, so it can extract a large number of results for low price. It is also less likely to be blocked by Facebook"
Profile Comments Scraper for LinkedIn [No Cookies],API Maestro,https://apify.com/apimaestro/linkedin-profile-comments?fpr=youssef,linkedin,176,1609,5.0,7,"Linkedin User comments scraper: Extract comments LinkedIn profiles and users including post content, reactions, stats, media attachments and more"
Instagram Highlights Scraper,Andrew,https://apify.com/seemuapps/instagram-highlights-scraper?fpr=youssef,social-leads,174,1285,,0,Fetch Instagram highlights and their stories for any public profile
Username Checker - OSINT Search Across 3000+ Sites (Maigret),daehwan kim,https://apify.com/ntriqpro/maigret-actor?fpr=youssef,enrichment-verification,174,1046,5.0,3,"Enter a username and see where that handle is registered across 3000+ social, forum, gaming, dating and developer platforms - with a direct profile URL for each hit. Powered by the open-source Maigret engine (MIT); rated 5.0 by users; JSON, CSV and Excel export plus REST API and scheduling"
"Facebook Group & Page Scraper - Posts, Comments & Reactions",Anas Nadeem,https://apify.com/whoareyouanas/facebook-group-scraper?fpr=youssef,social-leads,174,1020,5,4,"Scrape posts from public & private Facebook groups and page. Extract post text, author info, reactions, comments, shares, images, videos, and group metadata. Cookie auth for private groups. Clean JSON/CSV output. No API key needed"
Google Play Reviews Scraper API,The Wolves,https://apify.com/thewolves/google-play-reviews-scraper?fpr=youssef,other-lead-sources,173,1478,4.0,8,"Google Play Reviews Scraper stands as the most enhanced solution for extracting reviews directly from Google Play, offering unparalleled data retrieval efficiency, unbeatable pricing, and exceptional speed. It charges for 1000 reviews in lightning-speed"
ImmoScout24 ImmobilienScout24.de|.ch|.at + Price-Cut Archive,Muhamed Didovic,https://apify.com/memo23/immobilienscout24-scraper?fpr=youssef,other-lead-sources,167,680,5.0,10,"[] ImmobilienScout24.de/.at/.ch: search, expose detail and Makler profiles, 100+ fields. Every recorded price cut and days on market per listing, plus optional AI market analysis that scores each postcode for ROI, cashflow, payback and regulatory risk"
Telegram Scraper,Tri⟁angle,https://apify.com/tri_angle/telegram-scraper?fpr=youssef,social-leads,165,4534,2.8,17,Scrape profiles and messages in a couple of seconds
Free Google Search Results Scraper - SERP API by Country,SR,https://apify.com/s-r/free-google-search-results-serp---only-0-25-per-1-000-results?fpr=youssef,other-lead-sources,165,906,4.5,4,"Ultra-fast Google Search scraper with 1000 free results/month. Extract comprehensive SERP data including rank, title, snippet, URL, domain, favicon, and deeplinks. Ultrafast <1 sec per 1.000"
Linkedin Sales Navigator Scraper,Curious Coder,https://apify.com/curious_coder/linkedin-sales-navigator-search-scraper?fpr=youssef,linkedin,164,8675,4.4,38,"Scrape Linkedin sales navigator search results, lists, new results, profiles to extract social media urls, company website, positions"
Fast Instagram Profile Stats Checker,karamelo,https://apify.com/karamelo/fast-instagram-profile-stats-checker-free?fpr=youssef,social-leads,163,2177,5,3,Scrape Statistics for Instagram accounts profiles for followers count and followings and numbers of posts fast and clean data. Ideal for monitoring and data analysis of accounts changes
LinkedIn Company Employees Scraper,Hamza,https://apify.com/apt_marble/linkedin-company-employees-scraper?fpr=youssef,linkedin,163,1184,5,3,"Map the workforce of any LinkedIn company. Get a clean roster of names, titles, regions, and profile URLs - either through public Google discovery (no login) or via your LinkedIn session cookie for the complete current employee list"
Web Traffic Boots,Hung Dinh,https://apify.com/hung.ad4gate/web-traffic-boots?fpr=youssef,other-lead-sources,163,1110,5.0,2,Generate realistic web traffic for Google Analytics (GA) with sophisticated bot detection avoidance and human-like behavior simulation capabilities. traffic generator auto traffic generate website free traffic web traffic bot unlimited website traffic software organic traffic generator tool
Google Ads Scraper,Automation Lab,https://apify.com/automation-lab/google-ads-scraper?fpr=youssef,other-lead-sources,161,721,5,2,"Scrape Google Ads from the Ads Transparency Center for competitor monitoring. Search by advertiser name, domain, or ID. Get ad copy, headlines, media, formats, and shown dates. Export to JSON, CSV, Excel"
LinkedIn Profile Scraper NO COOKIES,Atomus APIs,https://apify.com/atomus/linkedin-profile-scraper?fpr=youssef,linkedin,161,656,5.0,3,"Scrape LinkedIn profiles into structured records: name, title, headline, summary, company, location, skills, education, and work history. Submit up to 5,000 URLs per run, each returns one record. Pay only for profiles found; not-found and errors are free. No account or cookies needed"
Shopee Scraper - All In One,Farhan Febrian Nauval,https://apify.com/xtracto/shopee-scraper?fpr=youssef,other-lead-sources,159,2548,4.1,10,"All-in-one Shopee scraper to extract product, search, category, and shop data across multiple countries. fast, lightweight, and no browser or account required"
TripAdvisor Reviews Scraper API,The Wolves,https://apify.com/thewolves/tripadvisor-reviews-scraper?fpr=youssef,directories,159,1268,5.0,9,"The Wolves proudly presents TripAdvisor Review Scraper, the perfect solution for TripAdvisor review extraction. Incredibly, it retrieves 100-200 reviews per second at an amazing cost-effective rate of. Get any data from TripAdvisor by targeting. Cheapest!!"
Fast TikTok Profile Scraper API,API Dojo,https://apify.com/apidojo/tiktok-profile-scraper-api?fpr=youssef,social-leads,159,789,5,7,"TikTok Profile Scraper API - extract complete creator profiles, follower stats, and post history at 200 posts/sec. (20 posts FREE) +. No login or proxies, ideal for influencer research, competitor tracking, talent scouting, and building TikTok creator databases at scale"
Zillow Agents Leads [Download over 1M of Agents],Muhamed Didovic,https://apify.com/memo23/zillow-agents-leads-scraper-ppe?fpr=youssef,email-finders,159,734,5,9,"The only Zillow agents scraper with its own 1,000,000+ agent database - instant, uncapped (beats the 250-per-search limit), 98% with a direct cell + email, plus brokerage, reviews & full sales history. Search any city, ZIP or state, or live-scrape a URL. Export CSV/JSON/Excel or pull via API"
"Idealista AI Market Intel · Bypass 1,500 · EMAILS",Muhamed Didovic,https://apify.com/memo23/idealista-scraper?fpr=youssef,email-finders,158,822,5.0,12,"Production Idealista scraper for Spain, Italy & Portugal - anti-bot handled, maintained daily, bypasses the hidden 1,500-result cap (+31% rows). 80+ fields, agent phones & emails, GPS. NEW AI Market Analysis: per-city short-let ADR, occupancy, rent & yield with cited sources. Fl"
"Facebook Page Posts & Comments Scraper [No Cookies, No Login]",Unseen User,https://apify.com/unseenuser/fb-posts?fpr=youssef,social-leads,158,424,5,4,"Scrape public Facebook page posts, profile posts, group posts, reels and comments - no cookies, no login. One row per comment or post: HD/SD video URLs, transcripts, reactions, author, reels metadata. 30+ fields. Fl, platform usage included"
Facebook Ads Scraper Pro,FlowExtract API,https://apify.com/dz_omar/facebook-ads-scraper-pro?fpr=youssef,social-leads,154,1473,4.9,20,"Ad Library data: creatives, targeting & metrics. Successful Ad scrapeds * cheaper & more complete"
Linkedin Sales Navigator Scraper,Linkedin Scrapers,https://apify.com/bestscrapers/linkedin-sales-navigator-scraper?fpr=youssef,linkedin,149,2835,3.4,30,A powerful tool designed to extract detailed lead information from a Sales Navigator URL - without the need for cookies or login
"Website Contact Finder - Emails, Phones & Socials for Leads",Automation Lab,https://apify.com/automation-lab/website-contact-finder?fpr=youssef,email-finders,149,1160,,0,"Turn company websites from Google Maps, directories, CRMs, or spreadsheets into outreach-ready contact signals. Extract public emails, phone numbers, social profiles, contact pages, and optional email verification in bulk"
eBay Scraper,Automation Lab,https://apify.com/automation-lab/ebay-scraper?fpr=youssef,other-lead-sources,149,886,5,1,"Scrape eBay listings for price monitoring: prices, shipping, condition, seller ratings, bids, sold counts, discounts, and images. Filter by condition, listing type, and price range"
Zillow Scraper (),Iñigo Garcia Olaizola,https://apify.com/igolaizola/zillow-scraper-ppe?fpr=youssef,other-lead-sources,148,739,5,9,"Zillow data extractor / API alternative. Scrape US listings at scale (buy, rent, sold) with rich fields and images. Use granular filters, sort, proxies. Export JSON/CSV to drive real-estate analytics, comps, market trends, and investor/agent leads"
Instagram Followers & Followings Scraper,The Netaji,https://apify.com/thenetaji/instagram-followers-followings-scraper?fpr=youssef,social-leads,146,1123,4.2,15,Scrape both followers and followings of Instagram users in a single run
"Deep Email, Phone, & Social Media Scraper Search",peterasorensen,https://apify.com/peterasorensen/snacci?fpr=youssef,email-finders,145,5054,4.9,33,"A powerful tool that searches emails, phone numbers, and social media profiles from any website. It intelligently navigates, prioritizing pages likely to have contact info - even deep in the site. Perfect for lead generation, market research, competitive analysis, and building contact databases"
Google Maps Places Extractor,Enckay Data,https://apify.com/enckay/google-maps-places-extractor?fpr=youssef,google-maps,144,1516,,0,"Extract Places and businesses from Google Maps. Scrap phone numbers, emails, website, business hours, address and gps, Google Place ID. Use filters to include or exclude irrelevant leads"
LinkedIn Company Employees Scraper & New Hire Monitor,Thirdwatch,https://apify.com/thirdwatch/linkedin-company-employees-scraper?fpr=youssef,linkedin,144,949,5,1,"Find public LinkedIn employee profiles by company, title, and location. Choose low-cost basic discovery or full public-profile enrichment, and monitor confirmed new employees without cookies or a LinkedIn login"
"Instagram Profile Scraper - email, phone, socials",Goldmine,https://apify.com/logical_scrapers/instagram-profile-scraper?fpr=youssef,email-finders,143,2122,5,3,"Scrape detailed Instagram user profile information including contact details, social links, and business information"
Shopify & WooCommerce Leads Database | 60M+ Websites,Apivault Labs,https://apify.com/apivault_labs/website-leads-database?fpr=youssef,b2b-databases,141,322,5,1,"Find Shopify, WooCommerce, Wix, WordPress and other business websites with emails, phones, technology and company data. Filter 60M+ records by platform, country and business signals, then export to CSV, Excel, JSON, API or MCP"
"Leads Finder - [like apollo, linkedIn",Olympus,https://apify.com/olympus/b2b-leads-finder?fpr=youssef,linkedin,140,4158,4.5,80,WORKS PERFECTLY NOW Work & Personal Emails Phone | Extract leads with just a search URL
Google Maps Scraper,Boztek LTD,https://apify.com/boztek-ltd/google-maps-scraper?fpr=youssef,google-maps,140,2901,4.4,11,"Extract data from thousands of Google Maps locations and businesses, including reviews, reviewer details, images, contact info, including full name, email, opening hours, prices & more. Export data, run via API, schedule and monitor runs, or integrate with other tools"
Instagram Profile Scraper,Instagram Scraper,https://apify.com/instagram-scraper/instagram-profile-scraper?fpr=youssef,social-leads,140,754,,0,"Scrape Instagram profile data and profile statistics from public Instagram pages with an Apify Actor. This actor focuses on profiles (not posts) and returns a clean dataset with the essentials (identity, stats, and account flags), plus optional previews like latest_posts, etc"
LinkedIn Posts Scraper NO COOKIES,Atomus APIs,https://apify.com/atomus/linkedin-posts-scraper-pro?fpr=youssef,linkedin,140,581,5,3,"Scrape every post from any LinkedIn profile or company page: post text, media, reactions, comments, shares, reposts, author details, and mentions. No LinkedIn account or cookies needed. Auto-pagination handles full feeds, with batch scraping across many profiles in one run"
Telegram Get Phone Info,akula.marketing,https://apify.com/akula.marketing/Telegram-Get-Phone-Info?fpr=youssef,social-leads,139,2702,4.9,4,"Look up Telegram accounts by phone number. Get username, profile photo, premium status, and account details for lead verification and OSINT"
Mobile.de Scraper (PPR),3x1t,https://apify.com/3x1t/mobile-de-scraper-ppr?fpr=youssef,other-lead-sources,138,779,4,1,"Effortlessly scrape car data from Germany's largest vehicle marketplace, Mobile.de. Get access to millions of entries of cars, motorbikes, etc. across Europe. Fast, cheap & reliable. PPR version for smaller use cases"
Welcome to the Jungle Scraper - WTTJ Jobs Fast Export,ClearPath,https://apify.com/clearpath/welcome-to-the-jungle-jobs-api?fpr=youssef,france-francophonie,138,623,,0,"Extract job listings from Welcome to the Jungle (WTTJ) with filters for location, salary, remote work, contract type, experience level, and industry. Get full job details including company info, application URLs, required skills, and benefits. Export to JSON, CSV, or Excel"
Healthcare Google Maps Scraper,Mukesh Kumar,https://apify.com/mukeshrana90/healthcare-google-maps-scraper?fpr=youssef,google-maps,138,279,5,1,"Scrape healthcare clinics from Google Maps with emails, phone, social media, insurance, doctor count, verified NPI numbers (US), review sentiment, online booking, and clinic type. 35+ fields per result, CRM-ready output"
Linkedin Phone Scraper | Instant Phones (No Cookies),Hundevmode Labs,https://apify.com/x_guru/linkedin-phone-Scraper-no-cookies?fpr=youssef,linkedin,137,1078,4,1,Find phones by LinkedIn URLs instantly! Search 300M+ database for work & personal phones. No cookies | Powered by Dievio.com
PhoneInfoga - Phone Number OSINT Scanner,DataCach,https://apify.com/datacach/phoneinfoga-phone-number-osint-scanner?fpr=youssef,email-finders,136,2308,,0,"Reverse phone lookup powered by PhoneInfoga. Detects carrier, country, line type and OSINT footprints for any international number. Integrates Numverify, Google Search and OVH. Free to start"
Facebook Page Search Scraper,PowerAI,https://apify.com/powerai/facebook-page-search-scraper?fpr=youssef,social-leads,136,1158,2,1,"Extract Facebook pages by keyword with location filtering, supporting auto-pagination and up to 5000 results per run. Ideal for brand research and competitor analysis"
"Twitter/X Scraper: Tweets, Profiles & Search",Automation Lab,https://apify.com/automation-lab/twitter-scraper?fpr=youssef,social-leads,135,1305,5,3,"Twitter scraper and X scraper for profiles, tweets, timelines, search, followers, and following. Profiles/timelines work without login; search supports advanced syntax"
Facebook Post Scraper,Pratik Dani,https://apify.com/pratikdani/facebook-post-scraper?fpr=youssef,social-leads,135,876,4.9,3,"The Facebook Post Scraper Actor is a powerful tool designed to extract detailed information from Facebook posts using valid Facebook Post URLs. It provides comprehensive data about posts, including user information, engagement metrics, media attachments, and more"
Reddit Posts Search Scraper,VulnV,https://apify.com/vulnv/reddit-posts-search-scraper?fpr=youssef,social-leads,134,946,5,2,"Search and scrape Reddit posts by keyword. Extract detailed post data, comments, scores, timestamps, and metadata for research and analysis"
Store Leads (14M E-Commerce Leads),Monster Leads,https://apify.com/ecommerce_leads/store-leads-14m-e-commerce-leads?fpr=youssef,email-finders,133,979,5.0,2,"Store leads for Shopify,Woocommerce,Magento,Squarespace,Ecwid,BigCommerce,Opencart,Webflow,PrestaShop and Demandware with phones,emails,apps,location,social networks,categories and technologies"
YouTube Channel Email Scraper,LurkAPI,https://apify.com/lurkapi/youtube-channel-email-scraper?fpr=youssef,email-finders,133,717,5,3,"Extract business emails, contact info, and social media links from YouTube channel About pages. Supports @handles, channel URLs, and channel IDs"
"Similarweb Scraper - Traffic, AI Traffic & WHOIS",VortexData,https://apify.com/vortex_data/similarweb-scraper?fpr=youssef,enrichment-verification,131,448,5,2,"Spy on any website in seconds: traffic, rankings, top keywords, AI traffic share (ChatGPT/Claude/Gemini), competitors, similar sites & WHOIS - all from Similarweb. No login or API key. Bulk parallel scrape, captcha-resilient. Export to JSON/CSV/Excel. SEO, lead gen, research"
Fast Website Content Crawler,David,https://apify.com/6sigmag/fast-website-content-crawler?fpr=youssef,other-lead-sources,129,4527,4.9,7,"A high-performance web scraper that rapidly extracts and analyzes content from multiple websites simultaneously. Perfect for competitive research, content aggregation, and website structure analysis"
"Email OSINT & Verifier - Finder, Account Lookup, 18+ Sites",SR,https://apify.com/s-r/apifyosintemail?fpr=youssef,email-finders,129,2743,4.3,3,"Investigate email addresses with OSINT intelligence. Validates format, detects accounts across 18+ platforms (GitHub, Twitter, Microsoft, LinkedIn, etc.), checks data breach history, and provides A-F risk scoring. Supports batch lookups with concurrency control"
Companies Search Scraper for LinkedIn | No Cookies,API Maestro,https://apify.com/apimaestro/linkedin-companies-search-scraper?fpr=youssef,linkedin,129,2017,5.0,6,"Scrape LinkedIn companies using keywords without login and get structured data including company profiles, industries, locations, and follower count"
Facebook Pages & Profile Scraper,Premium Scraper,https://apify.com/premiumscraper/facebook-pages-profile-scraper?fpr=youssef,social-leads,129,496,5.0,1,"Scrape any Facebook Page or Profile - extract name, bio, followers, page likes, category, website, address, business hours, profile picture, cover photo, education, work history & all meta tags. No account needed. Pay per result. Facebook Pages & Profile Scraper"
Facebook Profile & Posts Scraper | No Login | Bulk,Apivault Labs,https://apify.com/apivault_labs/facebook-profile-scraper?fpr=youssef,social-leads,129,474,4.2,3,"Scrape public Facebook profiles, pages and recent posts in bulk. Extract contacts, audience and engagement data or discover pages by keyword - no login, cookies or API key"
Instagram Hashtag Posts & Reels Scraper · No Login,Data Slayer,https://apify.com/data-slayer/instagram-hashtag-posts-reels-scraper-no-login?fpr=youssef,social-leads,129,395,,0,"Scrape Instagram posts and Reels by hashtag with 145 fields per result - no login. Get likes, comments, shares, views, captions, video URLs, audio metadata, and creator profiles. Optionally enrich creators with emails and phones. SocialScraper PRO alternative. JSON/CSV/Excel"
X.com Twitter API Scraper,xtdata,https://apify.com/xtdata/twitter-x-scraper?fpr=youssef,social-leads,128,3026,3.5,7,"Scrape Twitter (X) data efficiently with this powerful Apify Actor. Real-time, authentic data. No pre-built databases. Extract tweets, user profiles, and more using keywords, hashtags, URLs, and advanced search filters. Fast, reliable, and cost-effective. #TwitterScraper"
"Taobao Tmall 淘宝 Product Scraper - Prices, SKUs, Reviews",Zen Studio,https://apify.com/zen-studio/taobao-search-scraper?fpr=youssef,other-lead-sources,128,581,4.7,3,"Extract Taobao (淘宝) and Tmall (天猫) prices, SKUs, reviews, shop data, images, and attributes by keyword. Supports Chinese searches like 女装, 口红, 手机壳; exports JSON, CSV, and Excel"
Decision makers from company domains - verified email or phone,Pequod,https://apify.com/pequod-labs/company-decision-maker-finder?fpr=youssef,email-finders,128,237,5,3,"Turn company domains into named decision makers - CEO, founder, VP - with SMTP-verified named-DM or generic-inbox email, phones and LinkedIn. B2B database + AI research. +; plan discounts to 20%, 50% off beyond 250 contacts/run. No API keys"
Website Email & Phone Finder,Caprolok,https://apify.com/caprolok/website-email-phone-finder?fpr=youssef,email-finders,127,2298,4.2,3,"Accelerate your outreach by using our Contact Details Scraper to quickly gather emails from any domain, enhancing your marketing strategies and expanding your sales network"
Website Email Scraper - All Contacts,The Netaji,https://apify.com/thenetaji/website-email-scraper?fpr=youssef,email-finders,127,1692,4.4,4,"The Actor crawls a website and returns one evidence-rich record per URL supplied: emails, phone numbers, social profiles, and addresses, each with a confidence score, source page, and detection method. Emails are format-checked and flagged when their domain matches the site's own"
Job Details Scraper for LinkedIn (No Cookies),API Maestro,https://apify.com/apimaestro/linkedin-job-detail?fpr=youssef,linkedin,126,1700,5,4,"Extract comprehensive LinkedIn job details including full description, company information, salary insights, and application statistics. Get detailed data from any LinkedIn job ID"
Linkedin Profile Search By Services No Cookies,HarvestAPI,https://apify.com/harvestapi/linkedin-profile-search-by-services?fpr=youssef,linkedin,124,1767,4.5,13,"Search for LinkedIn profiles by keywords of services and extract detailed profile information, including work experience, education history, location and more. No cookies or account required"
TikTok Profile Posts Scraper,Scraping Solutions,https://apify.com/scraping_solutions/tiktok-profile-scraper-posts?fpr=youssef,social-leads,124,554,5,1,"Extract data from TikTok profiles and videos they post. Get TikTok profile data, URLs, numbers of shares, followers, comments, hearts, video and music metadata. Export scraped data, run the scraper via API, schedule and monitor runs or integrate with other tools"
Advanced Linkedin Job Scraper,Curious Coder,https://apify.com/curious_coder/linkedin-jobs-search-scraper?fpr=youssef,linkedin,123,4360,5.0,11,Scrape linkedin job postings and get company and recruiter details. Supports boolean search and other advanced search filters. Success rate is > 98%
Naukrigulf Job Scraper - Gulf Job Board,Black Falcon Data,https://apify.com/blackfalcondata/naukrigulf-scraper?fpr=youssef,jobs-hiring-signals,123,551,5.0,2,"Scrape naukrigulf.com - 13 markets across the Gulf and wider MENA, from UAE and Saudi Arabia to Egypt and Lebanon. Title, company, location and full description on every listing; salary and recruiter contacts where published. Incremental runs return only what changed"
2gis Places Scraper,Mikhail Mamaev,https://apify.com/m_mamaev/2gis-places-scraper?fpr=youssef,google-maps,121,1243,4.8,13,"Извлекайте данные из тысяч мест и предприятий на 2ГИС, включая номера телефонов, соцсети, сайты. отзывы, фотографии и многое другое. Экспортируйте данные, запускайте через API, планируйте и отслеживайте запуски или интегрируйте с другими инструментами"
Instagram Profile Scraper API,CoderX,https://apify.com/coderx/instagram-profile-scraper-api?fpr=youssef,social-leads,120,3317,5.0,12,"Instagram Profile Insights Scraper is a fast and lightweight tool for extracting rich public data from Instagram usernames. It retrieves profile details and the latest posts, making it easy to analyze accounts at scale for research, marketing, or competitive insights"
LinkedIn All-in-One Scraper No cookies,ScrapeForge,https://apify.com/scrapeforge/linkedin-all-in-one?fpr=youssef,linkedin,120,328,4.8,4,"Search LinkedIn posts by keywords, scrape profile posts, company posts, and get post details - all in one actor. Powered by real-time data, no cookies required"
LinkedIn Company Profile Scraper,Pratik Dani,https://apify.com/pratikdani/linkedin-company-profile-scraper?fpr=youssef,linkedin,119,1900,1,1,"This LinkedIn company extractor program enables you to gather comprehensive information on multiple companies in bulk. It provides details such as company name, address, phone numbers, website, employee count, and more"
"Yandex Maps Scraper | Парсер Яндекс Карт: Leads, Reviews & API",Zen Studio,https://apify.com/zen-studio/yandex-maps-scraper?fpr=youssef,google-maps,119,917,3.6,6,"Unofficial Yandex Maps API. Scrape business data, phone numbers, emails, reviews, photos, and posts from Russia, Turkey, and CIS. Export 63+ fields to Excel, JSON, or CSV. No browser needed - fast, unlimited, and pay-per-result. Includes AI review summaries and full menu prices"
Facebook Page Search Scraper · No Cookies,Data Slayer,https://apify.com/data-slayer/facebook-search-pages?fpr=youssef,social-leads,117,426,,0,"Search and discover Facebook pages by keyword without login. Get page names, URLs, Facebook IDs, verification status, and profile images. Build prospect lists and competitor databases from Facebook search results. No cookies, no authentication. JSON/CSV/Excel export"
Product Hunt Scraper,Maxime Dupré,https://apify.com/maximedupre/product-hunt-scraper?fpr=youssef,other-lead-sources,116,744,4.6,4,"Collect Product Hunt launches from daily and past leaderboards, category or topic pages, and supported URLs. Export ranks, engagement, teams, media, and optional extra data"
TikTok Profile Posts - Bulk Video Scraper [NO LOGIN],Unseen User,https://apify.com/unseenuser/TikTok-posts?fpr=youssef,social-leads,115,245,5.0,5,"Scrape every public TikTok video from any profile - captions, views, likes, no-watermark MP4 URLs, ad flags, TikTok Shop links, cross-platform creator IDs. Optional per-video transcripts (AI fallback). Also scrape public TikTok collections/playlists by URL. Clean, flat, analysis-ready output"
Instagram Scraper,Automation Lab,https://apify.com/automation-lab/instagram-scraper?fpr=youssef,social-leads,114,1062,4.8,3,"Scrape public Instagram profiles, posts, comments, reels, and hashtags. Public routes are tried first; supply an Instagram session cookie for login-gated workflows. Export as JSON, CSV, or Excel"
Linkedin Profile Posts Scraper (No Cookie),Data Doping,https://apify.com/datadoping/linkedin-profile-posts-scraper?fpr=youssef,linkedin,114,743,5,2,"For, scrape LinkedIn posts of a profile and extract full content, engagement stats, and author details using their profile URL. Note: If you're on free tier you can only scrape 4 profile and 100 posts per profile per run (12 profiles in total)"
Upwork Job Extractor,Flash Mage,https://apify.com/flash_mage/upwork?fpr=youssef,jobs-hiring-signals,113,1349,4.9,11,"upwork job extractor | 0.001 | fast, cheap, cost-effective, reliable, up-to-date, and highly stable data scraping service, optimized for long-term use with the fastest crawling speeds, low container usage, and pricing to boost your upwork job scraper performance!"
LinkedIn Posts Scraper - Keyword & Hashtag [NO COOKIES],Unseen User,https://apify.com/unseenuser/LinkedIn-Post-Seach-Scraper?fpr=youssef,linkedin,113,470,5.0,5,"Search LinkedIn's public post graph by keyword, hashtag, or author. Extract content, engagement metrics, reaction breakdowns, author profile data, and timestamps. No login, no cookies. Built for social listening, B2B competitive intelligence, and thought-leader research"
Linkedin Email Scraper | Instant Emails (No Cookies),Hundevmode Labs,https://apify.com/x_guru/linkedin-email-Scraper-no-cookies?fpr=youssef,email-finders,112,1319,4.1,4,Find emails by LinkedIn URLs instantly! Search 300M+ database for work & personal emails. No cookies | Powered by Dievio.com
Google Maps No-Website Leads Scraper - Prospects by Radius,Black Falcon Data,https://apify.com/blackfalcondata/google-maps-no-website-leads-scraper?fpr=youssef,google-maps,112,789,5,2,"Find local businesses with NO website on Google Maps (google.com/maps) - name · category · address · phone · rating · reviews & a 0-100 lead score. Every lead ships a phone; those with only a Facebook or Instagram page ship that link too. Pay per result, no code"
Substack Scraper,Automation Lab,https://apify.com/automation-lab/substack-scraper?fpr=youssef,other-lead-sources,112,452,,0,"Scrape Substack newsletters - posts, comments, publication metadata. Full archive depth with no caps. Export to JSON, CSV, Excel, or connect via API"
Google Maps Scraper,Poidata,https://apify.com/poidata/google-maps-scraper?fpr=youssef,google-maps,111,2857,4.3,13,"Maps Scraper & API. Extract businesses by keyword, category, location, coordinates, radius or polygon. Get addresses, phones, websites, ratings, reviews, opening hours, categories, coordinates & more. Export to JSON, CSV or Excel or automate via API"
Google Jobs Scraper API - Pay Per Result,John,https://apify.com/johnvc/google-jobs-scraper---pay-per-result?fpr=youssef,jobs-hiring-signals,111,390,5.0,2,"The most advanced Google Jobs Scraper available! Built with enterprise-grade flexibility, lightning-fast performance, and comprehensive customization options. Extract detailed job data, application links, company information, and full job descriptions. Unlimited usage, no monthly rental fees"
Etsy Scraper,Automation Lab,https://apify.com/automation-lab/etsy-scraper?fpr=youssef,other-lead-sources,108,918,5.0,2,"Scrape Etsy listings for handmade and vintage marketplace price monitoring. Extract names, prices, shops, ratings, images, and availability from search results"
X (Twitter) Followers Scraper,API ninja,https://apify.com/api-ninja/x-twitter-followers-scraper?fpr=youssef,social-leads,108,880,4.0,18,"Scrape X(Twitter) followers, following, affiliates, list members, list followers, and community members. Get structured Twitter user data (handles, bios, follower counts, verification, and more)"
TikTok User Scraper,API Dojo,https://apify.com/apidojo/tiktok-user-scraper?fpr=youssef,social-leads,107,1663,5,9,"Scrape TikTok users at 425/sec with 98% success - no proxy needed. Extract usernames, bios, followers, verification, engagement & account stats. Supports username/URL input. Export JSON/CSV with API integration. Ideal for influencer research, lead gen & brand partnerships"
Instagram Scraper Followers Following,Scraping Solutions,https://apify.com/scraping_solutions/instagram-scraper-followers-following?fpr=youssef,social-leads,107,599,5,1,"Download an Instagram account’s followers or following. Input a username or a list of usernames (array). The actor auto-paginates, adds safe delays to reduce blocks, and returns clean JSON/CSV with id, username, full name, profile link, and privacy flags - ideal for research and growth"
Leads Finder Apollo Leads Generator,Olympus,https://apify.com/olympus/leads-finder-apollo-leads-generator?fpr=youssef,b2b-databases,106,456,4.8,22,"Affordable ways to generate leads with emails and phone numbers like platforms similar to apollo, linkedin, zoominfo"
"JobStreet Scraper - MY, SG, ID & PH Job Listings",Black Falcon Data,https://apify.com/blackfalcondata/jobstreet-scraper?fpr=youssef,jobs-hiring-signals,106,392,5.0,2,"Scrape JobStreet Malaysia, Singapore, Indonesia & the Philippines (SEEK platform). Salary, full descriptions, company intelligence (logo, reviews, perks), and optional applicant-demand signals to find low-competition roles. Incremental mode emits only new and changed listings"
Goofish Scraper 闲鱼 Xianyu (Idlefish) - Listings + Sellers,Zen Studio,https://apify.com/zen-studio/goofish-xianyu-search-scraper?fpr=youssef,other-lead-sources,105,528,1,1,"Extract Goofish 闲鱼 (Xianyu/Idlefish) listings by keyword. 150+ output fields per result: price, Zhima credit, specs, images, shipping, category labels, service guarantees, C2C posting metadata, and seller profile details. Up to 1,500 results per keyword. Chinese or English search terms. JSON output"
Contact Enrichment Bulk Email & Phone Finder Any Field,Lead King,https://apify.com/lead_king/contact-enrichment?fpr=youssef,email-finders,105,154,,0,"Enrich any list by matching on the fields you ALREADY have - name + company, email, phone, address or LinkedIn. Get verified mobile numbers work & personal emails. Pay only for contacts found. Apollo, ZoomInfo, Lusha, Clay & Seamless alternative"
Youtube Email Bulk Scraper,exporter24,https://apify.com/exporter24/youtube-email-bulk-scraper?fpr=youssef,email-finders,104,1001,5,3,Extract the email address of given youtube channel from public data
Linkedin Profile Scraper,Crawler Bros,https://apify.com/crawlerbros/linkedin-profile-scraper?fpr=youssef,linkedin,103,1452,3.0,11,"Scrape LinkedIn public profiles without login. Get name, headline, experience, education, followers, and recent articles"
Apollo Companies Leads Scraper,Coladeu,https://apify.com/coladeu/apollo-organizations-scraper?fpr=youssef,b2b-databases,103,1175,1,1,"This API can scrape structured companies data from Apollo.io, including emails and phone numbers. It does not require Apollo account cookies or authentication"
Find Mobile Phones of Decision Makers,Parvenu,https://apify.com/parvenu/mobile-phone-enrichment?fpr=youssef,b2b-databases,103,693,5.0,3,Find mobile phones for decision makers for
LoopNet US + UK + Realla [] Commercial Property Scraper,Muhamed Didovic,https://apify.com/memo23/loopnet-scraper-ppe?fpr=youssef,other-lead-sources,103,439,5,13,"scrape commercial property from LoopNet (US) AND LoopNet UK / Realla (UK) in one actor - the only Apify scraper bundling both. Lease & sale listings across all US states + every UK city. Rich rows: address, geo, sqft, asking rent/price, broker, EPC"
"Instagram Profile Scraper - Fast Bulk, 99% Success Rate",Unseen User,https://apify.com/unseenuser/igscraping?fpr=youssef,social-leads,102,1336,5,5,"Fast bulk Instagram profile scraper. Extract profile metadata, posts, reels, follower/following counts, bio, contact info, and engagement metrics - at scale. No Instagram account, no login, no cookies. Built for influencer platforms and brand monitoring"
Twitter Profile Ppr,Jan Danecki,https://apify.com/danek/twitter-profile-ppr?fpr=youssef,social-leads,102,616,5.0,2,"Scrap Twitter profiles fast and easy. It is designed to be fast and efficient, so it can extract a large number of profiles for low price"
"Person Data Enrichment - Email, Phone & LinkedIn",Ryan Clinton,https://apify.com/ryanclinton/person-enrichment-lookup?fpr=youssef,email-finders,102,566,,0,"Enriches persons from People Data Labs - cheaper than Clay, Apollo, or ZoomInfo. Name + company → verified work email, job title, seniority, phone, LinkedIn, and location. Pay-per-event:. No subscription"
Tiktok Followers / Following Scraper,Scraping Solutions,https://apify.com/scraping_solutions/tiktok-followers-following-scraper?fpr=youssef,social-leads,101,581,5,2,"Scrape TikTok followers or following for multiple usernames in one run. Perfect for lead generation, audience research, competitor analysis, and influencer discovery. Fast, clean, and export-ready with structured data and unique profiles"
Immobiliare.it []| Search | Detail Pages | Agencies,Muhamed Didovic,https://apify.com/memo23/immobiliare-scraper?fpr=youssef,other-lead-sources,98,410,5,9,"Scraper Immobiliare.it: incolla un URL di ricerca, annuncio o agenzia e ottieni dati strutturati. Prezzo con metriche del mutuo, superficie, locali, bagni, piano, classe energetica, spese, foto, coordinate GPS, macrozona e microzona, contatti agenzia. Export JSON, CSV o Excel"
LinkedIn Company Data & Insights Scraper [NO COOKIE],RICEMAN,https://apify.com/riceman/linkedin-company-data-insights-scraper?fpr=youssef,linkedin,97,863,5.0,2,"Scrape comprehensive LinkedIn company data & business insights without your LinkedIn account. Extract basic company data, headcount growth, job openings, hiring patterns & employee analytics. Automatic retries, pay-per-use"
LinkedIn To Email,Anchor,https://apify.com/anchor/linkedin-to-email?fpr=youssef,email-finders,96,1115,5.0,3,LinkedIn to Email turns LinkedIn URLs into an email at scale. LinkedIn2email is the best and cheapest tool for any task related to LinkedIn outreach. Relies on fresh data you need to keep a good reputation score
LinkedIn Jobs Scraper - Multiple Titles & Locations in One!,LNTB,https://apify.com/lntb/linkedin-jobs-scraper---multiple-titles-locations-in-one?fpr=youssef,linkedin,96,980,4.0,10,"This LinkedIn Job Scraper allows you to extract job listings across multiple job titles and locations: Key Features: Input multiple job titles (e.g. ""Software Engineer"", ""Data Analyst"") Input multiple locations (e.g. ""London"", ""New York"", ""Berlin"") Filters by work type: On-site, Remote, Hybrid"
Dice Jobs Scraper,Umesh Patidar,https://apify.com/worldunboxer/dice-jobs-scraper?fpr=youssef,jobs-hiring-signals,96,690,4.4,2,"Boost your job search with our Dice Job Scraper! Easily extract job listings, company details, salaries, and full job descriptions from Dice.com. Automate job scraping with high accuracy and efficiency. Perfect for recruiters, analysts, and job seekers. Get real-time job data instantly!"
Linkedin Company Details Scraper (No Cookie),Data Doping,https://apify.com/datadoping/linkedin-company-scraper?fpr=youssef,linkedin,95,458,5,1,"For, scrape LinkedIn company profiles and get complete business information, including funding details, employee count, and verification status, using their identifier, URL, or URN"
"Website Contact Scraper - Email, Phone & Social",Logiover,https://apify.com/logiover/website-contact-scraper?fpr=youssef,email-finders,94,1036,,0,"Bulk email and contact extractor for any website. Scrape emails, phones and social links with no API and export leads to CSV or JSON"
Ultimate TikTok Scraper (no-limit),Novi,https://apify.com/novi/tiktok-scraper-ultimate?fpr=youssef,social-leads,94,729,5,3,"Scrape TikTok profiles, videos, and hashtags to extract key data. Use search queries or direct URLs to gather post details, shares, hearts, followers, music data, and user info"
Instagram Followers / Following Scraper (No cookies),Dead,https://apify.com/dead00/instagram-followers-following-scraper-no-cookies?fpr=youssef,social-leads,94,236,1,1,"Scrape followers or following lists from any public Instagram profile. Input usernames, set a limit, get clean structured data. No cookies, no login, no setup"
Kleinanzeigen.de | Scraper (Richest output)[PPE],Muhamed Didovic,https://apify.com/memo23/kleinanzeigen-search-scraper-ppe?fpr=youssef,other-lead-sources,93,255,5,2,"extract detailed listings from Kleinanzeigen.de, saving you time by automating data collection for property, product, and service ads. It helps in market analysis, competitor research, and lead generation, providing accurate and timely insights from Germany's platforms"
Instagram Profiles Scraper PPR,Jan Danecki,https://apify.com/danek/instagram-profiles-scraper-ppr?fpr=youssef,social-leads,92,3084,4.4,3,Scrap all necessary data from Instagram Profile in no-time. No need for a Instagram account
"Domain Contact Scraper - Email, Phone & Social Extractor",Emiliano Mastragostino,https://apify.com/emastra/website-contact-scraper?fpr=youssef,email-finders,92,1007,5,1,"Extract public emails, phone numbers, WhatsApp numbers, and social profiles from websites. Priority-first crawling returns one clean, consolidated result per submitted URL, with status and crawl diagnostics for automation"
Expedia.com & Hotel.com [] Reviews/Ratings/Sentiment A,Muhamed Didovic,https://apify.com/memo23/expedia-scraper?fpr=youssef,other-lead-sources,91,334,5,8,"[] Expedia + Hotels.com + Things-To-Do activities - only scraper covering all 3 brands. Deeplink auto-resolution, date filter, 10+ regional TLDs, bare property IDs. 25+ fields: sentiment, traveled-with, manager responses, category ratings. JSON or CSV. Pure HTTP"
Reddit Comment Scraper - Export Comments & Replies (),Harsh Maur,https://apify.com/harshmaur/reddit-comments-scraper?fpr=youssef,social-leads,91,201,5.0,5,"Scrape Reddit comments without the API - every comment and nested reply from any post URL, 'load more comments' expanded automatically. Export to CSV, Excel, or JSON for sentiment analysis, AI training data, or research. No login, no rate limits"
Email Verifier | Enterprise Grade,Fatih Tahta,https://apify.com/fatihtahta/email-verifier-validator-pro?fpr=youssef,email-finders,90,1005,4.1,3,"Advanced email verification with live handshakes and catch-all detection by using validatedmails.com API. Validates SMTP, DNS/MX, and deliverability; returns rich detailed reasoning. Use to clean lists, cut bounces, protect sender reputation"
"Email Finder by Name and Domain, Super Cheap",Sniper Coder,https://apify.com/snipercoder/email-finder-by-name-and-domain?fpr=youssef,email-finders,90,662,5,3,"Input: Name and Domain. Output: Email. Quickly find verified email addresses with 97%+ Accuracy. Perfect for Lead Generation, Email campaigns, Data Enrichment. Forget AnymailFinder, apollo.io, hunter.io, they are all to break the Bank"
LinkedIn Post Comment & Reaction Extractor [NO COOKIES],Unseen User,https://apify.com/unseenuser/linkedin-post-comment-reaction-extractor-no-cookies?fpr=youssef,linkedin,90,576,5,6,"Extract every commenter and reactor on any public LinkedIn post - profiles, comment text, reaction types, timestamps. The highest-signal lead source on LinkedIn: engaged commenters are 5-10x warmer than cold search results. No login, no cookies. Built for B2B sales teams"
"Shopify Store Analyzer | Revenue, Traffic & Apps",Apivault Labs,https://apify.com/apivault_labs/shopify-store-analyzer?fpr=youssef,other-lead-sources,90,308,5,2,"Analyze or discover Shopify stores for competitor research and lead generation. Get revenue and traffic estimates, products, best sellers, apps, contacts, ads, store health, opportunities and change tracking. -15 per 1,000 results by Apify plan"
Sherlock Username OSINT - Find Accounts Across 400+ Sites,daehwan kim,https://apify.com/ntriqpro/sherlock-username-osint?fpr=youssef,enrichment-verification,90,300,5,1,"Check 400+ social networks for a username - including Instagram, TikTok, GitHub, Reddit, X, Steam and Twitch - and get a confirmed profile URL for each hit. Powered by the open-source Sherlock project (MIT). Bulk usernames, JSON/CSV/Excel export, no API keys, no setup"
"Facebook Profile Scraper (No Login, Bulk)",Unseen User,https://apify.com/unseenuser/fb-profile?fpr=youssef,social-leads,90,221,5,3,"Bulk-enrich public Facebook profiles and scrape recent posts by date: name, bio, followers, likes, ID, pictures, links. No login, no cookies. JSON/CSV/Excel"
Leads Scraper Emails like Apollo,Mando,https://apify.com/amr-mando/lead-finder?fpr=youssef,email-finders,89,2624,3.7,37,"Emails & Linkedin & Description and way more... Like Apollo, Zoominfo, Lusha, Crunchbase"
LinkedIn People Search Scraper,PowerAI,https://apify.com/powerai/linkedin-peoples-search-scraper?fpr=youssef,linkedin,88,3942,1,6,"Extract professional profiles from LinkedIn with detailed metadata including names, titles, companies, and direct URLs. Perfect for talent acquisition, competitor analysis, and business development"
Instagram Followers Scraper,Louis Deconinck,https://apify.com/louisdeconinck/instagram-followers-scraper?fpr=youssef,social-leads,88,2144,3.0,5,"Instantly scrape all followers from any Instagram account, no login needed. Just drop a profile handle, get thousands of followers in seconds. Perfect for growth hacking, competitor research, and lead gen. Fast, cheap, reliable. Built by a top 1% Apify dev"
Wellfound Jobs Scraper - Fast & cheap,ClearPath,https://apify.com/clearpath/wellfound-api-ppe?fpr=youssef,jobs-hiring-signals,88,912,,0,"Extract startup job listings from Wellfound (formerly AngelList) as structured JSON, CSV, or Excel. Get job titles, salaries, equity, company details, and full descriptions. Filter by role, location, or company. Monitor mode with Telegram alerts tracks new postings automatically. Pay per result"
Email to LinkedIn Finder | Reverse Lookup,Mawsool Intertaional FZCO,https://apify.com/oday/mawsool-email-linkedin-lookup?fpr=youssef,email-finders,88,122,3.7,4,"Reverse email ? LinkedIn. Exact matches only. More reliable pool, auto-retry, paid-plan discounts. Export CSV/JSON. Pay per email"
LinkedIn Company Finder - Company Page URL From Any Domain,SR,https://apify.com/s-r/free-linkedin-company-finder---linkedin-address-from-any-site?fpr=youssef,linkedin,87,1137,5,1,"Find LinkedIn company pages for any domain name. This powerful actor searches and extracts LinkedIn company URLs for domains, supporting international LinkedIn subdomains and bulk processing. Perfect for sales teams, recruiters, and data enrichment"
Instagram Media Downloader - Bulk Download Media 2026,red,https://apify.com/instaprism/instagram-media-downloader?fpr=youssef,social-leads,86,2383,4.1,7,"No login required. Download Instagram images and videos in bulk. Get high-resolution media from posts, reels, stories. Save to Apify storage. Export direct URLs"
Yandex Maps Places Scraper,Mikhail Mamaev,https://apify.com/m_mamaev/yandex-maps-places-scraper?fpr=youssef,google-maps,86,1448,3.6,11,"Extract structured data from thousands of Yandex Maps locations and businesses, including phone numbers, emails, websites, reviews, images, addresses, coordinates, ratings, categories, opening hours & more"
Contact Info Scraper,ВAH,https://apify.com/delicious_zebu/contact-info-scraper?fpr=youssef,email-finders,86,770,5,29,"Extract emails, phone numbers, and social media links from any website. Supports 14 platforms including Facebook, Instagram, LinkedIn, Twitter/X, YouTube, TikTok, WhatsApp, and more. Powerful extraction, simple setup - just enter a URL and go"
"All-in-One Review Scraper: G2, Capterra & Trustpilot",Zen Studio,https://apify.com/zen-studio/software-review-scraper?fpr=youssef,directories,86,415,4,1,"Scrape reviews from G2, Capterra, TrustRadius, Gartner, and Trustpilot in one run. Just type a product name or domain. Get unified ratings, pros/cons, reviewer details, dates, and platform-specific sub-ratings. Filter by star rating and sort order. Export as JSON, CSV, or Excel"
LinkedIn User Comments & Reactions Scraper [NO COOKIES],Unseen User,https://apify.com/unseenuser/LinkedIn-user-comments-reactions?fpr=youssef,linkedin,85,833,5,6,"See exactly what any LinkedIn user has commented on or reacted to recently - their full engagement history. Surface what topics they care about and which thought leaders they follow. No login, no cookies. Built for personalized B2B outreach and ABM teams"
"Company Leads Scraper similar to Apollo, LinkedIn",Peaky Dev,https://apify.com/peakydev/company-organization-scraper-apollo-linkedin?fpr=youssef,linkedin,83,831,4.9,28,"WE ARE BACK --- Extract company leads using a wide range of filters including industry, revenue, employee size similar to Apollo, linkedin, zoominfo"
LinkedIn Profile Scraper,Automation Lab,https://apify.com/automation-lab/linkedin-profile-scraper?fpr=youssef,linkedin,83,553,,0,"Extract LinkedIn profile data at scale - name, headline, location, about, work experience, education, follower count, and profile image. No login required. Pure HTTP with residential proxy"
Google Maps Scraper,API ninja,https://apify.com/api-ninja/google-maps-scraper?fpr=youssef,google-maps,82,635,4.9,14,"Extract comprehensive business data from Google Maps, including ratings, emails, social media profiles, photos, and operational details. Perfect for market research and lead generation"
LinkedIn Ad Library Scraper,Gen First,https://apify.com/ivanvs/linkedin-ad-library-scraper?fpr=youssef,linkedin,82,401,3.6,3,"Extract details about ads from LinkedIn Ad Library. Scrape ad details like when it was run, ad targeting, advertiser and content of ad. Download ad data in JSON, XML, Excel format"
StepStone.de Scraper - Germany's Leading Job Board,NanoScrape,https://apify.com/santamaria-automations/stepstone-de-scraper?fpr=youssef,jobs-hiring-signals,80,356,5,1,"Extract jobs from StepStone.de, Germany's largest job portal. Get job titles, companies, locations, descriptions, salary info & contact details. Supports search filters (location, Bundesland, employment type, experience level). Optional LLM extraction for requirements & benefits"
"Instagram Following Scraper - Instant, No-Login Required",DataVoyantLab,https://apify.com/datavoyantlab/instagram-following-scraper?fpr=youssef,social-leads,79,1587,,0,"Instantly extract any Instagram user's following list - no login required. Drop profile URL, get thousands of followers with usernames, full names, profile pics, verification status in seconds. Perfect for growth hacking, competitor research, lead generation. Faster, cheaper, more reliable"
"Website Email Scraper - Emails, Phones & Socials",Data Runner,https://apify.com/jurassic_jove/website-email-extractor?fpr=youssef,email-finders,79,714,,0,"Pull emails, phones, and social links from any website. Auto-follows Linktree and bio pages - no manual digging"
Leboncoin.fr Scraper | Fast & Reliable,Fatih Tahta,https://apify.com/fatihtahta/leboncoin-fr-scraper?fpr=youssef,france-francophonie,79,616,3.6,8,"Extract clean, structured data from France’s top classifieds site Leboncoin.fr. Get listings for real estate, cars, jobs, and more with rich outputs including pricing, location, seller details and more. Ideal for market research, lead gen or price tracking"
Realtor.com [] [Download All Agents] [No 3K Limit],Muhamed Didovic,https://apify.com/memo23/realtor-search-cheerio?fpr=youssef,email-finders,79,598,5,15,"Effortlessly scrape real estate data from Realtor.com, including property listings AND agent profiles. Extract property details like prices, amenities, locations, and photos, plus agent information such as contact details, reviews, specializations, and performance metrics"
Hiring.Cafe [] Search by URLs or Filters/Keywords,Muhamed Didovic,https://apify.com/memo23/apify-hiring-cafe-scraper?fpr=youssef,jobs-hiring-signals,79,549,5,13,"including job titles, descriptions, requirements, company information, compensation details, and location data. Users get fields like job ID, application URL, education requirements, employment type, company size, and geolocation coordinates for market analysis"
TikTok Ads Library Scraper - EU Library & Creative Center,Yuliia Kulakova,https://apify.com/brilliant_gum/tiktok-ads-library-scraper?fpr=youssef,social-leads,79,461,,0,"Scrape TikTok Ads Library (EU/EEA/UK) and Creative Center (global). Extract ad creatives, targeting data, reach estimates, CTR, video URLs, and industry insights. Dual-source coverage - no login required. Residential proxies built-in"
mobile.de [] Fast Scraper · Finance · Dealer GPS,Black Falcon Data,https://apify.com/blackfalcondata/mobile-de-scraper?fpr=youssef,other-lead-sources,79,236,5,1,"Scrape mobile.de - Germany's largest car marketplace (1.4M+ listings). Get full specs, market price ratings and dealer phone & GPS; filter by make/model or zip radius and track new, price-changed and delisted cars across runs. JSON/CSV export"
Easy Bulk Email Validator - Verify Emails,Miso,https://apify.com/xmiso_scrapers/easy-bulk-email-validator---verify-emails-from-1-7-1000-rows?fpr=youssef,email-finders,78,1373,3.0,14,"Super easy real time email validator using MillionVerifier api. Check if your emails scraped from apollo.io or google maps are worth your email campaign efforts. No need to overpay posh services like NeverBounce, Zerobounce or Clearout"
Crunchbase Scraper - Unlimited Data No API Pricing 100% Success,David Bhatt,https://apify.com/davidsharadbhatt/crunchbase-company-scraper?fpr=youssef,b2b-databases,78,1044,4.8,15,"Extract unlimited Crunchbase data without expensive API pricing. Get funding rounds, investors, revenue, employees & contact info. 130+ fields.. No rate limits. 100% success rate. Alternative to Tracxn, Apollo.io, ZoomInfo, Linkedin and Google Maps"
TikTok Ads Library FAST,Data Xplorer,https://apify.com/data_xplorer/tiktok-ads-library-fast?fpr=youssef,social-leads,78,411,5,1,"Unlock TikTok's ad intelligence with our powerful scraper. Extract competitor campaigns, creative assets and performance metrics. Search by keyword, advertiser name or ID across all regions. Get comprehensive ad data for market-leading insights"
Twitter/X Search Scraper · No Cookies,Data Slayer,https://apify.com/data-slayer/twitter-search?fpr=youssef,social-leads,77,465,5,1,"Search Twitter/X and extract tweets matching any keyword, hashtag, or mention without login. Get full tweet text, likes, retweets, views, bookmarks, user profiles, media URLs, and conversation threads. No cookies, no API key. JSON/CSV/Excel export"
LinkedIn Company Employees Scraper With Decision Makers,George Kioko,https://apify.com/george.the.developer/linkedin-company-employees-scraper?fpr=youssef,linkedin,76,2012,1,1,"Scrape all employees of any LinkedIn company with names, job titles, locations and profile URLs, plus decision maker flags, seniority bands and departments. You pay only for rows tied to the company you asked for. Free monitoring tracks new hires, departures and title changes. No login, no cookies"
"Bulk Decision makers Email finder, cheap",Sniper Coder,https://apify.com/snipercoder/bulk-decision-makers-email-finder?fpr=youssef,email-finders,76,974,1.6,5,"Input: Domain|Output: Name, Email, Title, Company, etc of Decision makers In Bulk.| Perfect for Lead Generation, Email campaigns, and Data Enrichment. Forget AnymailFinder, apollo.io, hunter.io, they are all to break the Bank"
TikTok User Profile Scraper,xtdata,https://apify.com/xtdata/tiktok-user-information-scraper?fpr=youssef,social-leads,75,3141,5,4,"TikTok Profile Scraper: Extract profile data by username, user ID, or URL. Real-time, authentic data. No pre-built databases. Perfect for market research and influencer analysis. Scrape TikTok profiles easily. No proxy, no limit"
Facebook Pages Scraper,Sam,https://apify.com/cleansyntax/facebook-pages-scraper?fpr=youssef,social-leads,75,1509,4.8,7,"Facebook Pages Scraper extracts comprehensive details from Facebook Pages. It gathers valuable info - such as page_names, addresses, emails, phone numbers, etc - making it ideal for building high-quality leads and fueling your marketing or sales strategies"
Linkedin Sales Navigator Scraper,FreshData,https://apify.com/freshdata/linkedin-sales-navigator-scraper?fpr=youssef,linkedin,75,1246,3.0,4,A powerful tool designed to extract detailed leads information from a sales navigator URL - without the need for cookies or login
300K+ Amazon Sellers Email Leads,Miso,https://apify.com/xmiso_scrapers/eu-amazon-sellers-email-leads?fpr=youssef,email-finders,75,1023,4.8,19,"Database of scraped sellers from Amazon marketplaces with emails, phone numbers and other valuable data"
ImportYeti Scraper - US Import Records & Supplier Data,Zen Studio,https://apify.com/zen-studio/importyeti-scraper?fpr=youssef,email-finders,75,482,5.0,2,"Extract supplier profiles, shipment records, and trade data from ImportYeti. Search by company, product, or address. 60+ fields per result: HS codes, shipping lanes, carriers, bills of lading, trading partners, and contact info. No login required"
X Follower Scraper | Pay-Per-Result,Xquik,https://apify.com/xquik/x-follower-scraper?fpr=youssef,social-leads,75,415,5,4,"Scrape X (Twitter) followers, following, list members, subscribers, and community members for on every Apify plan. Filter before billing. Compare audiences. Apify bills platform usage separately. No X login. Built by Xquik. Not affiliated with X Corp"
Facebook Ads Library Scraper: Meta Ad Spy Tool,Walid,https://apify.com/dltik/facebook-ads-scraper?fpr=youssef,social-leads,75,348,5,1,"Scrape Facebook & Instagram ads from Meta Ad Library by keyword, page or URL. Get ad copy, creatives, carousel cards, CTA links, EU spend, impressions, age/gender audience reach and running-days per ad. Filter by country, language, status. For ad spy, dropshipping, agencies"
LinkedIn Profile & Company Posts Scraper (Engagers & Comments),Scraping Solutions,https://apify.com/scraping_solutions/linkedin-profile-company-posts-scraper-engagers-comments?fpr=youssef,linkedin,75,249,5,1,"Scrape LinkedIn posts from profiles and companies, and extract engagers, reposts, and comments. Supports post URLs, runs in parallel, and delivers clean structured data for lead generation, analytics, and automation"
LinkedIn People Profile Scraper,Pratik Dani,https://apify.com/pratikdani/linkedin-people-profile-scraper?fpr=youssef,linkedin,74,1813,3.0,5,"Retrieve LinkedIn profile URLs and extract comprehensive profile details. This includes basic information, employment history, skills, company information, biography, location, and more"
Fast App Store Reviews Scraper API | iOS Reviews & Ratings,Agents,https://apify.com/theagents/appstore-reviews?fpr=youssef,other-lead-sources,74,790,3.5,13,"Lightning-fast App Store review scraper that fetches up to 200 reviews per second across multiple countries. Extract valuable user feedback via App IDs or URLs, with custom mapping options. Affordable. Perfect for developers, marketers, and researchers"
German Imprint Scraper & Leads Finder (Google Search),Winning Solutions,https://apify.com/winningsolutions/german-imprint-scraper?fpr=youssef,email-finders,74,316,5,4,"AI-powered Apify Actor that scrapes Impressum pages on German websites and extracts decision-makers (Geschäftsführer, Vorstand), validated B2B emails, company addresses, VAT IDs, and Handelsregister numbers. Structured JSON output for B2B lead generation, sales prospecting, and CRM enrichment"
LinkedIn Jobs Scraper,Chronometrica,https://apify.com/chronometrica/linkedin-jobs-scraper?fpr=youssef,linkedin,74,300,5,1,"Scrape LinkedIn job listings by keyword, location, search URL, or job ID. Save clean unique job rows by default, skip duplicates across overlapping searches and URLs, and extract companies, posted dates, full descriptions, salary signals, criteria, applicant text, Easy Apply status, and job URLs"
Etsy Keyword Research + Reverse Keyword Tool,Yakugusa Yumitori,https://apify.com/yumitori/etsy-keyword-tool?fpr=youssef,other-lead-sources,74,212,,0,"Find the Etsy keywords actually worth chasing. Every term is scored on real demand (live carts, recent sales), competition and buyer intent, measured from Etsy instead of estimated. Reverse-keyword a competitor's listing or a whole shop to see the searches Etsy ties to them"
Businesses Without Websites Leads Scraper (Google Maps),Miso,https://apify.com/xmiso_scrapers/businesses-without-websites-leads-scraper-google-maps?fpr=youssef,google-maps,70,1601,5.0,10,"Get unique leads of various businesses which don't seem to have their own website yet. Offer them web related services, SEO, design etc. This is list of potential candidates, not guaranteed for 100% accuracy"
it Scraper | Italy Real Estate API,Azzouzana,https://apify.com/azzouzana/immobiliare-it-listing-page-scraper-by-search-url?fpr=youssef,other-lead-sources,70,669,5.0,10,"#1 Molto semplice! Inserisci il link alla pagina di ricerca e ottieni i risultati! Estrai rapidamente le informazioni dettagliate sugli immobili (titolo, descrizione, foto, valutazioni energetiche, prezzo, contatti, trasporti e altro) a basso costo, con esportazione in JSON, CSV, HTML, EXCEL"
Uber Eats Scraper [PPR],borderline,https://apify.com/borderline/uber-eats-scraper-ppr?fpr=youssef,b2b-databases,70,620,5,3,"Pay per result - Fast and cost-effective Uber Eats Scraper requiring just a search query and location or using stores urls. Instantly retrieve comprehensive restaurant data, including names, phone, ratings, locations, and menus. Seamlessly integrates, offering a highly efficient data solution"
Leboncoin Scraper (API) Pro - Annonces & Prix,ClearPath,https://apify.com/clearpath/leboncoin-api?fpr=youssef,france-francophonie,70,494,5.0,6,"Leboncoin.fr Scraper API: Extract classified ads with prices, locations, seller info, and photos. Filter by category, price range, and area. For market research, price monitoring, and competitive analysis across France"
TikTok Follower Count & YouTube Subscriber Scraper Tracker,Kevin Savani,https://apify.com/k1ra/social-media-followers-scraper?fpr=youssef,social-leads,70,206,4.7,6,"Social media profile scraper - follower counts, subscriber counts & post counts in bulk from Instagram, TikTok, YouTube, Twitter/X, LinkedIn, Facebook, Threads & Reddit. Use as a follower growth tracker, YouTube subscriber counter, Instagram API alternative. No login, no cookies. Monitor competitors"
Google Maps Scraper,NanoScrape,https://apify.com/santamaria-automations/google-maps-scraper?fpr=youssef,google-maps,69,853,5.0,3,"Scrape Google Maps for: 30+ fields, reviews, photos, hours, GPS. Enrich every result with 20+ optional add-ons: emails, phones, socials, LinkedIn, SSL, tech stack, SEO, AI contacts, jobs & icebreakers. All merged into ONE row per business. No dataset joins. MCP-ready for AI agents"
"Zillow Property Scraper - Agent Data, Zestimate, Price History",Andrey Afanasenko,https://apify.com/afanasenko/zillow-property-agent-data-scraper?fpr=youssef,email-finders,69,728,4.9,4,"Scrape Zillow property listings and agent contacts - emails, phones, price history, Zestimate and 70+ fields. This Zillow scraper filters for FSBO, foreclosures, multi family and sold comps, by ZIP code, ZPID or any Zillow URL, across homes for sale, rent and sold. Export to CSV, JSON or Excel"
Website Email Scraper,Maxime Dupré,https://apify.com/maximedupre/website-emails-scraper?fpr=youssef,email-finders,68,1185,4.6,3,"Find public contact email addresses from the website URLs you submit. Get one unique, normalized email per dataset row with the source and seed URLs attached"
Google Maps Scraper,SolidCode,https://apify.com/solidcode/google-maps-scraper-2-5-per-1-000-results?fpr=youssef,google-maps,68,1155,4.8,10,"[ ] Scrape Google Maps search results at scale. Extract business names, addresses, phone numbers, websites, ratings, reviews count, opening hours, photos, popular times, and 30+ data points for any search query and location worldwide"
LinkedIn Job Details Scraper,FalconScrape,https://apify.com/piotrv1001/linkedin-job-details-scraper?fpr=youssef,linkedin,68,703,,0,"The LinkedIn Job Details Scraper extracts job data from LinkedIn job detail URLs, capturing job titles, company names, logos, locations, posting times, descriptions, number of applicants, job criteria, similar jobs, and related job listings - ideal for recruitment insights and job market analysis"
Instagram Hashtag Scraper,CoderX,https://apify.com/coderx/instagram-hashtag-scraper?fpr=youssef,social-leads,68,677,4.0,4,"This scraper extracts users from Instagram based on a hashtag. Just enter a hashtag and set the number of usernames you need. It collects user details like usernames, IDs, and captions, making it perfect for social media analysis and research"
"AutoScout24 Scraper [] - 930K Cars, 9 Countries",Black Falcon Data,https://apify.com/blackfalcondata/autoscout24-scraper?fpr=youssef,france-francophonie,68,245,5,2,"platform usage included. Scrape autoscout24.com - Europe's largest used-car market: Germany · Austria · Italy · Spain · France · Belgium · Netherlands · Luxembourg, plus Switzerland via autoscout24.ch. 930K+ listings with full specs and dealer contacts"
Sales Navigator Search Scraper No Cookies,Pratik Dani,https://apify.com/pratikdani/sales-navigator-search-scraper-no-cookies?fpr=youssef,linkedin,66,939,,0,"This tool efficiently scrapes contact and company data from Sales Navigator search results without needing cookies. It extracts individual and company details, and sales intelligence, enabling users to build prospect lists, personalize outreach, and gain market insights"
"Website Lead Intelligence - Find the Right Person, Verified",Ryan Clinton,https://apify.com/ryanclinton/website-contact-scraper?fpr=youssef,email-finders,66,829,4.4,3,"Turn company websites into ready-to-email decision-makers. Verified emails, named contacts ranked by seniority, buying-committee classification, A/B/C decision tiers, and optional scheduled monitoring + CRM auto-push to HubSpot/Salesforce"
Craigslist Scraper,SolidCode,https://apify.com/solidcode/craigslist-scraper?fpr=youssef,jobs-hiring-signals,66,386,,0,"[ ] Extract Craigslist listings across cars, housing, jobs, electronics, furniture, services, gigs, and events. Filter by keyword, price, condition, or sort - or paste URLs directly. Each row includes title, price, location, description, images, post ID, and category-specific attributes"
"Telegram Scraper - Group, Channel Member Scraper",bhansalisoft,https://apify.com/bhansalisoft/telegram-group-member-scraper?fpr=youssef,social-leads,65,3068,5,2,"Telegram scraper for extracting available members from groups and channels. Get User IDs, usernames, names and access hashes with no Telegram login required. Scrape Telegram group and channel members with a Telegram Member Scraper"
Instagram Location Scraper (Pay Per Result),API Dojo,https://apify.com/apidojo/instagram-location-scraper?fpr=youssef,social-leads,65,1907,5,10,"Instagram Location Scraper, your premier solution for harvesting data from locations on Instagram. It offers remarkable value at, with the capability to scrape between 100-200 posts per second!"
Instagram Followers Scraper - No‑Login Follower Data API,DataVoyantLab,https://apify.com/datavoyantlab/instagram-followers-scraper?fpr=youssef,social-leads,65,1872,2.9,4,"Scrape public Instagram followers in seconds. no login, pay‑per‑use, CSV/JSON output. Ideal for marketing, research, and automation"
Instagram Hashtag Scraper Pro No cookies,Scraping Solutions,https://apify.com/scraping_solutions/instagram-hashtag-scraper-pro-no-cookies?fpr=youssef,social-leads,65,980,5,5,"Instagram Hashtag Scraper API: Automatically extract public Instagram posts by hashtag. Perfect for trend analysis, campaign monitoring, and real-time content collection"
"Linkedin Email Finder, Super Cheap",Sniper Coder,https://apify.com/snipercoder/linkedin-email-finder?fpr=youssef,email-finders,65,855,4.5,5,"Input: linkedin|Output: Name, Email, Title, Company, etc.| Perfect for Email campaigns, Data Enrichment, Linkedin/Linkedin sales nav Leads. Forget Instantly.ai, apollo.io, and hunter.io, they are all to break the Bank"
LinkedIn Company Posts Scraper - No Cookies,Data Doping,https://apify.com/datadoping/linkedin-company-posts-scraper?fpr=youssef,linkedin,65,379,2.9,3,"For, scrape LinkedIn posts of a company and extract full content, engagement stats, and author details using their profile URL. Note: If you're on free tier you can only scrape 4 companies and 100 posts per company per run (12 companies in total)"
Email Address Validator,API ninja,https://apify.com/api-ninja/email-address-validator?fpr=youssef,email-finders,65,307,5.0,4,"Validate email lists with a two-step verification pipeline: regex structure check followed by internal 2-step validation. Perfect for CRM cleanup, lead qualification, and campaign hygiene"
LinkedIn Profile Scraper No Login Required,VulnV,https://apify.com/vulnv/linkedin-profile-scraper?fpr=youssef,linkedin,64,1164,2.1,4,"Extract comprehensive data from public LinkedIn user profiles including work experience, education, skills, connections, and activity. Bulk processing supported. No LinkedIn authentication needed - just provide profile URLs and get structured JSON data"
Skool Classroom Media/Video · Posts · Nested Comments,Muhamed Didovic,https://apify.com/memo23/skool-posts-with-comments-scraper?fpr=youssef,other-lead-sources,64,1074,4.9,23,"Skool.com posts + nested comments + classroom courses + media files. Date filter for new-content delta runs, storage dedup across runs (no double-billing), tab selector for community/classroom, configurable comment depth. The most thorough Skool content extractor. JSON or CSV"
Email Pattern Finder - Discover Company Email Formats,Ryan Clinton,https://apify.com/ryanclinton/email-pattern-finder?fpr=youssef,email-finders,64,693,1,1,"Detect the email naming convention any company uses (first.last, flast, first_last, etc.) from public sources - website, GitHub, WHOIS, and Hunter.io. Generate verified email addresses for any person. Bulk domain processing"
Instagram Keyword Posts Urls Scraper,SaSkY,https://apify.com/sasky/instagram-keyword-posts-urls-scraper?fpr=youssef,social-leads,64,559,4.2,4,Scrapes Instagram posts URLs related to a given keyword
"Threads Scraper - Threads, Post & Profile",The Netaji,https://apify.com/thenetaji/threads-scraper?fpr=youssef,social-leads,64,459,4.5,5,"Paste Threads profile and post links together and export profile records or individual posts with their authors, media and public replies. No Threads login or account needed"
Reddit Scraper,mick_,https://apify.com/labrat011/reddit-scraper?fpr=youssef,social-leads,64,339,5.0,3,"Scrape Reddit posts, comments, search results, and user profiles. No API keys or browser needed. Supports 4 modes: subreddit posts (hot/new/top/rising), Reddit search, user profiles, and full comment trees. Fast, lightweight HTTP-based scraping with built-in rate limiting and retry logic"
Craigslist with Optional Emails [] Search | Details,Muhamed Didovic,https://apify.com/memo23/craigslist-scraper?fpr=youssef,email-finders,64,290,5,5,"No limits, no quotas, unlimited extraction. Get attributes like bedrooms, square footage, prices, or compensation. Captures descriptions, high-res images, embedded map coordinates (Lat/Lon), phone numbers, and directly extracts EMAILS! Outputs directly to JSON/CSV"
Yelp Reviews Scraper,API ninja,https://apify.com/api-ninja/yelp-reviews-scraper?fpr=youssef,directories,64,188,5.0,3,"Scrape Yelp customer reviews from business URLs or IDs with sorting, rating filters, pagination, and resilient API retries"
LinkedIn Company Scraper (No Login) Bulk,Sourabh Kumar,https://apify.com/sourabhbgp/linkedin-company-scraper?fpr=youssef,linkedin,64,183,,0,"Bulk LinkedIn company scraper for B2B lead enrichment and CRM hydration. Returns 30 fields per company: employees, all office locations, followers, recent posts with reactions, similar companies and live open-job count. Company names accepted, not just URLs. No login"
Advanced Search TikTok API (free-watermark videos),Novi,https://apify.com/novi/advanced-search-tiktok-api?fpr=youssef,social-leads,63,23859,1.2,2,"TikTok Search Scraper - Explore, discover, and analyze TikTok content with ease. Gain valuable insights and optimize your marketing efforts. Provides no-watermark download link"
BAYUT [] | Search & Detail(s) & Agent(s) & Company(s),Muhamed Didovic,https://apify.com/memo23/apify-bayut-scraper?fpr=youssef,other-lead-sources,63,394,5,6,"get comprehensive Bayut property data including pricing, specs (rooms, area, furnishing), location details, agent/agency info, verification status, high-res photos, and multilingual descriptions. Ideal for market analysis, lead generation, and property research"
Linkedin Employees Scraper,Caprolok,https://apify.com/caprolok/linkedin-employees-scraper?fpr=youssef,linkedin,62,4111,1.0,23,"Effortlessly gather LinkedIn URLs and names of employees in bulk. Ideal for HR and recruitment, this tool quickly provides essential contact information, simplifying talent search and networking opportunities"
Crunchbase Companies Scraper,Pratik Dani,https://apify.com/pratikdani/crunchbase-companies-scraper?fpr=youssef,b2b-databases,62,1107,1.5,4,"The Crunchbase Companies Overview Actor is a powerful tool that extracts comprehensive company information from Crunchbase URLs. It provides detailed insights about companies including their basic information, financial data, social presence, web traffic statistics, and technological stack"
Etsy Reviews,datawizards,https://apify.com/hello.datawizards/etsy-reviews?fpr=youssef,other-lead-sources,62,450,5,2,Quickly extract detailed customer reviews from Etsy product listings. Perfect for Etsy sellers and analysts!
LinkedIn Ad Library Scraper [NO COOKIES],Unseen User,https://apify.com/unseenuser/LinkedIn-ads?fpr=youssef,linkedin,62,169,5,4,"Extract every ad your competitors run on LinkedIn - creatives, headlines, CTAs, body copy, carousels, video, targeting and run dates. 34 fields per ad. Search by brand or keyword, or paste an Ad Library URL. No login, no cookies. For B2B marketers and growth agencies"
LinkedIn Groups Scraper - Members & Posts [NO COOKIES],Unseen User,https://apify.com/unseenuser/LinkedIn-Groups-Scraper?fpr=youssef,linkedin,61,239,5.0,4,"Extract members, posts, and discussions from any public LinkedIn Group. Identify niche professional communities and build hyper-targeted lead lists by group affiliation. No login, no cookies, no Chrome extension. Bulk-process multiple groups. Built for B2B marketers and recruiters"
TikTok Profile Scraper (Pay Per Result),Yevhenii Molodtsov,https://apify.com/xmolodtsov/tiktok-profile-scraper?fpr=youssef,social-leads,61,110,5,1,"Scrape TikTok profiles by username at a fraction of the usual pay-per-result price: followers, bio, links, verified badge, TikTok Shop seller data, latest posts. Drop-in input/output compatible with popular TikTok profile scrapers. No proxies needed. Guaranteed row per handle, 1000/run"
Instahyre Jobs Scraper - India Tech Jobs & Hiring Monitor,Muhamed Didovic,https://apify.com/memo23/instahyre-jobs-scraper?fpr=youssef,jobs-hiring-signals,61,81,5,1,"Search and monitor India tech jobs on Instahyre - title, skills, city, apply URL and the full hiring-company profile (headcount, founded year, tagline) on every row. Track only-new postings, filter by skill, city, company or size, and add employer emails. JSON, CSV or Excel"
"LinkedIn Jobs Scraper by URL - Listings, Salaries (No Login)",Web Data Labs,https://apify.com/cryptosignals/linkedin-jobs-scraper?fpr=youssef,linkedin,60,761,5.0,3,"Scrape LinkedIn job listings by search URL - extract job title, company, salary, location, skills and apply links. No login, no API key, no rate limits. Bypass anti-bot detection. CSV/JSON output. Pay per result. Proxycurl alternative for job board scraping and recruiter lead generation"
"Meta Ad Library Scraper - Facebook Ads, Days Running & Changes",WebDataLabs,https://apify.com/webdatalabs/meta-ad-library-scraper?fpr=youssef,social-leads,60,641,5,1,"Scrape Meta Ad Library by keyword and get what other scrapers skip: exact days each ad has been running, AFINN sentiment on the copy, advertiser Page likes, per-carousel-card creatives, and a new-vs-changed flag across scheduled runs. Facebook, Instagram, Messenger, Threads. 249 countries"
Eventbrite Event Scraper,ParseForge,https://apify.com/parseforge/eventbrite-scraper?fpr=youssef,other-lead-sources,60,354,5,2,"Scrapes Eventbrite events by direct URL or search filters. Returns each event as a flat row with title, date, venue, price, and optional organizer details"
Twitter/X Profile Scraper · No Cookies,Data Slayer,https://apify.com/data-slayer/twitter-user?fpr=youssef,social-leads,60,222,,0,"Extract detailed Twitter/X user profiles by username without login. Get bio, follower/following counts, tweet count, verification status, profile images, location, website, account creation date, and business labels. No cookies, no API key. JSON/CSV/Excel export"
Contact Info Finder,Supreme Coder,https://apify.com/supreme_coder/contact-info-finder?fpr=youssef,email-finders,59,1037,3.6,5,Find people and their contact info from any website or Linkedin URL in bulk
Facebook Page Contact Scraper,SASWAVE,https://apify.com/saswave/facebook-company-page-scraper?fpr=youssef,social-leads,59,656,5,5,"Collect informations at scale about: phone, email, page id, popular hours, openings, name, description, industry category, likes, followers, followings, ratings, website, social network links. Extract data from facebook company contact info page"
"Search Similar YouTube Channels by Content, Not Keywords",Data Over Coffee,https://apify.com/dataovercoffee/youtube-channel-lookalike-finder?fpr=youssef,social-leads,59,522,5,4,"Search similar YouTube channels by content - 200M+ creators, ranked, with stats + emails"
GulfTalent Job Scraper,Shahid Irfan,https://apify.com/shahidirfan/GulfTalent-Job-Scraper?fpr=youssef,jobs-hiring-signals,59,326,4.9,14,"Scrape live job listings from GulfTalent across UAE, Saudi Arabia, Kuwait & Bahrain. Extract job titles, companies, salaries, experience requirements, job descriptions & application links. Ideal for Gulf recruitment analytics, salary intelligence, talent market research & HR datasets"
YouTube Search & Video Metrics [] Scraper,Muhamed Didovic,https://apify.com/memo23/youtube-search-results-scraper?fpr=youssef,social-leads,59,249,5.0,2,"Scrape YouTube search results without login or API key. Metrics mode returns flat analytics rows - parsed views, duration, channel, publish age - per video, with free title/age filters (filtered videos never charged). Schedule it for keyword monitoring. JSON or CSV"
"OLX Brazil Scraper | Listings, Prices & Seller Data",SolidCode,https://apify.com/solidcode/olx-brazil-scraper?fpr=youssef,other-lead-sources,59,194,5,2,"[ ] Scrape OLX Brazil listings at scale. Extract titles, prices, descriptions, photos, seller details, location, and category data from Brazil's largest classifieds marketplace by keyword or URL"
Instagram Follower Tracker & Monitor,Andrey Afanasenko,https://apify.com/afanasenko/instagram-follower-tracker?fpr=youssef,social-leads,58,2283,4,1,"See who follows any public Instagram account - and who just unfollowed. Your first check saves the current follower list, then every later check names the people who left and the ones who newly arrived. Put it on a daily schedule and have the changes sent to your inbox"
Airbnb Pro Host · Business Emails by City,Corentin Robert,https://apify.com/corent1robert/airbnb-professional-host-scraper?fpr=youssef,email-finders,58,485,4.8,5,"Search any city worldwide for Airbnb professional hosts. Business emails, phones, and company names where disclosed (best in EU/EEA). Companion Actors: Airbnb Property Details and Airbnb Calendar. Free plan: 20 contacts. No login"
Email Finder,Kevin,https://apify.com/burbn/email-search-api?fpr=youssef,email-finders,58,455,,0,"Find email addresses instantly by searching any name, company, job title, or location. Search across Gmail, Outlook, Yahoo, or any company domain. Get up to 5,000 verified emails per search. Perfect for lead generation, sales outreach, recruiting, and business development"
Realtor Agent Leads Scraper,Brave Leads,https://apify.com/braveleads/realtor-real-estate-agent-leads-scraper?fpr=youssef,email-finders,58,453,4.9,34,Affordable way to pull real estate agents from Realtor.com with emails and phone number just like from apollo linkedin and other sources
Post Reshares/Reposts Scraper for LinkedIn | No Cookies,API Maestro,https://apify.com/apimaestro/linkedin-post-reshares?fpr=youssef,linkedin,57,321,5,2,"LinkedIn Post Reposts Scraper: Extract reposts for a given LinkedIn post including author data, stats, media attachments and more"
Inmuebles24 Scraper with Emails Estate API,Azzouzana,https://apify.com/azzouzana/inmuebles24-scraper-pro-by-search-url?fpr=youssef,email-finders,57,212,4.6,8,"com Scraper | PropTech Data extraction via search URL. Scrape: price, sqm, rooms, bedrooms, construction year, maintenance fees, amenities, photos, agency contacts & much more! Export JSON, CSV, Excel. Most cost-effective tool for real estate market analysis in Mexico!"
Website Contact Extractor,Better Devs Scrape,https://apify.com/betterdevsscrape/contact-details-extractor?fpr=youssef,email-finders,56,586,5,1,"The cheapest contact scraper on Apify. Extract emails, phone numbers, company names, addresses & 25+ social profiles - 50% less than competitors. Smart crawling auto-finds contact pages, bypasses Cloudflare protection, browser mode for JS sites, sitemap discovery"
TikTok Trends Scraper [NO COOKIES],Unseen User,https://apify.com/unseenuser/TikTok-Search-Scraper?fpr=youssef,social-leads,56,235,5.0,3,"Scrape what's trending on TikTok by country: hashtags, sounds, creators, and users. No TikTok account, API key, or login. Built for content strategists, e-commerce brands, and trend researchers who need to spot trends before they peak. Export JSON, CSV, Excel"
Eventbrite Scraper - Event & Organizer Data,Aitor Sanchez-Mansilla,https://apify.com/aitorsm/eventbrite?fpr=youssef,other-lead-sources,55,616,5,3,"Efficiently scrape and extract Eventbrite event data for market research, lead generation, and event aggregation. This Eventbrite Scraper provides structured data on event details, organizers, dates, venues, and pricing, with flexible filtering options by country, city, and category"
BizBuySell Scraper,Shahid Irfan,https://apify.com/shahidirfan/bizbuysell-scraper?fpr=youssef,email-finders,55,168,5,7,"Scrape BizBuySell business listings for market research, investment analysis & due diligence. Extract business data, valuations, and contact info at scale. Perfect for brokers, investors & entrepreneurs conducting market intelligence"
Glassdoor Reviews Scraper,GetDataForMe,https://apify.com/getdataforme/glassdoor-reviews-scraper?fpr=youssef,jobs-hiring-signals,54,631,4.0,6,"Extract authentic employee reviews from Glassdoor to uncover insights into company culture, compensation, and work-life balance. Supports keyword searches, handles up to 5000 reviews, and delivers structured JSON output. Perfect for HR, research, and competitive intelligence"
Meetup Scraper,Filip Cicvárek,https://apify.com/filip_cicvarek/meetup-scraper?fpr=youssef,other-lead-sources,54,481,4.9,7,"Scrape Meetup.com events, groups or organizers by keyword, city or coordinates. Get 30+ fields per event including dates, venue with GPS, RSVP counts, fees, group member counts, organizer details, topics and ratings"
10times Events Scraper - Trade Shows & Conferences API,Zen Studio,https://apify.com/zen-studio/10times-events-scraper?fpr=youssef,other-lead-sources,54,328,,0,"Extract trade shows, conferences, and exhibitions from 10times.com with 59 data points per event. Filter by city name, industry, date, or keyword. Get organizer contacts, venue details, visitor estimates, exhibitor counts, and full schedules. 1,000 events in under 60 seconds. No account needed"
Fast TikTok API (free-watermark videos),Novi,https://apify.com/novi/fast-tiktok-api?fpr=youssef,social-leads,53,2196,4.9,6,"Fastest TikTok API for Trend, Hashtag, Search, Music, User, Comment. Real-time, authentic data. No pre-built databases. Provides no-watermark video download links"
WhatsApp Number Validator - Bulk Check 10K per Run,ClearPath,https://apify.com/clearpath/whatsapp-phone-number-validator-api?fpr=youssef,email-finders,53,949,3.5,2,"Check if phone numbers have WhatsApp. Validate up to 10,000 numbers per run from CSV, Excel, or direct input. Yes/no result per number. Clean contact lists before WhatsApp campaigns"
Instagram Users scraper from any keyword - cookieless,Surge Street,https://apify.com/patient_discovery/instagram-search-users?fpr=youssef,social-leads,53,908,5,1,"Extract Instagram user profiles by keyword search with this cookieless, no login scraper. Get verified accounts, follower counts, engagement rates, business emails, and profile insights in JSON or CSV. Ideal for lead generation, competitor research, and scalable Instagram data extraction workflows"
Fast YouTube Trending Scraper API | Viral Videos & Rankings,API Dojo,https://apify.com/apidojo/youtube-trending-scraper?fpr=youssef,social-leads,53,883,5,7,"Your tailor-made tool to harness the dynamic world of trending content on YouTube. This powerful tool is designed to give you an in-depth, real-time snapshot of what's capturing the world's attention. And more, its extremely cheap price at !"
Mobile.de Scraper,Gen First,https://apify.com/ivanvs/mobile-de-scraper?fpr=youssef,other-lead-sources,53,402,5,1,"Extract data from mobile.de for data on thousands of car listings. Scrape car listings, extract descriptions, images, prices, mileage, contact number, addresses, names, engine information, the transmission of the car, and all other listing details"
Google Ads Scraper,FlowExtract API,https://apify.com/dz_omar/google-ads-scraper?fpr=youssef,other-lead-sources,52,778,5,5,"Extract ads from Google’s Ads Transparency Center [0.70/1K ] by URL, advertiser, or domain, including political & election ads. Get creative previews, spend ranges, impressions, demographics & regions. Dedicated proxy for paying users; optional Google login"
Bundesagentur für Arbeit (Arbeitsagentur) Scraper,Lexis Solutions,https://apify.com/lexis-solutions/bundesagentur-fur-arbeit-arbeitsagentur-scraper?fpr=youssef,jobs-hiring-signals,52,570,5,18,The Arbeitsagentur Scraper is a web scraping tool that retrieves public job postings from Arbeitsagentur.de. Bundesagentur für Arbeit is the official job search website in Germany
ImmobilienScout24 ImmoScout24 Scraper [],Azzouzana,https://apify.com/azzouzana/immobilienscout-immoscout-scraper?fpr=youssef,france-francophonie,52,453,5,7,"& Immobilienscout24 search results for Germany, Austria & Switzerland. Paste a search URL, filter buy/rent, export JSON, CSV or Excel with price, sqm, rooms, photos, contacts & more. DACH market analysis & leads"
Email Extractor,Gordian,https://apify.com/gordian/email-extractor?fpr=youssef,email-finders,51,944,1.1,3,Find and extract email addresses from any website in seconds. This actor will crawl entire websites and return all emails after validation. Easy to use and extremely fast
Instagram Followers Scraper & Enricher · No Login,Data Slayer,https://apify.com/data-slayer/instagram-followers-scraper---no-login?fpr=youssef,social-leads,51,781,5,2,"Extract followers from any Instagram profile and optionally enrich with emails, phone numbers, websites, bios, follower counts, and categories. 31 fields per result. SocialScraper alternative - pay per result. Optional MillionVerifier email verification. No login. JSON/CSV/Excel"
Instagram Profile Posts Scraper No cookies,Scraping Solutions,https://apify.com/scraping_solutions/instagram-profile-posts-scraper-no-cookies?fpr=youssef,social-leads,51,696,,0,"Just enter one or more Instagram usernames and instantly extract all their posts. Export the data in various formats, run the scraper via API, schedule and monitor scraping sessions, and seamlessly integrate with your favorite tools or workflows. Perfect for marketers, analysts, and automation pros"
Zillow Scrape: Address/URL/ZPID,ONE API,https://apify.com/one-api/zillow-scrape-address-url-zpid?fpr=youssef,other-lead-sources,51,478,1,1,Get Zestimates from the property address/zpid/url. Each row gets scraped in less than 1 second !
Domain to LinkedIn URL Resolver Clay-Ready Company URL,Mamba Labs,https://apify.com/mambalabs/domain-to-linkedin-url-resolver?fpr=youssef,linkedin,51,345,4.9,2,"Resolves a company domain to its LinkedIn company URL via pattern matching and web search. Every row carries resolution_method, confidence and a slug_mismatch flag, so a weak match is visible rather than silent. Flat output with employee count, industry and social URLs. MCP-ready"
Welcome To The Jungle Jobs Scraper,Shahid Irfan,https://apify.com/shahidirfan/Jungle-Job-Scraper?fpr=youssef,france-francophonie,51,279,4.6,7,"Extract job listings from Welcome To The Jungle with rich details including title, company, location, salary, employment type, remote status, description, skills, and application URL. Fast, reliable, structured JSON/CSV output for recruitment, job boards, and market research"
Email Verifier I Free To Use,Fatih Tahta,https://apify.com/fatihtahta/email-verifier-free-to-use?fpr=youssef,email-finders,50,492,5,2,"Clean your email lists with this fast, free email verifier and validator. This actor provides fast deliverability checks to slash bounce rates, protect your sender reputation, and improve marketing campaign performance"
Company Domain & Social Links Finder,Crawler Bros,https://apify.com/crawlerbros/company-domain?fpr=youssef,linkedin,50,246,2,1,"Given a company name, return the company's official website domain and its social media links (LinkedIn, X/Twitter, Facebook, Instagram, YouTube, TikTok, GitHub)"
"Reddit Scraper API - Posts, Comments & Monitoring",Thirdwatch,https://apify.com/thirdwatch/reddit-scraper?fpr=youssef,social-leads,49,332,5,1,"Scrape public Reddit posts, search, subreddits, media, and nested comments or monitor only newly observed posts. Anonymous read-only OAuth; no browser, proxy, login, cookies, or API key"
Immoweb.be Scraper Estate API,Azzouzana,https://apify.com/azzouzana/immoweb-be-mass-scraper-by-search-url?fpr=youssef,france-francophonie,49,306,5,4,"be Scraper | PropTech Data extraction via search URL. Scrape: price, sqm, rooms, bedrooms, charges, construction year, balcony, garage, photos, contacts & much more! Export JSON, CSV, Excel. Cost-effective tool for real estate market analysis in Belgium !"
Free Email Domain Scraper - Extract Emails From Any Website,SR,https://apify.com/s-r/free-email-domain-scraper?fpr=youssef,email-finders,48,1809,5,2,"Extract Emails From Any Website. No monthly costs. Contact discovery, employing a two-pass search strategy, advanced filtering (remove generic and malformed emails), user-agent rotation, and configurable limits per domain. Ideal for lead generation and market research"
Telegram Member Scraper,AgentX,https://apify.com/agentx/telegram-member-scraper?fpr=youssef,social-leads,48,1317,4.8,9,"Telegram member scraper for public groups, returning 23-field profiles from the visible participant list and optional message-author discovery. Export IDs, usernames, names, public flags, presence, bot facts, discovery path, and source-group context"
LinkedIn Post Comments Scraper NO COOKIES,Atomus APIs,https://apify.com/atomus/linkedin-comments-scraper-pro?fpr=youssef,linkedin,48,158,5.0,3,"Extract every comment and reply from any LinkedIn post: comment text, author name, headline, profile URL, reaction breakdown, and timestamps. Opt into nested replies, batch up to 1,000 posts per run, and pay only for the comments extracted. No LinkedIn account or cookies needed"
Google Maps Email Extractor,Poidata,https://apify.com/poidata/google-maps-email-extractor?fpr=youssef,google-maps,47,2487,1.9,11,"Quickly collect all business details, including emails, phone numbers, and social media links from Google Maps listings and their websites. Export data as JSON or CSV. Run via API, schedule runs, or integrate with your tools"
Alibaba Listings Scraper,FalconScrape,https://apify.com/piotrv1001/alibaba-listings-scraper?fpr=youssef,other-lead-sources,47,647,5,3,"The Alibaba Listings Scraper extracts paginated product results from Alibaba based on a search query, capturing product titles, prices, images, URLs, discounts, delivery estimates, ratings, and reviews - ideal for market research and supplier analysis"
Fast YouTube Playlist Scraper API | Extract Videos & Metadata,API Dojo,https://apify.com/apidojo/youtube-playlist-scraper?fpr=youssef,social-leads,47,585,5.0,7,"The ultimate solution for detailed YouTube playlist information. Enjoy unmatched speed and thoroughness in both search and direct video retrieval from playlists. Additionally, it's remarkably cost-effective at !"
"Realestate.com.au Scraper Sold, Rent & Buy Listings",Azzouzana,https://apify.com/azzouzana/real-estate-au-scraper-pro?fpr=youssef,other-lead-sources,47,279,5,6,"'s Realestate.com.au! Bypass 2K limit & Extract comprehensive property data - including addresses, prices, bedrooms, bathrooms, parking, land size, agent contacts, media, and more. Just plug in your search URL, and you're good to go! AI agents are ready. Start now!"
"Reddit Search - Posts, Subreddits & Users (up to 10,000)",Red Crawler,https://apify.com/red_crawler/reddit-search?fpr=youssef,social-leads,47,142,5,4,"Search Reddit for posts, subreddits, or users with filters for sort, time, and subreddit scope. Returns up to 10,000 results per run - Reddit caps each subreddit at ~250, so search multiple subreddits (comma-separated) to go higher. No Reddit account or OAuth required"
Onlyfans profile scraper,Curious Coder,https://apify.com/curious_coder/onlyfans-scraper?fpr=youssef,other-lead-sources,46,2496,5,1,"Onlyfans data extractor scrapes profiles in bulk with all details including, name, bio, last online, engagement insights, social media urls, etc"
Instagram Followers Scraper - Export Full List 2026,red,https://apify.com/instaprism/instagram-followers-scraper?fpr=youssef,social-leads,46,888,4.9,56,"PUBLIC accounts ONLY - private accounts CANNOT be scraped. No login required. Scrape followers from any public Instagram account. Get usernames, IDs, profile pics, verification status. Auto-save every 60s. Export JSON/CSV/Excel"
Email Verify & Validate - Fastest Cheapest,DataFusionX,https://apify.com/devil_port369-owner/email-verifier?fpr=youssef,email-finders,46,824,4.5,17,"Bulk email verifier - SMTP probing, DNS/MX lookup, catch-all & disposable detection. Safe-to-send recommendations for every address. Perfect for cold outreach, CRM hygiene & lead validation. Integrates with Zapier & n8n.. Email Verify Validate"
Twitter (X) Followers Scraper | Up to 5M,Hundevmode Labs,https://apify.com/x_guru/twitter-follower-scraper?fpr=youssef,social-leads,46,363,5.0,3,"Scrape Twitter/X followers and following by username or user ID with fast batched output. Collect up to 5,000,000 results per target in clean dataset format for lead generation, audience research, and competitor analysis"
Google Events | Scrape Google Events for AI Agents,John,https://apify.com/johnvc/google-events-api---access-google-events-data?fpr=youssef,other-lead-sources,46,287,5,4,"Google Events API for Claude, ChatGPT, Cursor & other MCP-ready AI agents. Scrape Google Events search results - concerts, conferences, festivals, sports, theater, virtual events - with dates, venues, ticket links & locations. Filter by date, event type, country, language. Pay per page"
LinkedIn Batch Profile Posts Scraper [NO COOKIES],Unseen User,https://apify.com/unseenuser/LinkedIn-Content?fpr=youssef,linkedin,46,279,5.0,4,"Extract every recent post from a list of LinkedIn profiles in a single bulk run. Get post text, hashtags, mentions, engagement metrics, reaction breakdowns, and posting cadence. No login, no cookies. Built for content strategists and influencer marketing platforms"
Naukri Scraper,Epic Scrapers,https://apify.com/epicscrapers/naukri-scraper?fpr=youssef,jobs-hiring-signals,46,267,4.5,2,"Naukri Scraper is a fast, reliable Apify Actor that extracts detailed job listings from India’s top portal, naukri.com. Perfect for recruiters and analysts, it captures job titles, companies, salaries, experience, skills, and full descriptions using API scraping for accurate, up-to-date data"
LinkedIn Company Posts Scraper - Bulk Export [NO LOGIN],Unseen User,https://apify.com/unseenuser/Company-Posts?fpr=youssef,linkedin,46,125,5,3,"LinkedIn post scraper for company pages - bulk-export posts with engagement, hashtags, mentions, and author profile enrichment (headline, industry, location, followers). Filter by keyword; sort by top engagement. Paste URLs or bare handles like 'google'. No login, no cookies. >99% success"
Fast Twitter List Scraper API | Extract Tweets & Members,API Dojo,https://apify.com/apidojo/twitter-list-scraper?fpr=youssef,social-leads,45,1076,5.0,9,"Discover the Twitter (X) List Scraper you've been looking for! Find the ultimate tool for extracting Tweets List from X / Twitter! It offers unparalleled speed and comprehensiveness, ensuring lightning-fast extraction of Tweets"
"Smart Idealista Scraper - Spain, Italy, Portugal Properties",SIÁN OÜ,https://apify.com/sian.agency/smart-idealista-scraper?fpr=youssef,other-lead-sources,45,678,4.4,9,"Idealista scraper and property data API for Spain, Italy and Portugal. Search sale and rental homes, new builds, rooms, garages, offices, land and commercial units by city, search URL, map polygon or CSV; return price, size, rooms, energy rating, year built and price history"
"2GIS Scraper (Phones, Emails, Reviews) | Парсер 2ГИС API",Zen Studio,https://apify.com/zen-studio/2gis-places-scraper-api?fpr=youssef,google-maps,45,630,4.4,4,"2GIS scraper and API - extract phones, emails, reviews, and photos from 207 cities across 20 countries. 1,000 places in 90 seconds. 731 categories, 20+ filters, branch discovery. Парсер 2ГИС: телефоны, email, отзывы и фото организаций. Экспорт в JSON, CSV, Excel"
Facebook Marketplace Scraper - No Login Required,Crowd Pull,https://apify.com/crowdpull/facebook-marketplace-scraper?fpr=youssef,social-leads,45,626,,0,"Extract listings from Facebook Marketplace by location. No login or cookies needed. Supports geo-targeted search, category filtering, price range, and keyword search"
LinkedIn Jobs Scraper,AgentX,https://apify.com/agentx/linkedin-jobs-scraper?fpr=youssef,linkedin,45,427,5.0,3,"LinkedIn Jobs Scraper is a LinkedIn jobs scraper for 98 countries that returns 41 structured job, salary, company, application, and public contact fields without login"
Propwire.com [] Leads Scraper,Muhamed Didovic,https://apify.com/memo23/propwire-leads-scraper?fpr=youssef,other-lead-sources,45,297,5,7,"Get comprehensive property data: estimated equity, foreclosure status (auction dates/lenders), mortgage and transfer history, owner portfolios, and tax assessments. Access detailed building specs like SF and year built, plus motivated seller lead types, including pre-foreclosures and high equity"
Enrich Google Maps Dataset with Contacts,Compass,https://apify.com/compass/enrich-google-maps-dataset-with-contacts?fpr=youssef,google-maps,44,1862,3.1,9,"Enrich Google Maps Dataset with Contacts. Scrape websites of Google Maps places for contact details and get email addresses, website, location, address, zipcode, phone number, social media links. Export scraped data, run the scraper via API, schedule and monitor runs or integrate with other tools"
Job Search,TrueFetch,https://apify.com/truefetch/job-search?fpr=youssef,jobs-hiring-signals,44,994,5,5,"Job Search is a job search API for 42 sources that returns 41 normalized job, salary, company, application, and public contact fields. One input can combine compatible sources for the selected country"
SeLoger Scraper Estate Extractor,Azzouzana,https://apify.com/azzouzana/seloger-mass-products-scraper-by-search-url?fpr=youssef,france-francophonie,44,419,5,3,"PropTech Extraction de données immobilières via URL. Scrapez: prix, m², pièces, chambres, DPE, charges, honoraires, meublé, balcon, garage, photos, contacts et bien plus ! Export JSON, CSV, Excel ou API"
TikTok Music & Sound Scraper,API Dojo,https://apify.com/apidojo/tiktok-music-scraper?fpr=youssef,social-leads,44,405,4.8,8,"Scrape TikTok music data at 300 tracks/sec with 98% success - no proxy needed. Extract titles, artists, IDs, usage counts, covers & video data in real-time. Supports URL/ID input. Export JSON/CSV with full API integration. Perfect for trend tracking, viral analysis & campaigns"
Google Ads Transparency Scraper,Alkausari M,https://apify.com/alkausari_mujahid/google-ads-transparency-scraper?fpr=youssef,other-lead-sources,44,372,,0,"Designed for marketers, researchers, and business intelligence teams, this efficient tool scans a provided list of websites/domains to determine which ones have ever run Google Ads - whether in the past or currently - by leveraging data from the Google Ads Transparency Center"
G2 Software Reviews Scraper · Battlecards + Switching Data,Factden,https://apify.com/factden/g2-reviews-scraper?fpr=youssef,directories,44,202,5.0,7,"G2.com reviews scraper API - scrape G2 software reviews & ratings for B2B SaaS. 27 fields/review: sub-ratings, pros/cons, NPS, switched-from competitors, reviewer role & size, LLM-ready markdown. Auto-ranked competitor battlecards for competitive intelligence & win-loss"
Reddit Scraper,Scrape Smith,https://apify.com/scrapesmith/reddit-scraper?fpr=youssef,social-leads,44,147,5,1,"Scrape Reddit posts, comments, and user profiles without API keys or login. Extract from any subreddit, keyword search, or post URL. No rate limits"
"Google Maps Scraper API - Emails, Reviews, Photos & Leads",Raven,https://apify.com/pro100chok/google-maps-scraper?fpr=youssef,google-maps,44,137,5,1,"Google Maps scraper and Google Places API alternative: extract business names, phones, websites, hours, ratings and reviews - plus emails and 7 social profiles pulled from each place's website. Bypass Google's 120-place limit. Export JSON, CSV, Excel., no API key"
Instagram Email Bulk Scraper,exporter24,https://apify.com/exporter24/instagram-email-bulk-scraper?fpr=youssef,email-finders,43,833,3.6,2,Extract the email address of given instagram creators in bulk
Facebook Group Members Scraper,EasyApi,https://apify.com/easyapi/facebook-group-members-scraper?fpr=youssef,social-leads,43,830,2.1,7,"Extract Facebook group members' data including profile information, contribution scores, and membership details. Perfect for social media analysis, community insights, and member engagement tracking"
Crunchbase Companies Bulk Scraper No Cookies,Pratik Dani,https://apify.com/pratikdani/crunchbase-companies-bulk-scraper-no-cookies?fpr=youssef,b2b-databases,43,579,1,3,"The Crunchbase Companies Overview Actor is a powerful tool that extracts comprehensive company information from Crunchbase URLs. It provides detailed insights about companies including their basic information, financial data, social presence, web traffic statistics, and technological stack"
"Shopify Store Finder - URLs, emails & more",Iñigo Garcia Olaizola,https://apify.com/igolaizola/shopify-store-finder?fpr=youssef,email-finders,43,462,5,2,"Shopify Store Finder locates Shopify stores by keyword and returns structured data: ID, title, description, URL, contact emails, earliest page date, and estimated product count range. Perfect for market research, lead generation, and competitor discovery"
LinkedIn Email + Profile Scraper Active Leads (No Login),SlothTechLabs,https://apify.com/slothtechlabs/linkedin-email-finder-profile-scraper-no-login?fpr=youssef,email-finders,43,416,,0,"The LinkedIn email scraper that skips dormant profiles. Real company domain pulled from the company's LinkedIn page (not guessed from its name), top-3 email patterns with honest confidence, activity score, seniority & decision-maker signals, industry. CRM-ready CSV. Pay per success - failed = free"
Naver Map Search Results Scraper,ВAH,https://apify.com/delicious_zebu/naver-map-search-results-scraper?fpr=youssef,email-finders,43,348,4.9,42,"Scrape Naver Map business listings by keyword or URL: names, categories, ratings, reviews, phone numbers, addresses, coordinates, hours, menus and more. A fast, no-code Naver Place API alternative"
Lead Finder,Crawler Bros,https://apify.com/crawlerbros/lead-finder?fpr=youssef,email-finders,43,330,5,4,"Find B2B leads by job title, location, and industry. Extracts name, title, company, LinkedIn URL, and guessed email from public search results. No API keys or credentials needed"
"Monster Job Scraper - 1M+ US Listings, Salary & Remote",Black Falcon Data,https://apify.com/blackfalcondata/monster-scraper?fpr=youssef,jobs-hiring-signals,43,237,5,1,"Scrape monster.com - one of the largest U.S. job boards with 1M+ listings. Geo-tagged locations, remote work detection, and job change monitoring. Incremental mode detects new and changed listings. Scheduled runs return only what changed since the previous run"
Pracuj Scraper [] - Poland's #1 Job Board,Black Falcon Data,https://apify.com/blackfalcondata/pracuj-scraper?fpr=youssef,jobs-hiring-signals,43,185,5.0,3,Pracuj Scraper extracts pracuj.pl listings - structured salary min/max/currency · direct-employer vs agency flag · 30+ fields per listing. Incremental mode tracks new and changed jobs across scheduled runs
Instagram Followers List Scraper,CoderX,https://apify.com/coderx/instagram-followers-list-scraper?fpr=youssef,social-leads,42,3224,4.9,7,"Easily scrape followers from public Instagram profiles. This tool automatically collects the full list of followers from any public Instagram account. Ideal for marketers, researchers, and data analysts who need follower data for public accounts"
Facebook Profile Scraper,Lazy Scraper,https://apify.com/lazyscraper/facebook-profile-scraper?fpr=youssef,social-leads,42,1241,2.6,8,"This tool efficiently extracts public profile data from specified Facebook accounts, including: Email addresses (if publicly listed) 、Bio、User ID、Profile URL. Key Advantage: For public profiles, it delivers accurate follower/fan counts - a critical metric most competitors fail to provide reliably"
Instagram Profile Scraper (Cheaper),Data Doping,https://apify.com/datadoping/instagram-profile-scraper?fpr=youssef,social-leads,42,873,5.0,3,"For extract full Instagram profile data, including public email, followers, following, bio, posts, channels, and external links - with full API support, scheduling, and easy export options. Note: Free tier users can only scrape 100 profiles in total"
Instagram Engagers(Likes and Comments) No cookies,Scraping Solutions,https://apify.com/scraping_solutions/instagram-engagers-likes-and-comments-no-cookies?fpr=youssef,social-leads,42,476,4.2,4,"Extract likes and comments from public Instagram posts without login or cookies. Process multiple URLs and export structured engager profiles and comment data for audience research, campaign analysis, lead generation, and automation"
"Jobs Board Scraper: Indeed, Reed, Adzuna, RemoteOK & More",Doggo,https://apify.com/doggo/uk-jobs-board-scraper?fpr=youssef,jobs-hiring-signals,42,385,5,2,"Scrape job listings from Indeed, Reed, Totaljobs, CV-Library, Adzuna, RemoteOK, Arbeitnow and more across the UK, US and Europe. Export title, company, location, salary, description and apply URL. Filter by keyword and location. CSV, JSON, Excel"
LinkedIn Company Followers - Export Audience,The Howlers,https://apify.com/alizarin_refrigerator-owner/linkedin-company-followers-scraper?fpr=youssef,linkedin,42,349,1,2,Export followers of any LinkedIn company page for competitor research and targeted outreach
Scout - Lead Enrichment + OSINT,Logical Vivacity,https://apify.com/logical_vivacity/scout?fpr=youssef,enrichment-verification,42,314,,0,"Email finder + lead enrichment + OSINT from public sources. Pass any fragment - name, email, or domain - get a verified dossier: 700+ identity sites, SMTP-validated emails, document mining, sanctions screen, domain→team discovery., domain. No API keys"
SimilarWeb Scraper,Ecomdate Tech,https://apify.com/ecomdate/similarweb-scraper?fpr=youssef,enrichment-verification,42,227,4.8,3,"Scrape SimilarWeb website analytics in bulk, including traffic, rankings, categories, top countries, screenshots, tags, and similar sites. Ideal for SEO research, competitor analysis, and lead scoring. Supports pay-per-event pricing and large domain lists"
Instagram Lookalike Search,Data Over Coffee,https://apify.com/dataovercoffee/instagram-lookalike-search?fpr=youssef,social-leads,42,199,5.0,3,Lookalike Instagram creators + search IG engagement stats from 150M+ influencers
Walmart Reviews Scraper,Billy,https://apify.com/web_wanderer/walmart-reviews-scraper?fpr=youssef,other-lead-sources,42,191,5,1,"Scrape all Walmart Reviews!, from Walmart.com & Walmart.ca. Export to any format"
Y Combinator Scraper,Michael G,https://apify.com/michael.g/y-combinator-scraper?fpr=youssef,email-finders,41,1597,5.0,35,"Extract startup leads, founder emails, LinkedIn profiles, hiring data, and more from YC companies and founders. Export scraped data, schedule via API, and integrate with other tools or AI workflows"
FB Pages Scraper,Dev with Bobby,https://apify.com/devwithbobby/fb-profile-scraper?fpr=youssef,social-leads,41,1053,,0,"Reliable public Facebook Page scraper with quality-gated results, selective rescue, and controlled diagnostics. Personal profiles are best-effort"
TikTok Comment (Replies) Scraper,xtdata,https://apify.com/xtdata/tiktok-comment-scraper?fpr=youssef,social-leads,41,578,5,4,"TikTok Comment Scraper: Fasest and Stablest. Retrieve TikTok comments, replies with speed and efficiency. No Proxy Needed"
Luma Event Scraper,Matyáš Cimbulka,https://apify.com/matyascimbulka/luma-event-scraper?fpr=youssef,other-lead-sources,41,213,5,1,"Scrape event data from Luma, a platform for discovering and sharing events worldwide. This actor allows you to extract detailed information about events. Customize your search by selecting specific event categories and cities to target the most relevant events for your needs"
Meta Brand Collaboration Scraper,Apify,https://apify.com/apify/brand-collaboration-scraper?fpr=youssef,social-leads,41,169,4.6,5,"Extract branded content partnerships from Meta Ad Library. Get creators, brand partners, content types, dates, and links from Instagram and Facebook. Enrich with profile and post details. Export data, schedule runs via API, and integrate with other tools or AI workflows workflows"
Local Lead Generation Agent,Apify,https://apify.com/apify/local-lead-generation-agent?fpr=youssef,email-finders,40,1491,4.3,3,"Find truly local leads by scraping Instagram profiles based on search queries. Extract website links, contact details, emails, social media details. The AI agent matches and scores leads using LLMs via LangChain, explains scoring, and compiles the data into a common dataset for easy access and use"
Social Media Leads Analyzer,Apify,https://apify.com/apify/social-media-leads-analyzer?fpr=youssef,email-finders,40,1397,4.6,6,"Add a website and extract emails, phone numbers, and social media details. Use this lead scraper to extract basic social media profile data from 8 platforms. Export results in JSON, CSV, HTML, use APIs, schedule runs, build integrations, and more"
Facebook Comments PPR,Jan Danecki,https://apify.com/danek/facebook-comments-ppr?fpr=youssef,social-leads,40,920,4.0,4,"Scrap Facebook comments fast and easy. It is designed to be fast and efficient, so it can extract a large number of comments for low price. It is also less likely to be blocked by Facebook"
Sales Navigator Scraper By Filters,Linkedin Scrapers,https://apify.com/bestscrapers/sales-navigator-scraper-by-filters?fpr=youssef,linkedin,40,667,,0,Find and scrape LinkedIn Sales Navigator leads with advanced filters
Zillow [] | Bypass Zillow limit of 500 | All-In-One,Muhamed Didovic,https://apify.com/memo23/zillow-scraper-ppe?fpr=youssef,other-lead-sources,40,148,5,8,"No limits, no quotas, unlimited extraction. Unleash the full power of Zillow data - no limits, no restrictions. Comprehensive scraping for any search URL, delivering complete property insights at scale"
Facebook Reactions (Likes) Scraper,Scraper One,https://apify.com/scraper_one/facebook-reactions-scraper?fpr=youssef,social-leads,39,800,3.8,7,"Extract reaction data from Facebook posts, such as who reacted, their profile information, and the type of reaction (like, sad, haha, angry etc.). Ideal for audience analysis, influencer insights, engagement tracking and social media monitoring"
Facebook Pages Details,Jan Danecki,https://apify.com/danek/facebook-pages-details-rental?fpr=youssef,social-leads,39,680,5,1,Scrap Facebook pages fast and easy. Extract all contact information and other details in no-time!
TikTok Ads Scraper,Data Xplorer,https://apify.com/data_xplorer/tiktok-ads-scraper?fpr=youssef,social-leads,39,340,5.0,2,"THE MOST COMPLETE AND CHEAPEST TIKTOK ADS SCRAPER. Two modes: Ads Library (EU transparency, targeting, spend) + Top Ads (Creative Center, engagement metrics, 80+ countries). Search by keyword, advertiser, and industry. Extract videos, performance data, and creative assets"
Amazon Scraper,Automation Lab,https://apify.com/automation-lab/amazon-scraper?fpr=youssef,other-lead-sources,39,296,5,1,"Scrape Amazon search results for price monitoring: current/list prices, ratings, reviews, seller info, Prime status, availability, and images across 10 marketplaces. Export to JSON, CSV, Excel"
"Contact Details Scraper - Emails, Phones & 14 Socials",Rémi Pelloux,https://apify.com/rp_openpro.ai/contact-details-scraper?fpr=youssef,email-finders,39,284,5,1,"Email extractor and website contact scraper. Emails, phones, WhatsApp, LinkedIn & 14 socials from any website. MX + lead score.. No add-ons"
HelloWork Jobs Scraper,Shahid Irfan,https://apify.com/shahidirfan/HelloWork-Jobs-Scraper?fpr=youssef,france-francophonie,39,195,5,8,"Extract HelloWork job listings at scale with structured, ready-to-use data. Scrape job titles, companies, locations, salaries, descriptions, employment types, dates, and URLs. Ideal for job boards, recruitment research, labor market analysis, and HR data workflows"
Telegram Number Validator - Bulk Check,ClearPath,https://apify.com/clearpath/telegram-phone-number-validator?fpr=youssef,email-finders,38,898,5.0,2,"Bulk verify phone numbers for active Telegram accounts. Check 1,000-10,000 numbers per run. Upload CSV or Excel files, get instant yes/no results. Clean contact lists, validate leads, enrich CRM data. No Telegram account needed. Global coverage with automatic phone format normalization"
[NO COOKIES] LinkedIn Search Posts Scraper,Scary Good APIs,https://apify.com/scary_good_apis/linkedin-search-posts?fpr=youssef,linkedin,38,399,4.9,2,Easily and quickly search LinkedIn for posts matching your exact keywords and filters without needing to risk your own LinkedIn account or using your cookies
"Linktree, Beacons & Bio Email Scraper: Extract Leads",Ahmed Jasarevic,https://apify.com/ahmed_jasarevic/linktree-beacons-bio-email-scraper-extract-leads?fpr=youssef,email-finders,38,251,5.0,3,"Turn Linktree, Beacons and Bio URLs into real Email Leads. Scrape contact info, social handles, and affiliate links from Linktree, Beacons and influencers profiles automatically"
Find Linkedin Company Page Urls,Sambzh,https://apify.com/sbzh/domain-names-or-website-urls-to-linkedin-company-page-urls?fpr=youssef,linkedin,38,229,1,1,"Use this tool to retrieve the LinkedIn URLs from websites. Simply enter a list of domain names or website URLs and, when available, retrieve the LinkedIn URL of the company page in the format https://www.linkedin.com/company/"
TikTok Profile Scraper,Automation Lab,https://apify.com/automation-lab/tiktok-profile-scraper?fpr=youssef,social-leads,38,218,5,1,"Scrape TikTok user profiles to get follower counts, total likes, bio, verification status, and engagement statistics. Just paste usernames or profile URLs - no login or browser needed. Fast HTTP-only extraction. Ideal for influencer research and social media audits"
es Real Estate Scraper,Azzouzana,https://apify.com/azzouzana/fotocasa-es-search-results-scraper-by-search-url-ppr?fpr=youssef,email-finders,38,208,1.6,3,"Fast -: Extract comprehensive property listings from Fotocasa.es search pages effortlessly. Get full details including pricing, square meters, features, and contact info via API/JSON/CSV/Excel. Bring your search URL and you're good to go. AI agents ready, start now"
WhatsApp Number Validator & Checker,Michael G,https://apify.com/michael.g/whatsapp-number-validator?fpr=youssef,social-leads,38,156,5,2,"Bulk WhatsApp number validator and phone number checker. Check if phone numbers are registered on WhatsApp, clean contact lists, validate leads, and export structured results"
"Whatnot Scraper - Extract Seller, Search & Category Data",Epic Scrapers,https://apify.com/epicscrapers/whatnot-scraper?fpr=youssef,other-lead-sources,38,127,5,4,"Scrape Whatnot.com at scale - search results, seller profiles, reviews, live shows, shop listings, auctions, category leaderboards & more. Fast, reliable and no auth required. Export as JSON, CSV, XML or Excel. Search by keyword or URL, analyze sellers in bulk, or browse and deep-into any category"
LinkedIn People Search API,John,https://apify.com/johnvc/linkedin-people-search-api?fpr=youssef,linkedin,38,64,5,1,"Find people on LinkedIn by name, job title, company, school or location and get their public profile data as structured JSON: profile URL, headline, employer, about text, work history, education, follower count and photo. No login, no session cookie, no LinkedIn account"
WhatsApp Number Validator (Single and Bulk),Michael Hunter,https://apify.com/api_factory/whatsapp-number-validator-single-and-bulk?fpr=youssef,social-leads,37,1140,3.3,3,"WhatsApp: +447984004914 E-mail: contact@apifactory.pro Instantly check and validate WhatsApp phone numbers programmatically. Verify active accounts in bulk, clean lead lists, and prevent fraud. Fast, accurate, and built for seamless integration into your CRMs, apps, and automated workflows"
ThomasNet Suppliers Real-Time Scraper (2026),Zen Studio,https://apify.com/zen-studio/thomasnet-suppliers-scraper?fpr=youssef,email-finders,37,475,4.5,4,"Extract 70+ ThomasNet supplier fields: emails, phone numbers, company data, products, locations, certifications and more. Build supplier shortlists, generate B2B leads, or analyze industrial markets. No Login needed! Thousands of results in seconds"
TikTok Creative Center Top Ads Scraper,ParseForge,https://apify.com/parseforge/tiktok-creative-center-top-ads-scraper?fpr=youssef,social-leads,37,283,,0,"Scrapes top ads from TikTok Creative Center with filters for country, objective, time period, and keyword. Returns each ad as a flat row with engagement metrics and ad details"
Amazon Product Scraper,SASWAVE,https://apify.com/saswave/amazon-product-scraper?fpr=youssef,other-lead-sources,37,219,5,4,Amazon scraper collect data from any amazon domain name. Input can be a list of product ASIN or a search url
LinkedIn Post Reactions Scraper NO COOKIES,Atomus APIs,https://apify.com/atomus/linkedin-reactions-scraper-pro?fpr=youssef,linkedin,37,193,4.7,4,"Scrape LinkedIn post reactions to see who reacted: name, headline, profile URL, reaction type (like, celebrate, support, love, insightful, funny), and timestamp. No LinkedIn account or cookies needed. Auto-paginates the full reactions list and handles up to 1,000 posts per run"
Facebook Search - Legacy,Jan Danecki,https://apify.com/danek/facebook-search-rental?fpr=youssef,social-leads,36,1690,4.6,6,Please migrate into https://apify.com/danek/facebook-search-ppr
Fresh Linkedin Profile Data,Linkedin Scrapers,https://apify.com/bestscrapers/fresh-linkedin-profile-data?fpr=youssef,linkedin,36,785,1.3,5,The **Fresh LinkedIn Profile Data Scraper** is a powerful tool designed to extract detailed profile information from public LinkedIn URLs - without the need for cookies or login
Twitter (X) Scraper post (timeline / # / search / replies),Scraping Solutions,https://apify.com/scraping_solutions/twitter-x-scraper-post-timeline-search-replies?fpr=youssef,social-leads,36,546,,0,"X (Twitter) Scraper - Collect posts, timelines, hashtags, searches & replies with ease. Extract text, links & engagement, capture threads, and export to CSV/JSON. Perfect for market research, sentiment analysis & trend tracking"
Product Hunt Scraper with Founders & Emails,Fatih Tahta,https://apify.com/fatihtahta/product-hunt-scraper-fast-reliable-4-1k?fpr=youssef,email-finders,36,465,4.2,8,"Extract structured Product Hunt launches with founders, emails, votes, comments, topics, websites, social media and more. Built for enterprise-grade startup intelligence, founder discovery, market analysis, and automated lead enrichment or analytics pipelines"
Indeed Jobs Scraper,Orgupdate,https://apify.com/orgupdate/indeed-jobs-scraper?fpr=youssef,jobs-hiring-signals,36,384,,0,"The latest and most advanced Indeed Job Scraper. Our Indeed Jobs Scraper extracts real-time job postings at scale from all over the world. A new research tool built for recruitment, insights and HR"
Indeed Jobs Scraper,AgentX,https://apify.com/agentx/indeed-jobs-scraper?fpr=youssef,jobs-hiring-signals,36,299,4.1,4,"Indeed Jobs Scraper is an Indeed jobs scraper for 62 countries that returns 41 structured job, salary, company, application, and public contact fields with optional source-supported filters"
Bluesky Posts Scraper,Lexis Solutions,https://apify.com/lexis-solutions/bluesky-posts-scraper?fpr=youssef,other-lead-sources,36,291,4.5,22,"The Apify Bluesky Posts Scraper allows a programmatic search for posts on Bluesky and the option to export to CSV, JSON, Excel, or integration with Zapier, Make, or any custom workflow"
Linkedin Company Profile Scraper | Pay Per Event,ScrapeVerse,https://apify.com/scrapeverse/linkedin-company-profile-scraper-pay-per-event?fpr=youssef,linkedin,36,265,,0,"The LinkedIn Company Profile Scraper is a powerful and efficient tool designed to extract valuable information from LinkedIn company profiles with ease. Whether you're a market researcher, sales professional, or just curious about a company's background"
ImmoScout24 ImmobilienScout24 Scraper (API) Pro - 50+ Felder,ClearPath,https://apify.com/clearpath/immoscout24-api-pro?fpr=youssef,social-leads,36,227,,0,"Über 1.000 ImmoScout24-Inserate pro Minute mit 50+ Datenfeldern: Maklerkontakte, Telefonnummern, Preise, Investment- & Energiedaten, Grundrisse & Bilder. Wohnungen, Häuser & Gewerbe zum Mieten und Kaufen, deutschlandweit. Monitor-Modus mit Telegram-Alerts. Export als CSV, JSON oder Excel"
Leads Finder similar to Apollo Zoominfo Linkedin,Peaky Dev,https://apify.com/peakydev/leads-finder-apollo-linkedin?fpr=youssef,linkedin,36,121,5,8,"Extract verified leads from a single search URL of your b2b platform with emails, phone numbers, and company details similar to Apollo, LinkedIn, Zoominfo"
Subito.it Universal Scraper,Azzouzana,https://apify.com/azzouzana/subito-scraper-pro-by-search-url?fpr=youssef,b2b-databases,36,90,5,2,"API to export Italian real estate, used cars, jobs & marketplace listings to CSV/JSON via Search URL. Extract product data, prices, images & seller details across Italy. Built for market analysis, property investors & dealerships needing fast B2B data extraction"
"Multi Job Board Scraper: LinkedIn, Indeed, Glassdoor + Dedup",Flash Scrape,https://apify.com/flash_scraper/multi-jobboard-scraper?fpr=youssef,linkedin,36,64,5.0,3,"Multi job board scraper, job board aggregator and job aggregator: LinkedIn, Indeed, Glassdoor, The Muse + 8 keyless boards in one run, deduplicated. New jobs alert and job monitoring on a schedule; ATS job scraper for Greenhouse, Lever, Ashby. Multi source job scraper with dedup, no API key"
Tiktok Profile Scraper,karamelo,https://apify.com/karamelo/tiktok-profile-scraper?fpr=youssef,social-leads,35,885,2.5,2,"Extract 1000s of TikTok profile scraper data in minutes! from a list of usernames or URLs. Get TikTok profile followers count, following count, likes hearts count, bio, video count, and much more data. Export TikTok profile to JSON, CSV, Excel, XML... Automate your TikTok analysis!"
Instagram Email Scraper,exporter24,https://apify.com/exporter24/instagram-email-scraper?fpr=youssef,email-finders,35,544,3.0,3,Extract the email address of given instagram profile link
Company Career Page Scraper,FalconScrape,https://apify.com/piotrv1001/company-career-page-scraper?fpr=youssef,jobs-hiring-signals,35,433,,0,"Give it any company URL - it finds the career page, detects the ATS and pulls every open role from the source: Greenhouse, Lever, Ashby, Workday, Oracle HCM, SmartRecruiters, Workable. 33 fields with the real apply URL, posting date and filters, plus AI-extracted skills and salary"
"Reddit Scraper - Posts, Comments, Search, AI Answers, MCP, AI",Pika Choo,https://apify.com/openclawai/reddit-scraper?fpr=youssef,social-leads,35,205,4.9,8,"The only Reddit scraper with AI Answers + TLS fingerprinting. Scrape posts, comments, search results & subreddits. No API key, no login. AI-ready JSON output. 6 actions in 1 Actor. Browser-grade anti-detection. Parallel comment fetching"
Instagram Comment Scraper,FlowExtract API,https://apify.com/dz_omar/instagram-comment-scraper?fpr=youssef,social-leads,35,130,5,2,"Instagram Comment Extract top-level comments from public Instagram Reels for free no login required. Get commenter usernames, text, likes, and timestamps, with pagination and a per-URL comment limit"
Leboncoin Immobilier - Annonces + Numeros de Telephone,ClearPath,https://apify.com/clearpath/leboncoin-immobilier?fpr=youssef,france-francophonie,35,94,,0,"Extraction d'annonces immobilieres leboncoin.fr avec numeros de telephone. Filtres avances: type de bien, surface, DPE, pieces, etage, exterieur. Mode surveillance avec alertes Telegram. 1 000 annonces en 60 secondes. Ventes, locations, colocations, bureaux"
Google Local Services API | Local Services Ads & Lead Gen,John,https://apify.com/johnvc/google-local-services-api?fpr=youssef,email-finders,35,56,5,1,"Search Google Local Services Ads: Google Guaranteed and Google Screened home-service pros with ratings, reviews, and phone numbers as clean JSON. Built for local SEO agencies, home-services lead gen, and competitor tracking. Pay per business returned. MCP-ready for Claude and AI agents"
Shopify Lead Scraper with 1M+ Email Database,Miso,https://apify.com/xmiso_scrapers/shopify-shops-email-leads-scraper?fpr=youssef,email-finders,34,1452,4.2,11,scrape shopify powered shops for ecommerce email leads from merchantgenius and own scraped sources
Facebook group posts scraper,Goldmine,https://apify.com/logical_scrapers/facebook-group-posts-scraper?fpr=youssef,social-leads,34,669,4.8,4,"The most cost-efficient Facebook groups scraper. Get Facebook group posts with comprehensive data including text, media attachments, engagement metrics, author information and more"
Website Tech Stack Scanner | Website Technology Detector,Khan,https://apify.com/misterkhan/website-tech-stack-scanner?fpr=youssef,enrichment-verification,34,464,5,3,"Scan any website to detect 7,000+ technologies, from CMSs, analytics, and marketing pixels to JS frameworks, CDNs, and hosting. Use it for market research, lead enrichment, and competitor tech profiling at scale"
Dubizzle Real Estate & Cars Search & Detail & Brokers,Muhamed Didovic,https://apify.com/memo23/dubizzle-search-listing-s-scraper?fpr=youssef,other-lead-sources,34,210,4.5,3,"get instant access to comprehensive Dubai property data, extract detailed listings including prices, amenities, agent contacts, high-res photos, and location coordinates. Perfect for real estate professionals and investors seeking market insights and lead generation"
Upwork Search Job(s) Scraper (No Cookies) (Richest output),Muhamed Didovic,https://apify.com/memo23/upwork-jobs-scraper?fpr=youssef,jobs-hiring-signals,34,125,4.6,2,"Extract detailed Upwork job listings with our scraper. Get job descriptions, budgets, required skills, client history, and engagement terms in a structured format. Perfect for market research and competitive analysis"
Hiring Cafe Jobs Scraper,Azzouzana,https://apify.com/azzouzana/hiring-cafe-scraper?fpr=youssef,jobs-hiring-signals,34,82,5.0,3,"Fast & simple! Paste your Hiring Cafe search URL -> get thousands of jobs in seconds! Title, company, location, salary, description, apply link, requirements & much more! 120+ datapoints per job! Export to JSON, CSV, Excel or API. Grab your search URLs and you're good to go"
TikTok Location Scraper,API Dojo,https://apify.com/apidojo/tiktok-location-scraper?fpr=youssef,social-leads,33,2442,5,8,"The fastest and cheapest TikTok Location Scraper - extract geo-tagged posts at 400-600 posts/sec for. Retrieve any location-tagged TikTok video, post, creator profile, and engagement data instantly with a reliable, proxy-free setup"
Google Maps Store Review Scraper,ВAH,https://apify.com/delicious_zebu/google-maps-store-review-scraper?fpr=youssef,google-maps,33,702,5.0,38,"Scrape Google Maps store reviews fast - API-based, no browser. Extract review text, exact dates, star ratings, reviewer profiles, Local Guide status, photos, per-service ratings, owner responses, and store review keywords. Export to JSON, CSV, or Excel"
Leboncoin Scraper Ppe,SilentFlow,https://apify.com/silentflow/leboncoin-scraper-ppr?fpr=youssef,france-francophonie,33,422,5.0,2,"Scrape Leboncoin classified ads with pay-per-result pricing. Extract prices, full descriptions, seller phone numbers and GPS coordinates from France's largest marketplace. Covers real estate, cars, jobs, fashion and electronics. Pay only for ads successfully scraped, residential proxies included"
Linkedin Post Reactions Scraper (No Cookie),Data Doping,https://apify.com/datadoping/linkedin-post-reactions-scraper-no-cookie?fpr=youssef,linkedin,33,384,5,2,"For. Scraper Likes, Praise, Empathy, Appreciation and Interest of any Linkedin Post using URL or URN. Note: Freemium users are limited to scrape only 4 posts and 100 reactions per run (12 posts in total)"
LinkedIn Decision Maker Finder,FalconScrape,https://apify.com/piotrv1001/linkedin-decision-maker-finder?fpr=youssef,linkedin,33,382,,0,"Finds decision makers (CEO, CTO, VP, etc.) at target companies using public LinkedIn data. Extracts names, titles, locations, education, and company details with confidence scoring. Ideal for sales prospecting, lead generation, and recruitment research"
LinkedIn Hiring Posts Scraper,Hamza,https://apify.com/apt_marble/linkedin-hiring-posts-scraper?fpr=youssef,linkedin,33,193,,0,"Find companies actively hiring from public LinkedIn posts Extract recruiter names, hiring roles, companies, locations, post URLs, and fresh hiring intent data by keyword, industry, or location - no LinkedIn login or cookies required"
Google Ads Transparency Scraper - Spy on Competitor Ads,Anas Nadeem,https://apify.com/whoareyouanas/google-ads-transparency-scraper?fpr=youssef,social-leads,33,188,5,1,"Scrape Google's Ad Transparency Center for any advertiser - full ad copy, formats, run dates, landing pages, YouTube creatives - into clean CSV/JSON. Skip the and SEMrush bills. Just type a brand name and auto-finds the advertiser and extracts all ad creatives"
LinkedIn Company Scraper,Maxime Dupré,https://apify.com/maximedupre/linkedin-company-scraper?fpr=youssef,linkedin,33,64,,0,"Scrape public LinkedIn company profiles without cookies. Export names, websites, industries, sizes, locations, followers, and source URLs to a clean dataset"
Telegram Username Checker,akula.marketing,https://apify.com/akula.marketing/Telegram-Get-Username-Info?fpr=youssef,social-leads,32,1688,5.0,4,"Verify Telegram usernames in bulk. Check existence, user vs channel type, subscriber count, title, bio, and profile photo"
Startup Investors Data Scraper,John,https://apify.com/johnvc/startup-investors-data-scraper?fpr=youssef,other-lead-sources,32,627,3.2,12,"10,469 investment firms at your fingertips (as of Dec 2025). The most comprehensive startup investor firm database for finding funding and customers. Access detailed firm profiles to accelerate your startup's growth, find customers, and conduct comprehensive market research"
Yelp Reviews Scraper,ВAH,https://apify.com/delicious_zebu/yelp-reviews-scraper?fpr=youssef,directories,32,483,4.7,33,"Effortlessly scrape Yelp business and review details, including ratings, reviewer insights, media, and more. Customize your queries and extract rich data with ease for analytics or research"
Glassdoor Jobs Scraper,AgentX,https://apify.com/agentx/glassdoor-jobs-scraper?fpr=youssef,jobs-hiring-signals,32,457,5,2,"Glassdoor Jobs Scraper is a Glassdoor jobs scraper for 23 countries that returns 41 structured job, salary, employer, rating, application, and public contact fields"
Exhibitor List Scraper - All-In-One,Skython,https://apify.com/skython/exhibitor-list-scraper?fpr=youssef,directories,32,356,5,5,"Trade Show and Exhibitor Directory Scraper - Extract exhibitor lists from 20+ trade show platforms - Map Your Show, Koelnmesse, Messe Frankfurt, Messe Düsseldorf, Xporience, Nürnberg Messe, Reed Expo, Messe Berlin, Messe Stuttgart, and more. Collect company details, social links and contact persons"
Welcome to the Jungle Jobs Scraper - WTTJ Data,Logiover,https://apify.com/logiover/welcome-to-the-jungle-jobs-scraper?fpr=youssef,france-francophonie,32,276,,0,"Welcome to the Jungle (WTTJ) jobs scraper: unofficial API to export job, salary & company data to CSV/JSON. Scrape WTTJ without login"
YellowPages USA Business Lead Scraper,ВAH,https://apify.com/delicious_zebu/yellowpages-usa-business-lead-scraper?fpr=youssef,directories,32,260,5.0,31,"Effortlessly gather business data from YellowPages (US) based on keywords and locations or directly from filtered URLs. With customizable sorting and pagination options, you can scrape valuable business details like names, addresses, ratings, and more - perfect for market research and lead generation!"
HelloWork Jobs Scraper,SolidCode,https://apify.com/solidcode/hellowork-scraper?fpr=youssef,france-francophonie,32,88,,0,"[ ] Extract job listings from HelloWork - France's leading job board. Search by keyword and city, filter by contract type, telework, and date posted, and get titles, companies, salaries, full descriptions, and apply links"
LinkedIn Profile Scraper + Email No Cookies,Leadsman,https://apify.com/leadsman/linkedin-profile-scraper?fpr=youssef,email-finders,32,74,5.0,6,"Extract detailed information from LinkedIn profiles in bulk, including complete work experience, education history, skills and more. No cookies or account required"
"Crunchbase Company API | Funding, Investors & Firmographics",John,https://apify.com/johnvc/crunchbase-company-api?fpr=youssef,b2b-databases,32,52,5,1,"Collect Crunchbase company data as clean, structured JSON. Send one or many organization URLs and get funding, investors, industries, HQ location, employee count, rank, and status. Reliable, pay per company, MCP-ready for Claude and AI agents"
Yellow Pages US Scraper,Trudax,https://apify.com/trudax/yellow-pages-us-scraper?fpr=youssef,directories,31,5024,3.8,3,"Scrape addresses, phone numbers, categories, and names from Yellow Pages US listings. Customizable Yellow Pages API to crawl and download all contact data"
Twitter Posts Scraper,Pratik Dani,https://apify.com/pratikdani/twitter-posts-scraper?fpr=youssef,social-leads,31,843,1,3,"The **Twitter Posts Scraper** extracts detailed information from any public Twitter post. Simply provide the URL, and the scraper will gather data like post text, user info, engagement metrics, and more. Perfect for analyzing trends and tracking social media interactions"
Fast Google Maps Search Scraper API | Business Listings & Leads,Agents,https://apify.com/theagents/google-maps-search?fpr=youssef,google-maps,31,771,5.0,9,"Find high-value leads fast with our low-cost Google Maps scraper. Instantly extract business names, contact details, emails, phone numbers, and reviews - perfect for sales prospecting and outreach. Affordable, reliable, and built for scale"
OnlyFans Discovery Scraper,DeepMine,https://apify.com/deepmine/onlyfans-discovery-scraper?fpr=youssef,other-lead-sources,31,427,5,2,"Discover and collect OnlyFans model profiles with comprehensive data including social media links, engagement metrics, pricing, and statistics"
Soon-to-Open Businesses Leads Scraper (Google Maps),Miso,https://apify.com/xmiso_scrapers/soon-to-open-businesses-leads-scraper-google-maps?fpr=youssef,google-maps,31,403,4.9,6,"Get unique leads of various businesses planning opening in near future or recently opened like restaurants, bars, beauty salons, dentists etc. and offer them services they might need when launching their business. Scraped from Google Maps with emails and social links including where available"
Spitogatos.gr Scraper: Greek Property Listings & Agent Phones,youssef farhan,https://apify.com/fayoussef/spitogatos-scraper?fpr=youssef,other-lead-sources,31,296,5.0,5,"Scrape real estate listings and Agents from Spitogatos.gr in both English and Greek. Collect prices, photos, location, and more. Easy setup, fast results, ready for Excel, JSON, or API integration"
Facebook Groups Posts Scraper,Jan Danecki,https://apify.com/danek/facebook-groups-posts-scraper?fpr=youssef,social-leads,31,279,2.3,2,"Scrap Facebook groups fast and easy. This actor is a lightweight version of the Facebook Group actor. It is designed to be fast and efficient, so it can extract a large number of events for low price. It is also less likely to be blocked by Facebook"
LinkedIn Leads Scraper | Sales Navigator Export,SilentFlow,https://apify.com/silentflow/linkedin-sales-navigator-scraper-ppr?fpr=youssef,linkedin,31,259,5,1,"Export leads and accounts from any LinkedIn Sales Navigator search or saved list. Get name, job title, company, location, seniority, headcount and industry, or build the whole search from filters instead of pasting a URL. Bring your own seat and export to CSV, Excel or JSON in a single run"
Social Media Profile Finder Pro,One Scales,https://apify.com/onescales/social-media-profile-finder-pro?fpr=youssef,other-lead-sources,31,250,5,6,"Find social media accounts and profiles by username across 400+ social networks instantly. Bulk search, residential proxy support, and fast results. Powered by Sherlock"
Jobs.ch Scraper - Swiss Job Board Data Extraction,NanoScrape,https://apify.com/santamaria-automations/jobs-ch-scraper?fpr=youssef,jobs-hiring-signals,31,173,4.7,3,"Scrapes job listings from jobs.ch, Switzerland's largest job board powered by JobCloud"
MCA India Company & Director Data Scraper: Email & Phone Leads,Factden,https://apify.com/factden/mca-company-director-scraper?fpr=youssef,email-finders,31,81,5,4,"Scrape India MCA company and director data(including phone and email) by CIN, DIN, company name, or industry + state. Company master, board of directors, directorships, status, and the company public email. Structured JSON/CSV. B2B company data and lead lists"
Propwire Scraper [] Real Estate Lead Extractor,Azzouzana,https://apify.com/azzouzana/propwire-com-scraper-pro-by-search-url?fpr=youssef,b2b-databases,31,77,5,2,"Only - Propwire Scraper: Export real estate leads, off-market property data & wholesale deals to CSV/JSON via Search URL. Built for real estate investors & brokers needing fast skip tracing, market analysis & B2B lead generation. Connect to CRM, API or LLM workflows"
Map Your Show Exhibitor List Scraper,Skython,https://apify.com/skython/map-your-show-exhibitor-list-scraper?fpr=youssef,b2b-databases,30,592,5.0,4,"Extract complete exhibitor lists from any Map Your Show trade show - AAPEX, Pack Expo, CES, RE+, IBC, NACS Show, and more. Collect company details, social media links, and contact persons for B2B lead generation, sales prospecting, and event networking"
Craigslist Scraper (Pay Per Result),Gen First,https://apify.com/ivanvs/craigslist-scraper-pay-per-result?fpr=youssef,jobs-hiring-signals,30,443,5,1,"Extract data from classified advertisements on Craigslist. Scrape details from jobs, housing, items wanted, items for sale, services, community service, gigs, events and resumes listed on Craigslist. Download listings data in JSON, XML, Excel, and other versatile"
Linkedin Jobs Scraper,Pika Choo,https://apify.com/openclawai/linkedin-jobs-scraper?fpr=youssef,linkedin,30,420,5,2,"Scrape LinkedIn jobs - Search by keyword, location, company, salary, posted-date, remote, easy-apply. Full descriptions, salary range, direct apply URLs. Multi-keyword search, auto-deduplication, pay only for results. No API key"
Google Maps Scraper,Imad,https://apify.com/damilo/google-maps-scraper?fpr=youssef,google-maps,30,403,4.9,5,"Scrape business listings from Google Maps by keyword and location. Extract names, addresses, phone numbers, websites, ratings, coordinates, and more - perfect for lead generation, local SEO, and competitor research"
LinkedIn Profile Comments & Reactions Scraper No Cookies,Scraping Solutions,https://apify.com/scraping_solutions/linkedin-profile-comments-reactions-scraper-no-cookies?fpr=youssef,linkedin,30,199,,0,"Extract comments and reactions from LinkedIn profiles with structured, deduplicated data. Supports multiple users, date and filtering. Ideal for analytics, lead generation, and engagement tracking"
"LinkedIn Decision Makers Scraper - CEOs, Founders & Executives",Hamza,https://apify.com/apt_marble/linkedin-decision-makers-scraper-ceos-founders-executives?fpr=youssef,linkedin,30,153,5,1,"Find CEOs, founders, CTOs, recruiters, and other decision makers from public LinkedIn profiles using - no LinkedIn login or cookies required"
"LandWatch.com, Acreage & Agents Extractor",Azzouzana,https://apify.com/azzouzana/landwatch-scraper?fpr=youssef,b2b-databases,30,60,5.0,2,"! LandWatch.com Scraper: Export US land listings, farms, ranches & agent directories to CSV/JSON via Search URL. Extract 150+ data points including acreage, prices & broker leads across the USA. Built for rural property investors & B2B lead generation Fast, optimized!"
WhatsApp group links Scraper,Dannyswift.hub,https://apify.com/danny.hub/whatsapp-url?fpr=youssef,social-leads,29,1171,4.7,9,"Extract WhatsApp group URLs from all social media, our search machine will extract WhatsApp group URLs from Facebook/LinkedIn/Instagram/Tik Tok/YouTube/twitter/Reddit/Pinterest. Join your target WhatsApp groups and get all members WhatsApp or phone numbers. Endless Leads!!"
TikTok Hashtag Analytics,Clockworks,https://apify.com/clockworks/tiktok-ads-scraper?fpr=youssef,social-leads,29,987,4.8,14,"Scrape TikTok hashtag analytics data. Just add one or more hashtags, and the scraper will extract posts' text, details, country, longevity, audience interests, scores, countries, labels, and age range. Export scraped data, run the scraper via API, schedule runs, or integrate it with other tools"
Sherlock Scraper,Crawler Bros,https://apify.com/crawlerbros/sherlock-scraper?fpr=youssef,enrichment-verification,29,859,5,1,Search for usernames across 400+ social networks and websites. Find all social media accounts linked to a username using the Sherlock OSINT tool
German Imprint Scraper,Dominic M. Quaiser,https://apify.com/dominic-quaiser/imprint-contact-scraper?fpr=youssef,email-finders,29,564,3.9,3,"An Actor that automatically locates and scrapes key contact details from German website imprint pages (Impressum). It extracts information such as company name, address, phone numbers, emails, and decision-makers (Entscheider, Entscheidungsträger)"
LinkedIn Activity Index (LinkedScore),David Emanuel Moreira,https://apify.com/david15999/linkedin-activity-index-linkedscore?fpr=youssef,linkedin,29,444,,0,"Analyze LinkedIn profiles to identify active leads. Get a 1-10 activity score based on engagement, posts, and profile completeness. Increase your outreach reply rate by 20% by targeting only responsive prospects. Perfect for sales, recruitment, and partnership outreach"
Contact Details Scraper,Poidata,https://apify.com/poidata/contact-details-scraper?fpr=youssef,email-finders,29,300,,0,"Details Scraper extracts public emails, phone numbers, social profiles, company details, and named contacts from any website. Submit domains in bulk, get clean structured results, or automate enrichment with the Contact Details Scraper API"
BuiltIn Jobs Scraper,Shahid Irfan,https://apify.com/shahidirfan/BuiltIn-Jobs-Scraper?fpr=youssef,jobs-hiring-signals,29,220,5,6,"Scrape Built In jobs at scale with structured, ready-to-use data. Extract job titles, companies, locations, salaries, descriptions, employment details, and job URLs. Ideal for job boards, recruitment research, hiring analytics, lead generation, and career data automation"
TikTok Scraper,Automation Lab,https://apify.com/automation-lab/tiktok-scraper?fpr=youssef,social-leads,29,173,,0,"Extract TikTok profile stats, video lists from any user, and individual video details. Get followers, views, likes, comments, hashtags, and music info without login"
"Pige Immo FR: 20 Portals, Address + Price Tracking",Walid,https://apify.com/dltik/pige-immo-fr-scraper?fpr=youssef,france-francophonie,29,152,5,3,"Scrape 20 French real estate portals in one run: Leboncoin, SeLoger, PAP, iad, Orpi, Century 21, Foncia, Capifrance, SAFTI and more. Resolve the exact address of anonymized listings, track price drops and days on market, flag under-priced sellers. For agents, pige and CRM prospecting"
LinkedIn Job Scraper [] - No Login or Cookies,Black Falcon Data,https://apify.com/blackfalcondata/linkedin-job-scraper?fpr=youssef,linkedin,29,139,5,1,LinkedIn job scraper that needs no login or cookies - and the cheapest on the Store. Scrape linkedin.com postings with salary · skills & employer data (size · website · industry). Incremental mode skips jobs you already have
Email Verifier & Validator|0.85$/1k - Bulk Email No API,Mohammad Palekar,https://apify.com/blessiticus/email-verifier-pro?fpr=youssef,email-finders,29,106,5,7,"Verify email addresses in bulk with real SMTP checks. Detect disposable, role-based, and catch-all emails. CSV upload, live progress, smart retries. Cheapest full-SMTP verifier on the Store. No API key required!"
Discord Server Search Scraper,EasyApi,https://apify.com/easyapi/discord-server-search-scraper?fpr=youssef,social-leads,29,51,,0,"Access 1.9M+ indexed Discord servers with continuously verified invite links. Filter by members, online count, server age, boosts, and activity - built for community discovery and outreach"
YouTube Email Scraper,exporter24,https://apify.com/exporter24/youtube-email-scraper?fpr=youssef,email-finders,28,772,3.8,6,Extract the email address of given youtube channel from public data
Pagesjaunes Scraper,SASWAVE,https://apify.com/saswave/pagesjaunes-scraper?fpr=youssef,france-francophonie,28,550,5,8,"Non official French Yellow page scraper. Pagesjaunes.fr scraper. Extract non protected, public available informations from search results: city, name, email, phonenumber, SIRET, NAF, creation date and more. Helps you research your local professional"
Avito.RU Scraper | Fast & Reliable,Fatih Tahta,https://apify.com/fatihtahta/avito-russia-scraper?fpr=youssef,other-lead-sources,28,444,5,2,"Scrape listings from Avito.ru, Russia’s top marketplace including real estate, cars, goods, services and more. Get structured data with prices, locations, sellers, and features. Ideal for market insights, sourcing, and lead gen"
Trustpilot Reviews Scraper API,The Wolves,https://apify.com/thewolves/trustpilot-reviews-scraper?fpr=youssef,directories,28,357,2.4,9,"The Wolves proudly introduces the Trustpilot Review Scraper, an ideal tool for extracting reviews. It can gather 100-200 reviews per second, offering an extremely affordable rate of. The most cost-effective option!"
Propertyfinder Scraper | MENA Real Estate Extractor,Azzouzana,https://apify.com/azzouzana/propertyfinder-ads-search-results-pages-scraper?fpr=youssef,other-lead-sources,28,199,5.0,2,"Listings Scraper: Buy, Rent & New Projects listings across UAE, KSA, Egypt, Qatar & Bahrain to CSV/JSON. Extract regional real estate data, prices, developers & agent leads via Search URL. Built for international investors & agencies - Start now!"
Milanuncios Scraper Real-Time API (2026),Zen Studio,https://apify.com/zen-studio/milanuncios-scraper?fpr=youssef,other-lead-sources,28,174,,0,"Milanuncios Scraper API - Extract listings from Spain's largest classifieds. Get photos, prices, seller profiles, stats, and shipping info. All categories: Motor, Inmobiliaria, Telefonía, Informática. Automatic pagination and deduplication. JSON/CSV export"
Meta Ad Library Scraper - Facebook & Instagram [NO COOKIES],Unseen User,https://apify.com/unseenuser/meta-ads?fpr=youssef,social-leads,28,151,5,3,"See every creative variant your competitors are testing, not just one ad per campaign. Scrape the Meta Ad Library for Facebook and Instagram ads by keyword, brand or ad ID - copy, CTA, media, landing URL and video transcripts. No login, no cookies, no proxy to configure, nothing to get blocked"
LinkedIn Post Analytics Scraper · No Cookies,Data Slayer,https://apify.com/data-slayer/linkedin-post-analytics-scraper?fpr=youssef,linkedin,28,122,,0,"Get detailed analytics from any LinkedIn post URL - likes, comments, shares, full reaction breakdowns by type, author info, post text, media attachments, and document data. No cookies, no login, no Chrome extension. Your LinkedIn account is never at risk. JSON/CSV/Excel export"
Kompass Scraper - Global B2B Company Directory,NanoScrape,https://apify.com/santamaria-automations/kompass-scraper?fpr=youssef,france-francophonie,28,122,,0,"Scrape company data from Kompass.com, a global B2B directory with 60M+ companies across 70+ countries. Extract names, websites, phone numbers, emails, addresses, employee counts, certifications, and more"
LinkedIn Posts Scraper,Khadin Akbar,https://apify.com/khadinakbar/linkedin-posts-scraper?fpr=youssef,linkedin,28,76,,0,"Scrape public LinkedIn posts from keyword searches, company feeds, and exact post URLs. Returns post text, author, engagement, media, comments preview, provider provenance, and run summaries. Charged. MCP/API-ready"
Twitter (X) Email Scraper | No Login Needed,Hundevmode Labs,https://apify.com/x_guru/twitter-email-scraper?fpr=youssef,email-finders,27,534,5,4,"Twitter email scraper | Extract verified emails from Twitter profiles - ultra-fast, no login or API keys required. Fast & reliable Verified business emails only Works without login or auth Up to 1,000,000 results per run"
Realtor - agent leads scraper,Peaky Dev,https://apify.com/peakydev/realtor-real-estate-agent-leads-scraper?fpr=youssef,email-finders,27,422,5,28,Scrape unlimited real estate agents from Realtor.com with emails and phone number |apollo|realtor|linkedin|agents
LinkedIn Jobs Scraper - Professional Job Listings,NanoScrape,https://apify.com/santamaria-automations/linkedin-scraper?fpr=youssef,linkedin,27,422,4.3,4,"Scrapes public job listings from LinkedIn's job board. Filter by location, job type, experience level, and remote options. Extract company info, job descriptions, and application links. No login required"
Mercadolibre Product Scraper,SASWAVE,https://apify.com/saswave/mercadolibre-product-scraper?fpr=youssef,enrichment-verification,27,405,2.7,5,"no proxies needed. Fast and reliable scraper for MercadoLibre product pages and search results. Support all domains. Perfect for competitive analysis, price monitoring, e-commerce intelligence, catalog enrichment, and high-volume data extraction"
Discord Server Scraper,Louis Deconinck,https://apify.com/louisdeconinck/discord-server-scraper?fpr=youssef,social-leads,27,390,5,2,"Discover niche communities, analyze server trends, and gain competitive insights with detailed data on member counts, categories, and more. Efficient, flexible, and up-to-date - start exploring today & unlock the full potential of Discord with our comprehensive server scraper!"
Telegram Profile Scraper,Yuliia Kulakova,https://apify.com/brilliant_gum/telegram-profile-scraper?fpr=youssef,social-leads,27,307,1,1,"Extract 80+ fields from any Telegram account by username, @handle, t.me link, or phone number. Users, bots, channels, groups. Includes trust score, DC geolocation, account age, bio parsing, and collectible username detection"
LinkedIn Profile Data Extractor (No Cookies Required),Swarm Garden,https://apify.com/swarmgarden/linkedin-profile-data-extractor?fpr=youssef,linkedin,27,227,5,1,"Extract LinkedIn profile and company information without cookies or login. Fast, reliable data extraction for profiles, work history, education, skills, and company details"
Bulk US Business Entity Scraper & Registry - KYB API,Ava Torres,https://apify.com/pink_comic/us-business-entity-search?fpr=youssef,other-lead-sources,27,193,,0,"Bulk-search company names across official registries in 16 no-key states, plus keyed California. Business entity scraper and KYB API for merchant onboarding, vendor checks, and due diligence. Get source-linked status, formation dates, agents, officers, and addresses"
No-Website Business Leads Scraper (Google Maps),Leafy,https://apify.com/leafy-dev-jr/no-website-business-leads-scraper-google-maps?fpr=youssef,google-maps,27,132,5,1,"Find businesses with weak or missing websites anywhere on Google Maps. Each lead is qualified on real web-presence signals, priority-ranked, and comes with contact details, ready for web designers, developers, and agencies to pitch"
Skip Trace,twoapi,https://apify.com/twoapi/skip-trace?fpr=youssef,enrichment-verification,26,521,2.9,4,
BBB Advanced Scraper,FalconScrape,https://apify.com/piotrv1001/bbb-advanced-scraper?fpr=youssef,directories,26,387,4.4,2,"The BBB Advanced Scraper enables quick and efficient data extraction from the Better Business Bureau website. It gathers information from business profiles, providing valuable insights for reputation analysis, competitor tracking, and compliance monitoring"
Indeed [] Jobs Scraper (Search by keywords),Muhamed Didovic,https://apify.com/memo23/apify-indeed-cheerio-keywords-ppr?fpr=youssef,jobs-hiring-signals,26,323,4.8,8,"[From] Search Indeed by keyword, country and filters - no URL needed. Returns salary, company rating, full description, the resolved external apply URL and company profile (CEO, size, revenue) across 61 countries. Strict-match mode drops unrelated jobs; date filter pulls only the latest"
"TikTok Profile Scraper - Emails, Followers & Commenters",Andrey Afanasenko,https://apify.com/afanasenko/tiktok-profile-scraper?fpr=youssef,email-finders,26,246,5,1,"Scrape TikTok profile data at scale - followers and following lists, video commenters, and username enrichment. Every profile returns emails, bio links, follower and like counts, and video stats. No login needed. Export to CSV, JSON or Excel, or run via API"
France Travail Scraper: 700K+ FR Jobs (Pôle Emploi),Walid,https://apify.com/dltik/francetravail-scraper?fpr=youssef,france-francophonie,26,116,,0,"Scrape 700K+ public job offers from France Travail (ex Pôle Emploi). Filter by keywords, location, contract (CDI/CDD/alternance), experience, salary. Get title, company, location, required skills, work hours, full description. For ATS, recruitment agencies, market intel"
Facebook Ads Transcript Scraper - Ad Library Video & Image Ads,Steadyfetch Team,https://apify.com/steadyfetch/facebook-ads-transcript-scraper?fpr=youssef,social-leads,26,67,,0,"Facebook, Instagram and Meta Ad Library ads transcribed in bulk: video transcripts with the first-3s hook, plus image-ad text. Search by keyword or advertiser - no ad IDs needed, or paste ad links or chain a scraper. No start fee; expired links, text-free images and music-only ads are never charged"
Google Local API | Local Pack & Business Search SERPs,John,https://apify.com/johnvc/google-local-api?fpr=youssef,other-lead-sources,26,66,5,4,"Search Google Local results - the local pack inside Google Search SERPs. Extract businesses with rating, reviews, phone, hours, place_id, GPS coordinates. Country, language, and device targeting. Pay per page. MCP-ready for AI agents"
Local Business Leads Scraper: Verified Business Emails & Finder,Flash Scrape,https://apify.com/flash_scraper/local-business-leads?fpr=youssef,email-finders,26,42,5.0,3,"Local business leads scraper, local business email finder and local business email scraper: any category, any city. Verified business emails (MX-checked), phones, socials on every row - local leads with emails, no API key, no proxy, finder for agencies"
Google Ads Scraper,Gen First,https://apify.com/ivanvs/google-ads-scraper?fpr=youssef,other-lead-sources,25,777,5,2,"Extract details about ads from Google Ads Transparency Centar. Scrape ad details like when it was run, ad targeting, advertiser and content of ad. Download ad data in JSON, XML, Excel format"
Influencer Discovery - Find Influencers Across Social Platforms,The Howlers,https://apify.com/alizarin_refrigerator-owner/influencer-discovery---find-influencers-across-social-platforms?fpr=youssef,social-leads,25,409,3,1,"Discover influencers across Instagram, TikTok, LinkedIn, YouTube, and Twitter by niche, hashtags, engagement rate, and follower count. Perfect for influencer marketing campaigns and brand partnerships. Multi-Platform Discovery Niche Targeting Engagement Analysis Tier Filtering Contact Extraction"
Instagram Following - No Cookies Required,DataFusionX,https://apify.com/devil_port369-owner/instagram-following?fpr=youssef,social-leads,25,304,5.0,3,"The Instagram Following Scraper extracts following profile data from a public Instagram account. Ideal for influencer marketing, audience analysis, and business intelligence. Safe API rates ensure account protection while providing valuable insights"
Leboncoin Real Estate Scraper,Alexandre Manguis,https://apify.com/leadsbrary/leboncoin-real-estate-scraper?fpr=youssef,france-francophonie,25,257,5,1,"Scrape leboncoin.fr real estate listings with full filters: city, price, surface, rooms, DPE. Returns 40+ fields per ad - GPS, images, seller info, energy class. No proxy setup needed, works out of the box"
Instagram Post Scraper,Scrape Smith,https://apify.com/scrapesmith/instagram-post-scraper?fpr=youssef,social-leads,25,241,5.0,2,"Fast Instagram Post Scraper - Extract all Posts from any profiles with titles, views, likes, comments, publish dates, thumbnails & follower count. Get thousands of profiles videos in minutes, 100% free"
LinkedIn Ads Scraper,FlowExtract API,https://apify.com/dz_omar/linkedin-ads-scraper?fpr=youssef,linkedin,25,161,5,4,"Extract comprehensive LinkedIn ads data from the Ad Library. Get ad creatives, headlines, copy, advertiser info, and targeting details. Perfect for competitive intelligence, market research, and ad campaign analysis. Supports keyword search, date filtering, and multi-country targeting"
X Reply Scraper | Pay-Per-Result,Xquik,https://apify.com/xquik/x-reply-scraper?fpr=youssef,social-leads,25,160,5,4,"Scrape X (Twitter) replies, comments, conversations, and reply timelines for on every Apify plan. Use bulk URLs, 25+ filters, and flat exports. Filters run before billing. Apify bills platform usage separately. No X login. Built by Xquik. Not affiliated with X Corp"
Immowelt Scraper,Azzouzana,https://apify.com/azzouzana/immowelt-scraper?fpr=youssef,other-lead-sources,25,139,5,1,"Germany and Austria real estate listings for apartments, houses, plots and commercial properties. Search by city or location ID, filter by buy/rent, price, rooms and area, and export clean JSON/CSV data for market analysis, lead generation and price monitoring"
All Social media Phone Number Scraper,Dannyswift.hub,https://apify.com/danny.hub/all-in-social-media-phone-number?fpr=youssef,email-finders,24,1772,1.0,2,"ALL social media Phone Number Scraper, extract phone numbers from Facebook/Instagram/Tiktok/Linkedin/Youtube/Twitter/Reddit/Pinterest. Just type keywords, choose the country code and platform, and you can get endless Leads!!!!"
Snapchat Email Scraper,EasyApi,https://apify.com/easyapi/snapchat-email-scraper?fpr=youssef,email-finders,24,1210,1,1,"Effortlessly scrape email addresses from Snapchat profiles! Find Snapchat users matching your keywords and specific email domains. Perfect for influencer marketing, social media outreach, and collaboration opportunities. Powered by stealth technology for reliable data collection"
All-in-One Social Media Phone Number Scraper,EasyApi,https://apify.com/easyapi/all-in-one-social-media-phone-number-scraper?fpr=youssef,email-finders,24,951,5,3,"Discover phone numbers across 30+ social platforms! Extract contact info from Facebook, Twitter, LinkedIn, and more. Perfect for lead gen, influencer outreach, and market research. Fast, efficient, and proxy-enabled. Boost your networking and marketing efforts today!"
Fiverr Listings Scraper,FalconScrape,https://apify.com/piotrv1001/fiverr-listings-scraper?fpr=youssef,other-lead-sources,24,596,5,2,"The Fiverr Listings Scraper extracts paginated service listings from Fiverr search URLs, capturing titles, images, pricing, ratings, and reviews - ideal for market research, competitor analysis, and freelancing insights"
Telegram Profile Photo Scraper,akula.marketing,https://apify.com/akula.marketing/Telegram-Get-Username-Photos?fpr=youssef,social-leads,24,596,5,2,"Fetch Telegram profile photo history and user metadata by username. Returns IDs, names, status, premium flags, and signed photo URLs"
Y Combinator Scraper with Founders & Emails,Fatih Tahta,https://apify.com/fatihtahta/y-combinator-directory-scraper?fpr=youssef,email-finders,24,266,3.4,4,"Scrape the Y Combinator directory and get rich company profiles with socials, founder details + emails, hiring status/job links, and news mentions. Perfect for lead gen, market mapping, recruiting, and competitor tracking"
LinkedIn Jobs API & Scraper [NO COOKIES],Unseen User,https://apify.com/unseenuser/LinkedIn-Jobs-Scraper?fpr=youssef,linkedin,24,198,5,4,"LinkedIn jobs API and scraper - no cookies, no login, no account to get restricted. Search job postings by keyword, company or location for full descriptions, salary, skills, applicant counts, the ATS behind each apply link and a ghost-job score. Built for hiring-signal outbound"
FLIPPA.com [] Search by Url | Detail Pages · Emails,Muhamed Didovic,https://apify.com/memo23/flippa-scraper?fpr=youssef,email-finders,24,129,4.8,7,"scrape Flippa search & listings. Extract Revenue, Profit, Multiples, Traffic (Views/Uniques) & Seller Verification. Supports SaaS, Apps & Domains"
"LinkedIn Company Scraper - Employees, Followers & Firmographics",Berkan Kaplan,https://apify.com/foxlabs/linkedin-company-scraper?fpr=youssef,linkedin,24,78,,0,"Scrape public LinkedIn company pages - no login, no cookies. Get exact employee count, followers, website domain, HQ address, description & logo as clean JSON/CSV/Excel. For B2B lead-gen, TAM sizing & firmographic enrichment"
Crunchbase Search Scraper,Curious Coder,https://apify.com/curious_coder/crunchbase-scraper?fpr=youssef,b2b-databases,23,3382,4.0,15,"Scrape Crunchbase companies, people, investors, acquisitions, etc from Crunchbase search results"
Clutch.co Listings Scraper,FalconScrape,https://apify.com/piotrv1001/clutch-listings-scraper?fpr=youssef,directories,23,1228,1,2,"The Clutch.co Listings Scraper extracts paginated business data from Clutch.co URLs, capturing company titles, logos, hourly rates, reviews, ratings, and offered services - ideal for market research and competitor analysis"
SKOOL | Members/Groups | Discovery Search | Scraper (PPE),Muhamed Didovic,https://apify.com/memo23/skool-members-scraper?fpr=youssef,email-finders,23,766,4.0,8,"Boost your business leads with our Skool.com Groups' Members/Users Scraper. Gather user details like names, emails, and social media links (Facebook, Instagram, LinkedIn, Twitter, etc.). It is ideal for market research, competitor analysis, and lead generation. Save time with our advanced scraper"
angi.com (Angie's List) Scraper,Iñigo Garcia Olaizola,https://apify.com/igolaizola/angi-scraper?fpr=youssef,directories,23,358,5,3,"Extract verified business data from Angi (formerly Angie's List) including phone numbers, ratings, and contact details for home service professionals. Get comprehensive listings with company information, customer reviews, and contact data across 150+ categories like plumbers and contractors"
"iHerb Scraper: Search, Products, Reviews & Monitor",Sage,https://apify.com/vaunted/iherb-scraper?fpr=youssef,other-lead-sources,23,186,,0,"The ultimate iHerb API. Supports 4 modes: Search, Product Details, Reviews, and Real-Time Price Monitoring. Extract ingredients, nutrition, and stock status for 24+ countries. No monthly fees - pay only for what you scrape"
"Creator Leads Scraper: YouTube TikTok Creator Emails, Instagram",Flash Scrape,https://apify.com/flash_scraper/creator-leads-scraper?fpr=youssef,email-finders,23,34,5.0,2,"Creator leads scraper, creator email finder, influencer email finder and influencer email scraper for TikTok, Instagram and YouTube in one run: TikTok creator emails, YouTube creator emails, Instagram influencer leads, TikTok leads - one row per creator with followers, business email, lead score"
G2 Product Scraper,Chetan Jain,https://apify.com/omkar-cloud/g2-product-scraper?fpr=youssef,directories,22,988,1.4,6,"G2 Scraper - extract G2 product details, ratings & pricing into structured JSON, plus each product's website, emails, phones & social profiles found by AI. Scrape whole categories too. 240,000+ products, no proxies"
realtor.com Agents Scraper,Sam,https://apify.com/cleansyntax/realtor-com-agents-scraper?fpr=youssef,other-lead-sources,22,678,5,2,Scrape Realtor.com Agents by ZIP Code - No Subscription
Ziprecruiter Jobs Scraper,Orgupdate,https://apify.com/orgupdate/ziprecruiter-jobs-scraper?fpr=youssef,jobs-hiring-signals,22,426,,0,"The latest and most advanced Ziprecruiter Jobs Scraper. Our Ziprecruiter extracts real-time job postings at scale from all over the world. A new research tool built for recruitment, insights and HR"
"Real Estate AU - Listings, Prices, Agents & History",Abot API,https://apify.com/abotapi/realestate-au-scraper?fpr=youssef,email-finders,22,335,4.8,6,"Extract detailed Australian real estate property listings with 30+ structured fields, including price, description, indoor and outdoor features, coordinates, nearby schools, agent contact details, images, and listing price history where available"
Linkedin Company Post Scraper,FreshData,https://apify.com/freshdata/linkedin-company-post-scraper?fpr=youssef,linkedin,22,334,5,1,Extract posts from any linkedin company. No cookies required
Twitter Timeline Scraper,Jan Danecki,https://apify.com/danek/twitter-timeline-ppr?fpr=youssef,social-leads,22,291,5,1,"Scrap Twitter timeline fast and easy. It is designed to be fast and efficient, so it can extract a large number of post for low price"
Website Email & Phone Scraper,NanoScrape,https://apify.com/santamaria-automations/website-email-scraper?fpr=youssef,email-finders,22,265,1,1,"Extract emails, phone numbers, and social media links from any website. No API keys needed, just paste URLs. Visits multiple pages per site to find all contact details"
Google Maps Reviews Scraper + Replies · Ratings · Search,Muhamed Didovic,https://apify.com/memo23/google-maps-reviews-scraper?fpr=youssef,google-maps,22,233,5,10,"Only [+ per 1K] Extract Google Maps reviews - by text search (""dentists in Austin TX""), place URL, Place ID, CID or FID. Owner replies, likes, review language + original text, trip details, star/keyword/date filters, GDPR mode. Export JSON/CSV, run via API, schedule or integrate"
Amazon Today's Deals Scraper,FalconScrape,https://apify.com/piotrv1001/amazon-todays-deals-scraper?fpr=youssef,other-lead-sources,22,207,5,2,"The Amazon Today's Deals Scraper efficiently extracts product listings from Amazon's Today's Deals page, capturing previous and current prices, price changes, titles, images, and product links. Ideal for price tracking, deal monitoring, and e-commerce analysis"
LinkedIn Posts Scraper No Login Required,VulnV,https://apify.com/vulnv/linkedin-posts-scraper?fpr=youssef,linkedin,22,205,5.0,2,"Extract comprehensive data from public LinkedIn posts including content, author information, engagement metrics, and more. Bulk processing supported. No LinkedIn authentication needed - just provide post URLs and get structured JSON data"
"Zillow Scraper - Unlimited Rentals, Sales & Sold Listings",ClearPath,https://apify.com/clearpath/zillow-bulk-search-unlimited-scraper?fpr=youssef,other-lead-sources,22,185,,0,"Extract unlimited Zillow rentals, for-sale, and sold listings from entire metro areas. Prices, beds, baths, sqft, photos, agent contact, days on market, and 50+ fields per property. Bypasses the 1,000-result cap. 17 filters: price, beds, home types, foreclosures. CSV/JSON. No login needed"
Webmotors Scraper,RibTools,https://apify.com/ribtools/webmotors-scraper?fpr=youssef,other-lead-sources,22,152,5,1,"Extract vehicle listings from Webmotors.com.br including cars and motorcycles. Get detailed info: prices, specs, photos, seller data. Fast scraping with anti-detection. Perfect for market analysis and inventory tracking"
Social Media Finder,Kevin,https://apify.com/burbn/social-links-search?fpr=youssef,linkedin,22,149,,0,"Find social media profiles of prospects across 9 networks (LinkedIn, Instagram, Facebook & more) with a single query. Boost your B2B lead generation & data enrichment"
"Xing Scraper - DACH Jobs, Salary & Company Data",Black Falcon Data,https://apify.com/blackfalcondata/xing-scraper?fpr=youssef,b2b-databases,22,80,5,1,"Scrape xing.com - DACH jobs across Germany, Austria, Switzerland, Luxembourg and the Netherlands monthly fee. Salary ranges and contact details come with every listing. Incremental updates keep recurring searches focused on what changed"
LinkedIn Company Scraper,Crawlworks,https://apify.com/crawlworks/linkedin-company-scraper?fpr=youssef,linkedin,22,57,5,1,"Scrape LinkedIn company profiles in bulk. No cookies or login required. Input a list of company URLs and get structured data: name, industry, employee count, headquarters, website, type, specialities, size, founded year, tagline, and office addresses"
Instagram Profile Scraper No Login Required,VulnV,https://apify.com/vulnv/instagram-profile-scraper?fpr=youssef,social-leads,21,1163,,0,"Extract comprehensive data from public Instagram profiles including follower counts, following counts, posts data, bio information, and profile details. Bulk processing supported. No Instagram authentication needed - just provide profile URLs and get structured JSON data"
LinkedIn Jobs Scraper,Orgupdate,https://apify.com/orgupdate/linkedin-jobs-scraper?fpr=youssef,linkedin,21,654,,0,"The latest and most advanced LinkedIn Job Scraper. Our LinkedIn Jobs Scraper extracts real-time job postings at scale from all over the world. A new research tool built for recruitment, insights and HR"
TikTok Profile Scraper - User detail,The Netaji,https://apify.com/thenetaji/tiktok-profile-scraper?fpr=youssef,social-leads,21,364,5,2,"Scrape TikTok profiles & posts fast and affordably! Get usernames, followers, bios, videos, captions & more for. Perfect for marketers, researchers & devs. Start scraping now!"
X (Twitter) Advanced Search Tweet Scraper 𝕏,Mikolabs,https://apify.com/mikolabs/x-twitter-advanced-search-tweet-scraper?fpr=youssef,social-leads,21,317,5,6,"Twitter/X scraper is Lightning-fast in 3 sec 20 tweets with 60+ advanced filters. Extract tweets by engagement, media, users, keywords, time, and location. Supports Latest/Top sorting, threads, quotes, and polls. Returns profiles, media URLs, engagement stats, and metadata"
"Instagram Reel Scraper - Views, Audio & Captions",ParseForge,https://apify.com/parseforge/instagram-reel-scraper?fpr=youssef,social-leads,21,212,,0,"Reads Reels from public Instagram profiles or reel URLs, with a date cutoff and an option to skip pinned reels. 22 fields per reel: views, likes, comments, caption, hashtags, mentions, duration, width and height, thumbnail, the direct video URL, and the audio track title, artist and ID"
Reclame Aqui Scraper - Consumer Complaints BR,viralanalyzer,https://apify.com/viralanalyzer/reclameaqui-scraper?fpr=youssef,other-lead-sources,21,210,3.8,9,"Extract Reclame Aqui data: company complaints, ratings, response rates"
Linkedin Profile Comments Scraper (No Cookie),Data Doping,https://apify.com/datadoping/linkedin-profile-comments-scraper?fpr=youssef,linkedin,21,189,,0,"For, scrape comments made by a profile from activity on LinkedIn. It Scrapes text, reactions, pinned, timestamp, etc. Note: If you're on free tier you can only scrape 4 profile and 100 comments per profile per run (12 profiles in total)"
Event Scraper Pro,WebDataLabs,https://apify.com/webdatalabs/event-scraper-pro?fpr=youssef,other-lead-sources,21,175,4.0,5,"Aggregate upcoming events from Meetup, Lu.ma and Eventbrite into one deduplicated dataset: title, date, venue, address, coordinates, category, image and links. Meetup and Lu.ma rows add RSVP counts and organizer details. Every run reports exactly which searches completed"
LinkedIn Posts Scraper - Reactions & Comments,ParseForge,https://apify.com/parseforge/linkedin-posts-scraper?fpr=youssef,linkedin,21,125,5,2,"Scrape LinkedIn posts from any public profile or company page. Each post returns text, publish date, reaction breakdown, comment and repost counts, media and the author profile, as one flat row. No cookies required. Export to CSV, Excel, JSON or XML"
Username Search - Find Social Accounts by Username (150+ Sites),Apivault Labs,https://apify.com/apivault_labs/maigret-username-osint?fpr=youssef,enrichment-verification,21,73,,0,"Search a username across 3000+ sites and get an identity dossier: exposure score (0-100), category breakdown, names/locations/emails, risk flags. Bulk usernames, pay per profile found:. No login"
Facebook Page Details Scraper · No Cookies,Data Slayer,https://apify.com/data-slayer/facebook-page-details?fpr=youssef,social-leads,21,66,,0,"Extract full Facebook page profiles without login. Get page name, followers, categories, contact info (phone, email, website), address, ratings, services, price range, and verification status. No cookies, no authentication. JSON/CSV/Excel export"
LinkedIn Company Details Scraper NO COOKIES,Atomus APIs,https://apify.com/atomus/linkedin-company-scraper?fpr=youssef,linkedin,21,53,5.0,3,"Enrich LinkedIn company URLs or domains into structured firmographic records: industry, employee count, revenue band, funding rounds, HQ, and full tech stack. Submit up to 5,000 inputs per run, one record each. Pay only for companies found; not-found and errors are free. No login needed"
"B2B Sales Triggers - Hiring Surge, Funding, Press, Exec Changes",Seibs.co,https://apify.com/seibs.co/b2b-sales-triggers?fpr=youssef,b2b-databases,21,46,,0,"B2B intent data aggregator. For a list of target companies, computes: hiring surge (LinkedIn delta), funding rounds, press mentions, executive changes, tech stack adoption, recent patent filings, customer mentions. Composite trigger score per company. For SDR teams"
Secretary of State Business Entity Search + UCC Liens - KYB,Scott Helvick,https://apify.com/shelvick/business-entity-lien-search?fpr=youssef,other-lead-sources,21,31,,0,"Secretary of State (SOS) business registry search, 45 US states incl. Florida Sunbiz - company, LLC and corporation lookup: status, formation, registered agent, officers, directors - joined to UCC lien filings in 28 states. UCC search by debtor name. KYB business verification for lending agents"
Facebook Group Profile Scraper,EasyApi,https://apify.com/easyapi/facebook-group-profile-scraper?fpr=youssef,social-leads,20,313,1.8,2,"Extract detailed information from Facebook Groups including group stats, admins, moderators, rules, and activity metrics. Perfect for market research, community analysis, and social media monitoring"
Walmart Product Scraper,Billy,https://apify.com/web_wanderer/walmart-product-scraper?fpr=youssef,other-lead-sources,20,308,4,1,"Extract product details from walmart.com/walmart.ca. Get titles, prices, sku, availability, reviews & more - fast and reliable!"
TikTok Post Scraper,The Netaji,https://apify.com/thenetaji/tiktok-post-scraper?fpr=youssef,social-leads,20,207,5,1,"Scrape TikTok profiles and posts effortlessly with our fast and affordable scraper - ! Get bio, stats, and content in seconds. Perfect for research, analytics, and growth hacking"
SEEK Australia Jobs Scraper,ParseForge,https://apify.com/parseforge/seek-scraper?fpr=youssef,jobs-hiring-signals,20,204,,0,"Scrapes SEEK Australia job listings by keyword, location, or direct URL. Returns title, company, salary, location, and optional full job description"
YouTube Email Scraper,Crawler Bros,https://apify.com/crawlerbros/youtube-email-scraper?fpr=youssef,email-finders,20,145,,0,"Extract emails from YouTube channels without CAPTCHA bypass. Scans channel About descriptions and follows Instagram, TikTok and Linktree profiles linked from the channel. HTTP-only, no cookies, no API keys"
Local.ch Leads Scraper,Azzouzana,https://apify.com/azzouzana/local-ch-scraper?fpr=youssef,france-francophonie,20,143,5,1,"ch Leads in seconds Get names, phones, emails, addresses, opening hours, reviews, and more. Export to Excel, CSV, HTML, or via API. Fast, simple, and super affordable! Grab your search URL & you're good to go"
Bulk Website Contact Scraper,Purple Beep Boop,https://apify.com/purple_beep_boop/bulk-website-contact-scraper?fpr=youssef,email-finders,20,139,5,4,"Extract publicly available contact details from websites in bulk. One result per domain, easy automation integration. 100 free domains per month, then a paid Apify plan"
"Youtube Channel Scraper V2 [FAST] | Subs, Stats & Contact",Apizy,https://apify.com/apizy/youtube-channel-scraper-v2?fpr=youssef,social-leads,20,129,4.0,9,"Scrape YouTube channel subscribers, views, engagement rate, email, and social links - 2x faster than previous version. Transparent pay-per-success pricing -, only when it succeeds. Never charged for failures. 100 channels = No subscriptions, no hidden fees"
LinkedIn User Comments Scraper [NO COOKIES],Unseen User,https://apify.com/unseenuser/LinkedIn-user-comments?fpr=youssef,linkedin,20,67,5.0,4,"Scrape every comment a LinkedIn user has posted on other people's content. Get comment text, target posts, engagement, timestamps, and reaction breakdowns. The richest signal for personalized B2B outreach. No login, no cookies. Built for SDRs and ABM teams"
LinkedIn Company Scraper - Exact Employee Count,Vitalii Bondarev,https://apify.com/bovi/linkedin-company-scraper?fpr=youssef,linkedin,20,52,,0,"Scrape LinkedIn public company pages: exact employee count, company type, size range, specialties, tagline, industry, HQ, website, founded year, funding rounds + investors, and featured employees. No login required. parse_confidence on every row"
"LinkedIn Company Scraper | 12 Fields, No Login or Cookies",The Mine Works,https://apify.com/themineworks/linkedin-company-details?fpr=youssef,linkedin,20,39,,0,"Scrape public LinkedIn company pages with no login or cookies. Get name, industry, size, HQ, founded, website, followers, specialties.. MCP ready"
Instagram Email Scraper,EasyApi,https://apify.com/easyapi/instagram-email-scraper?fpr=youssef,email-finders,19,1362,1,4,"Effortlessly scrape email addresses from Instagram profiles! Find Instagram users matching your keywords and specific email domains. Perfect for influencer marketing, brand collaborations, and targeted outreach campaigns. Powered by stealth technology for reliable data collection"
G2 Product Reviews Scraper,PowerAI,https://apify.com/powerai/g2-product-reviews-scraper?fpr=youssef,directories,19,769,1.7,5,Scrape product reviews and customer feedback from G2 for software products using our API wrapper service
Instagram Email & Phone Extractor - IG Leads Scraper,Aditya,https://apify.com/astounding_stork/instagram-email-phone-extractor-ig-leads-scraper?fpr=youssef,email-finders,19,305,5,2,"Bulk-check Instagram usernames → get contact details. Get: Email + Phone (when available), plus basic profile data (name, bio, followers, verification). Best for fast, low-cost, high-quality leads & bulk checks. #1 Instagram Email & Phone Scraper"
Tweets-x-Scraper,Mikolabs,https://apify.com/mikolabs/tweets-x-scraper?fpr=youssef,social-leads,19,293,5,6,"Extract anything from X (Twitter) with speed and precision. This smart scraper auto-detects what to collect - tweets, profiles, users, lists, or media - and delivers clean, structured data instantly. Just enter usernames, URLs, or keywords and let automation do the rest"
Tiktok Ad Library Scraper,Gen First,https://apify.com/ivanvs/tiktok-ad-library-scraper?fpr=youssef,social-leads,19,256,,0,"Extract details about ads from TikTok Ad Library. Scrape ad details like when it was run, ad targeting, advertiser and content of ad. Download ad data in JSON, XML, Excel format"
"Mercado Livre Scraper - Products, Prices & Sellers",viralanalyzer,https://apify.com/viralanalyzer/mercadolivre-scraper?fpr=youssef,other-lead-sources,19,234,5,5,"Scrape Mercado Livre Brazil: product listings, prices, reviews, seller ratings, and shipping"
Meetup Events Scraper,EasyApi,https://apify.com/easyapi/meetup-events-scraper?fpr=youssef,other-lead-sources,19,204,5.0,3,"Effortlessly scrape Meetup events data with this powerful Apify Actor. Search by keywords, locations, and event types to gather comprehensive information on upcoming events. Perfect for market research, event planning, and trend analysis. Customizable and easy to use!"
Facebook Ads Library Scraper API,API Creators,https://apify.com/api_creators/facebook-ads-library-scraper-api?fpr=youssef,social-leads,19,180,5.0,5,"! Scrape Facebook Ad Library: Extract ad data, copy & creatives from FB & Instagram. Powerful Facebook Ads Scraper for competitor research & ad intelligence. Search by keyword or Page ID. Export JSON, CSV, or Excel. Fast, reliable, and cheap Facebook Ad Library API"
Leboncoin Universal Scraper,Scrapifier,https://apify.com/scrapifier/leboncoin-universal-scraper?fpr=youssef,france-francophonie,19,161,2.7,5,"Extract unlimited Leboncoin listings in seconds! Just drop your search URL and instantly get rich, structured data - ready for market insights, real estate deals, pricing intel, or lead generation. Stop copying listings manually - automate it all and stay ahead!"
APEC Jobs Scraper,EasyApi,https://apify.com/easyapi/apec-jobs-scraper?fpr=youssef,france-francophonie,19,134,,0,"Extract detailed job listings from APEC.fr with comprehensive information including job titles, salaries, locations, and company details. Perfect for job market analysis, recruitment research, and tracking employment opportunities in France"
LinkedIn Scraper,Arben Sabani,https://apify.com/sabania/linkedin-scraper?fpr=youssef,linkedin,19,131,,0,"All-in-one LinkedIn scraper: profiles, jobs, posts, and companies. No cookies, no login required. Rich data: experience, skills, job descriptions, salary, reactions. Chrome TLS fingerprint + residential proxy. Lightweight HTTP-only, 256MB"
Google Ads Scraper [NO COOKIES] [NO LOGIN],Unseen User,https://apify.com/unseenuser/Google-ads?fpr=youssef,social-leads,19,98,5,3,"Extract every ad an advertiser ran on Google - Search, YouTube, Display, Shopping - from Google's official Ads Transparency Center. Get creatives, formats, run dates, and targeting regions. No Google Ads account or API key required. Built for paid media analysts and agencies"
Trustpilot Reviews Scraper,Azzouzana,https://apify.com/azzouzana/trustpilot-scraper?fpr=youssef,directories,19,70,5.0,3,"reviews at scale with 70+ data points (ratings, text, country, names, replies, full business profiles, reviews distributions and more). Bypass Trustpilot’s ~200 limit at lightning speed! Export to JSON/CSV/Excel/API. AI-agent ready - start now!"
"Indeed Jobs Scraper Salaries, Filters & Company Data",Factden,https://apify.com/factden/indeed-jobs-scraper?fpr=youssef,b2b-databases,19,56,5,5,"Indeed jobs scraper: extract job listings, salaries, company details and full job descriptions. Native salary-range filter (+ remote, date, type, level), every result page, structured JSON, 60+ countries, no login., free credit ≈ 2,500 jobs"
LinkedIn Scraper,Jamshaid Arif,https://apify.com/moving_beacon-owner1/linkedin-scraper?fpr=youssef,linkedin,19,55,,0,"This Apify actor scrapes LinkedIn public pages in five modes: - Job results (title, company, location, date, URLs) - Full job posting details (description, seniority, type) - Public profile JSON (name, headline, experience, education, skills) - LinkedIn Pulse article body and metadata"
LinkedIn Company Data Scraper API,Jamshaid Arif,https://apify.com/moving_beacon-owner1/my-actor-7?fpr=youssef,linkedin,19,43,,0,"Scrape company profiles, industries, employees, and more with scalable concurrency and anti-blocking proxy support"
LinkedIn Company Posts Scraper,Khadin Akbar,https://apify.com/khadinakbar/linkedin-company-posts-scraper?fpr=youssef,linkedin,19,33,,0,Scrape public LinkedIn company posts without user cookies. Uses ScrapeCreators as the primary provider and SociaVault as fallback/enrichment for company profile and post details. MCP/API-ready
Company Domain Finder,丂卩ㄖㄖҜㄚ,https://apify.com/spookyweb/company-domain-finder?fpr=youssef,directories,19,24,,0,"Turn a list of company names into official websites and social profiles, with a confidence score, the signals that fired, and the rejected candidates and why. Directory and profile hosts are never returned as a company website"
Instagram Posts Scraper - Pay per Results,Jan Danecki,https://apify.com/danek/instagram-posts-scraper-ppr?fpr=youssef,social-leads,18,1130,5,1,"Scrap Instagram Posts fast and easy. It is designed to be fast and efficient, so it can extract a large number of posts for low price"
Facebook Ad Library Scraper [No Login] Ads & Creatives,viralanalyzer,https://apify.com/viralanalyzer/facebook-ads-library?fpr=youssef,social-leads,18,479,4.9,6,"Scrape active Meta and Facebook ads globally without login or cookies: ad copy, creative media, targeting, advertiser page, and CTA links. Pay per ad scraped"
TruePeopleSearch Contact Finder,ScrapySpider,https://apify.com/scrapyspider/truepeoplesearch-contact-finder?fpr=youssef,email-finders,18,319,,0,"Find contact information for people using TruePeopleSearch. Search by name and address to extract phone numbers, email addresses, age, current and previous residential addresses. Smart name matching with retry logic. Requires ScrapFly API key. Export as JSON, CSV, or Excel"
Redfin Property Search Scraper,Maksym Bohomolov,https://apify.com/mantisus/redfin-fast-scraper-per-results?fpr=youssef,other-lead-sources,18,248,5,2,"Scrape listings from Redfin search results: for-sale, rental, and sold properties. Returns prices, photos, MLS codes, agent phones, and property specs. Input: search URL or ZIP code list with filters"
ImmoScout24 Detail Scraper 300ms/req | ImmobilienScout24,ClearPath,https://apify.com/clearpath/immoscout24-detail-listing-scraper?fpr=youssef,other-lead-sources,18,191,,0,"Vollständige Immobiliendetails aus ImmoScout24-URLs: Preise, Zimmer, Fläche, Adresse, Ausstattung, Energiedaten und Maklerkontakt mit Telefonnummer. Bis zu 10.000 Inserate pro Lauf. Export als CSV, JSON oder Excel"
Jobs.ch Scraper,Lexis Solutions,https://apify.com/lexis-solutions/jobs-ch-scraper?fpr=youssef,jobs-hiring-signals,18,153,5,6,"Scrape jobs from Switzerland's largest job board Jobs.ch. Automated data extraction of Swiss job listings with locations, salaries & company details"
"Immobilien Export Pro - ImmoScout24, Kleinanzeigen, Immowelt",ClearPath,https://apify.com/clearpath/immobilien-export-pro?fpr=youssef,other-lead-sources,18,134,,0,"70.000+ deutsche Kaufimmobilien von ImmoScout24, Kleinanzeigen & Immowelt. Preisverlauf, Kontaktdaten, Löschungen, Koordinaten. Echtzeit-Daten, plattformübergreifende Deduplizierung. Export als JSON, CSV, Excel oder via API"
Judge.me Store Scraper,SASWAVE,https://apify.com/saswave/judge-me-store-scraper?fpr=youssef,other-lead-sources,18,127,5,2,"Advanced Judme.me scraper. Collect company informations, reviews at scale. Reviews have a limit of 10 000 per store"
LinkedIn Company Scraper,Coder,https://apify.com/calm_builder/linkedin-company-scraper?fpr=youssef,linkedin,18,59,,0,"Collect structured data from public LinkedIn company and showcase pages. Get firmographics, followers, website, affiliated and similar pages, and recent posts with engagement metrics. No login required - built for B2B lead generation, ABM, and competitive research"
LinkedIn Company Scraper - Firmographics & B2B Leads,Scrape Sage,https://apify.com/scrapesage/linkedin-company-scraper?fpr=youssef,linkedin,18,47,,0,"Scrape public LinkedIn company pages by URL, slug, numeric ID, domain or name. Get name, industry, company size, employee count, followers, website, HQ address, specialties, founded year, type, logo & latest post - plus a lead score and only-new monitor mode"
LinkedIn Posts API | Scrape Profile Posts & Engagement,John,https://apify.com/johnvc/linkedin-posts-api?fpr=youssef,linkedin,18,38,5,1,"Collect public LinkedIn posts as clean, structured JSON. Discover every post from a profile URL, or fetch specific post URLs, with text, reactions, comments, shares, media, hashtags, and author details. Pay per post, MCP-ready for Claude and AI agents"
LinkedIn Company Employees Scraper NO COOKIES,Atomus APIs,https://apify.com/atomus/linkedin-company-employees?fpr=youssef,linkedin,18,34,5,3,"Get a company's employees as rich profiles from a LinkedIn URL or domain: work history, education, skills, certifications, badges, plus company firmographics. Filter by title, seniority, location and 557 specific job functions, not just 35 broad departments. Optional verified email. Pay per result"
Youtube Channel Scraper,API Dojo,https://apify.com/apidojo/youtube-channel-scraper?fpr=youssef,social-leads,17,706,5,7,"The perfect tool for exceptional YouTube channel video retrieval tool. Experience unparalleled quickness and thoroughness in searching and directly obtaining videos from channels. Furthermore, it's incredibly affordable at !"
B2B LinkedIn Lead Generator,Cobey AI,https://apify.com/chieftools/b2b-linkedin-lead-generator?fpr=youssef,linkedin,17,400,4.3,24,"Find B2B decision-makers on LinkedIn by describing your ideal customer. AI discovers matching companies from live web data, identifies the right people, and scores every lead for relevance. Pay only for qualifying leads"
Email Verifier & Validator + CSV Input (ZeroBounce Alt),Mando,https://apify.com/amr-mando/email-verifier?fpr=youssef,email-finders,17,271,4.1,3,Validate your emails with 100% handshake accuracy Bulk CSV & output with original columns without manual matching
Pap.fr Scraper Estate Extractor,Azzouzana,https://apify.com/azzouzana/pap-fr-mass-products-scraper-by-search-url?fpr=youssef,france-francophonie,17,188,4.1,2,"Scraper PAP.fr: Exportez les annonces immobilières (Vente & Location) en CSV/JSON via URL de recherche. Extrayez prix, photos, DPE, transports et contacts vendeurs en direct en France. Idéal pour l'investissement locatif, les acheteurs et l'extraction de données Seulement 1,2$/1K !"
VK Groups Scraper,EasyApi,https://apify.com/easyapi/vk-groups-scraper?fpr=youssef,other-lead-sources,17,171,1,1,"Scrape VK groups and communities data with advanced search capabilities. Extract group details including name, ID, followers count, category, and more. Perfect for market research and social media analysis"
Signalbase - Funding & Business Signals API,Signalbase,https://apify.com/signalbase/signalbase-api?fpr=youssef,jobs-hiring-signals,17,140,5.0,3,"Real-time GTM signal infrastructure giving you minute-old funding rounds, acquisitions, hiring, and executive job changes. Source-attributed and built for data vendors, GTM teams, and AI agents"
Funda Scraper,Gen First,https://apify.com/ivanvs/funda-scraper?fpr=youssef,other-lead-sources,17,114,,0,"Extract data from funda.nl for data on thousands of apartments and house listings. Scrape house location, extract descriptions, images, prices, addresses, names, and all other listing details. Unlimited and extremely fast!"
APEC Jobs Scraper,Shahid Irfan,https://apify.com/shahidirfan/APEC-Jobs-Scraper?fpr=youssef,france-francophonie,17,85,5,6,"Extract APEC job listings at scale with structured data including job titles, companies, locations, descriptions, and job URLs. Built for reliable job market research, recruitment intelligence, employment analysis, lead generation, and automated job data collection"
TikTok User Search Scraper - Find Creators [NO LOGIN],Unseen User,https://apify.com/unseenuser/tiktok-user-search-scraper?fpr=youssef,social-leads,17,79,5,4,"Search TikTok users and creators by keyword. Get handles, bios, follower counts, and recent videos. Built for creator discovery, influencer research, and lead generation by topic or niche. No login, no cookies. Pair with our Followers Scraper to map full audiences"
Google Maps Lead Finder (Filters & Executive Emails),NoSite,https://apify.com/am_production/google-maps-lead-finder?fpr=youssef,google-maps,17,75,5,6,"Scrape Google Maps by location + keyword, filter with static rules (rating, reviews, category, contact requirements), then enrich with business emails and decision-maker contacts (name, title, MX-validated email, LinkedIn)"
AutoScout24 All-Country Scraper,youssef farhan,https://apify.com/fayoussef/autoscout24?fpr=youssef,other-lead-sources,17,68,5,1,"Our autoscout24 scraper makes it simple to collect listings at scale and in all countries. Works on autoscout24.de,.at,.fr,.it,.es,.nl,.be,.lu and.com"
Job-Room.ch Scraper - Swiss Federal Jobs,NanoScrape,https://apify.com/santamaria-automations/arbeit-swiss-scraper?fpr=youssef,jobs-hiring-signals,17,62,,0,"Scrape SECO federal jobs from arbeit.swiss (DE), travail.swiss (FR), lavoro.swiss (IT), work.swiss (EN) - Job-Room.ch platform. All Swiss cantons. Filter by canton, workload %, posting date. Returns employer, location, contract type, deadline, description"
TikTok Lookalike Search,Data Over Coffee,https://apify.com/dataovercoffee/tiktok-lookalike-search?fpr=youssef,social-leads,17,52,5,3,TikTok influencer & creator search: find lookalike creators + stats + emails from 300M+ accounts
LinkedIn Jobs API | Search Job Listings & Salaries,John,https://apify.com/johnvc/linkedin-jobs-api?fpr=youssef,linkedin,17,46,5,1,"Search public LinkedIn job listings as clean, structured JSON. Find jobs by keyword, location, seniority, and job type, or fetch specific job URLs. Get title, company, location, salary, description, and apply links. Pay per job, MCP-ready for Claude and AI agents"
LinkedIn Hiring Intent Monitor,furkan beydemir,https://apify.com/beydemirfurkan/discover-web-tools?fpr=youssef,linkedin,17,43,,0,"Monitor company hiring intent signals for lead generation and sales prioritization. Supports MVP mode and live Crawlee extraction with LinkedIn-oriented parsing, normalized output records, and reliability metrics"
eBay Scraper (Pay Per Result),Gen First,https://apify.com/ivanvs/ebay-scraper-pay-per-result?fpr=youssef,other-lead-sources,16,399,3,1,"Extract data from classified advertisements on eBay. Scrape any category of items that are being sold on eBay. Download listings data in JSON, XML, Excel, and other versatile formats"
Clutch Company Scraper,SASWAVE,https://apify.com/saswave/clutch-company-scraper?fpr=youssef,directories,16,181,4.4,3,"Advanced Clutch.co scraper. Extract data from companies / agencies. (phonenumber, website, social account, employees number, company identification number and more). Help you build your TAM"
Linkedin Company Scraper Bulk (No Cookies),Goldmine,https://apify.com/logical_scrapers/linkedin-company-scraper-pro?fpr=youssef,linkedin,16,178,5,1,"() LinkedIn company scraper. Pull unlimited number enriched company profiles in under 10 minutes. Company name, address, description, employee count, logo URL, website, industry, company size/type, headquarters, founding year, specialties, similar/affiliated pages, stock info and more"
Zalando [] Scraper (PPE),Muhamed Didovic,https://apify.com/memo23/zalando-scraper?fpr=youssef,other-lead-sources,16,177,4.9,15,"This actor allows you to scrape Zalando product listings and get important details such as product name, price, brand, sizes, availability, images, and more. It is useful for gathering fashion product data from Zalando for analysis, market research, or competitive analysis"
1688.com Supplier Scraper,devcake,https://apify.com/devcake/1688-com-supplier-scraper?fpr=youssef,other-lead-sources,16,155,,0,"Fast 1688.com supplier scraper. Get verified factory profiles, quality scores, and product offers. Source directly from gold-certified manufacturers for E-commerce"
AutoScout24 [] DE·AT·IT·ES·FR·BE·NL·LU·.com,Muhamed Didovic,https://apify.com/memo23/autoscout24-scraper?fpr=youssef,other-lead-sources,16,138,5.0,11,This powerful scraper captures everything from technical specs and pricing to full descriptions and dealer info
Just Eat Restaurant Scraper,EasyApi,https://apify.com/easyapi/just-eat-restaurant-scraper?fpr=youssef,other-lead-sources,16,129,5,1,"Powerful Just Eat restaurant scraper that extracts comprehensive data including restaurant details, ratings, delivery info, and deals. Perfect for market research, food delivery analysis, and competitor monitoring. Supports custom search URLs and proxy configuration"
Whop Scraper | Fast & Reliable,Fatih Tahta,https://apify.com/fatihtahta/whop-scraper?fpr=youssef,other-lead-sources,16,123,,0,"Scrape Whop’s marketplace into clean, structured data. Capture listings for digital products, memberships, courses and communities with pricing, company details, metrics, categories and media. Perfect for market research, lead lists and tracking top offers"
Zillow Rentals Scraper,ParseForge,https://apify.com/parseforge/zillow-rentals-scraper?fpr=youssef,other-lead-sources,16,119,2.3,2,"Scrapes Zillow rental listings from a search URL and returns each listing as a flat row with price, beds, baths, square footage, and address"
ZipRecruiter Job Scraper - 7 Country Markets,Black Falcon Data,https://apify.com/blackfalcondata/ziprecruiter-job-scraper?fpr=youssef,jobs-hiring-signals,16,65,,0,"Scrape ZipRecruiter (ziprecruiter.com) across 7 countries (US, GB, IE, IN, DE, FR, NZ). Salary and benefits data for US, geo-coordinates and job descriptions for all markets. Incremental mode detects new and changed listings, plus lean output for AI agents and MCP workflows"
LinkedIn User Reactions Scraper [NO COOKIES],Unseen User,https://apify.com/unseenuser/LinkedIn-user-reactions?fpr=youssef,linkedin,16,25,5,5,"Scrape every reaction (like, celebrate, support) a LinkedIn user has given. See what topics interest them at a glance - lighter signal than comments but 10x broader coverage. No login, no cookies. Built for topic interest mapping and lightweight prospect research"
LinkedIn Company API | Firmographics & Sales Intelligence,John,https://apify.com/johnvc/linkedin-company-api?fpr=youssef,linkedin,16,22,5,1,"Collect public LinkedIn company pages as clean, structured JSON. Send company URLs or search by company name and get industry, size, headquarters, followers, specialties, and locations, ready to chain into Crunchbase funding lookup by name. Pay per company, MCP-ready for Claude and AI agents"
Extended GPT Scraper,Jakub Drobník,https://apify.com/drobnikj/extended-gpt-scraper?fpr=youssef,email-finders,15,1619,4.8,5,"Extract data from any website and feed it into GPT via the OpenAI API. Use ChatGPT to proofread content, analyze sentiment, summarize reviews, extract contact details, and much more"
Deep Website Content Crawler,David,https://apify.com/6sigmag/deep-website-content-crawler?fpr=youssef,other-lead-sources,15,1117,3,1,"Scrape Failed Killer! A high-performance web scraper that rapidly extracts and analyzes content from multiple websites simultaneously. Perfect for competitive research, content aggregation, and website structure analysis"
LinkedIn Posts Search Scraper,PowerAI,https://apify.com/powerai/linkedin-posts-search-scraper?fpr=youssef,linkedin,15,703,1.6,2,"Extract posts from LinkedIn with detailed metadata including content, author details, engagement metrics, and direct URLs. Perfect for social media analysis, content research, and brand monitoring"
HTML Scraper pro,scrapingxpert,https://apify.com/scrapingxpert/html-scraper-pro?fpr=youssef,other-lead-sources,15,404,5,1,"The HTML Scraper Pro is a powerful tool designed to extract the HTML source code and metadata from websites. It uses advanced web scraping techniques to retrieve the full HTML content of web pages,page title and HTTP status code.This tool is ideal for data extraction, website analysis, and archiving"
Y Combinator Scraper - 5000+ Startups & 8000+ Founders,ClearPath,https://apify.com/clearpath/ycombinator-api-scraper?fpr=youssef,jobs-hiring-signals,15,403,4.3,2,"Extract complete Y Combinator ecosystem data - 5000+ companies, 8000+ founders, 3500+ jobs. Perfect for VCs, recruiters, and researchers. Get startup intelligence, funding trends, team data, and job listings. Reliable Python scraper with proxy support. Start"
Dentist & Doctor Lead Scraper - Verified Emails,Sam Kleespies,https://apify.com/samstorm/dentist-lead-scraper?fpr=youssef,email-finders,15,313,,0,"Scrape dentist, doctor & clinic contacts from Google Maps with verified emails, phones & social links. Real-time data, not stale databases. Export to HubSpot, Salesforce, or CSV. Perfect for healthcare marketing, dental SaaS sales & medical recruiting"
Google Maps Scraper - Emails & Socials Included,Rémi Pelloux,https://apify.com/rp_openpro.ai/google-maps-scraper?fpr=youssef,google-maps,15,223,5,1,"Google Maps email extractor for local leads. Contacts, phones, 6 socials in the place price - no add-on. Deduped unique places. ()"
"Fast Pagesjaunes Leads Scraper - Phone, Email [No Proxy]",mostafa ennadi,https://apify.com/mostafa-ennadi/fast-pagesjaunes-france-business-leads-scraper-no-proxy?fpr=youssef,france-francophonie,15,181,5,1,"Fast Pagesjaunes leads by keyword or NAF code. Get phones, emails, websites, SIRET/SIREN, and direct listing URLs. No proxy needed"
X / Twitter Profiles Scraper - 45 Fields,ParseForge,https://apify.com/parseforge/x-com-profiles-scraper?fpr=youssef,social-leads,15,142,,0,"Reads X (Twitter) profiles from handles, user IDs or URLs, with blue-check and professional-type filters. 45 fields per profile: name, bio, location, website, followers, following, posts, likes and media counts, verification type, professional category, affiliates, pinned post and creation date"
Yellow Pages AU URL | Keywords | Reviews Scraper,Abot API,https://apify.com/abotapi/yellow-pages-au-scraper?fpr=youssef,directories,15,124,,0,"Scrape business listings from Yellow Pages Australia by type and location. Get names, contacts, websites, ratings, social links, and more. Supports filters, sorting, and custom output fields. Perfect for lead gen, local SEO, and market research"
Instagram Comments Scraper with Replies · No Login,Data Slayer,https://apify.com/data-slayer/instagram-comments-scraper-no-login-required?fpr=youssef,social-leads,15,92,,0,"Extract comments and optional replies from publicly accessible Instagram posts. Add stable parent IDs and available public commenter profile fields. Export JSON, CSV, or Excel. No Instagram login required"
Seloger France Powerful Filters + Deep Search,Abot API,https://apify.com/abotapi/seloger-france-scraper?fpr=youssef,france-francophonie,15,88,,0,"Scrape property listings from seloger.com. Supports buy and rent searches with location, price, rooms, and property type filters. Extracts price, area, rooms, energy class, coordinates, images, agent info, transport lines, and descriptions"
Google Ads Scraper,LurkAPI,https://apify.com/lurkapi/google-ads-scraper?fpr=youssef,other-lead-sources,15,84,,0,"Scrape Google Ads Transparency Center by advertiser ID, domain (auto-resolved), or search term. Optional OCR, landing-page scrape, media download"
Company | Organization Leads Finder similar to Apollo Linkedin,Brave Leads,https://apify.com/braveleads/company-organization-finder-apollo-linkedin?fpr=youssef,linkedin,15,81,5.0,13,"Filter by industry, revenue, size, and more. Built to match the depth of Apollo, LinkedIn, and ZoomInfo"
SeLoger [] All-in-One - Search · Detail · Agencies,Muhamed Didovic,https://apify.com/memo23/seloger-scraper?fpr=youssef,france-francophonie,15,73,5,1,"Scraper SeLoger: extraction immobilière par URL de recherche, d'annonce ou d'agence dans un seul actor. Récupérez prix, m², pièces, chambres, DPE, charges, honoraires, meublé, balcon, garage, photos, coordonnées GPS, plus téléphone et e-mail de l'agence. 99 champs, export JSON, CSV ou Excel"
Welcome to the Jungle Jobs Scrape Board-Wide Search + 44 Fields,Muhamed Didovic,https://apify.com/memo23/welcometothejungle-jobs-scraper?fpr=youssef,france-francophonie,15,49,,0,"Pull every matching Welcome to the Jungle job in one run - board-wide keyword search (US + global), or scrape specific companies, or crawl the whole board. Up to 44 fields per job incl. full description, salary, remote, experience. 13 filters at the source. No login. JSON or CSV"
Yelp Advanced Business Scraper: Pay Per Result,ВAH,https://apify.com/delicious_zebu/yelp-advanced-business-scraper-pay-per-result?fpr=youssef,directories,14,562,5.0,28,"Scrape Yelp business data & leads at scale - names, ratings, reviews, contact info, hours, amenities, popular dishes, health scores, Q&A & more. Works for restaurants, services & any Yelp category. Pay per result, no subscription. Great for lead generation, market research & apps"
TikTok Comment API,Novi,https://apify.com/novi/tiktok-comment-api?fpr=youssef,social-leads,14,559,4.7,8,Super Fast TikTok Comment API. Seamlessly retrieve comments with speed and efficiency. You don't need to pay for proxy because we use our own
"Price scraper - Extract prices, availability from any url/EAN",SR,https://apify.com/s-r/price-scraper---extract-prices-availability-from-any-url?fpr=youssef,other-lead-sources,14,289,,0,"Cheapest advanced price scraping tool for PDP URLs (works with any site!)/EAN. Extract real-time product prices, even from those that are blocked! Automated web scraper for monitoring webshop prices across multiple URLs. Perfect for price comparison, competitor analysis & dynamic pricing strategies"
Checkatrade Scraper,VulnV,https://apify.com/vulnv/checkatrade?fpr=youssef,email-finders,14,280,5.0,1,"Scrape Checkatrade business listings with this Apify actor. Extract data like company names, reviews, ratings, contact details, and more - ideal for lead generation, market research, or competitor analysis"
Linkedin Keyword Posts Urls Scraper,SaSkY,https://apify.com/sasky/linkedin-keyword-posts-urls-scraper?fpr=youssef,linkedin,14,254,,0,Scrapes Linkedin posts URLs related to a given keyword
Amazon Product Data Scraper,ВAH,https://apify.com/delicious_zebu/amazon-product-data-scraper?fpr=youssef,other-lead-sources,14,244,5.0,31,"Scrape Amazon product data by keyword or category/search URL across 20 country websites: price, rating, reviews, variants, seller, images and more"
Etsy Product Scraper,SASWAVE,https://apify.com/saswave/etsy-product-scraper?fpr=youssef,other-lead-sources,14,238,,0,"Etsy scraper extract product details, descriptions, images, seller info, and more. Start from search url or product direct url"
Automate WhatsApp in One API,Alexandre Manguis,https://apify.com/leadsbrary/automate-whatsapp-in-one-api?fpr=youssef,social-leads,14,157,5,3,"Unlock WhatsApp automation in minutes: connect once via QR, then run messaging, media sends, number verification, chat exports, backups, and job tracking from one production-ready Control Center + API. Built for CRM, support, sales, and ops teams that need speed, reliability, and scale"
Scraper Leboncoin.fr (API) Rapide - Extraction d'Annonces,ClearPath,https://apify.com/clearpath/leboncoin-api-ppe?fpr=youssef,france-francophonie,14,132,,0,"Leboncoin.fr API: extraction rapide d'annonces avec prix, localisation, vendeur et photos. Jusqu'à 10 000 annonces par exécution. Filtres prix, vendeur, état. Mode surveillance avec alertes Telegram. JSON/CSV/Excel"
Wellfound Company & Job Scraper,SASWAVE,https://apify.com/saswave/wellfound-company-job-scraper?fpr=youssef,jobs-hiring-signals,14,127,5,2,"Data extractor for Wellfound (formerly AngelList Talent). Extract structured startup job postings, company profiles, compensation data, equity offerings, and remote work policies directly from search URLs or direct links"
Y Combinator Companies Scraper,ParseForge,https://apify.com/parseforge/y-combinator-scraper?fpr=youssef,directories,14,83,,0,"Scrapes Y Combinator company profiles from the public directory. Returns each company as a flat row with optional founder details and open job listings, filterable by batch, industry, region, and status"
LinkedIn Company Data Extractor (No Cookies Required),Swarm Garden,https://apify.com/swarmgarden/linkedin-company-data-extractor?fpr=youssef,linkedin,14,78,,0,"Extract LinkedIn company information without cookies or login. Fast, reliable data extraction for company details, employee count, industry, and more"
LinkedIn Company Posts Scraper No Login Required,VulnV,https://apify.com/vulnv/linkedin-company-posts?fpr=youssef,linkedin,14,41,,0,"Collect all posts published by any public LinkedIn company page - post text, engagement metrics, media, and author details. Just provide company slugs or URLs. No login or cookies required"
Kompass Scraper - Global B2B Company & Supplier Leads,Scrape Sage,https://apify.com/scrapesage/kompass-scraper?fpr=youssef,france-francophonie,14,40,,0,"Scrape the Kompass global B2B directory (60+ countries): company name, phone, email, website, full address, VAT & registration number, legal form, employees, year founded, products & a 0-100 lead score. Filter by country, industry & company type. No login"
Company Data Scraper (B2B Lead Gen),Syed Rupom,https://apify.com/rupom888/company-data-scraper?fpr=youssef,b2b-databases,14,32,,0,"Scrape company information for B2B lead generation from public sources. Input company names or domains to get: employee count, industry, founded year, revenue estimates, social profiles, technologies used, headquarters, and key contacts. Uses Clearbit, LinkedIn, Crunchbase, and public data"
LinkedIn Jobs Scraper,VeroAPIs,https://apify.com/vero-api/linkedin-jobs-scraper?fpr=youssef,linkedin,14,31,,0,"Scrape LinkedIn job listings by keyword and location, or paste a LinkedIn jobs search URL. Get titles, companies, salaries, full descriptions, seniority, employment type, and applicant counts as clean JSON, CSV, or Excel - no login, no API key, no coding"
"LinkedIn Company Scraper - No Login, No Cookies",Logiover,https://apify.com/logiover/linkedin-company-scraper?fpr=youssef,linkedin,14,29,,0,"Scrape LinkedIn company firmographics without login or cookies. Export company data to CSV/JSON - headcount, industry, HQ, followers, website & logo"
Houzz Professional Scraper,EasyApi,https://apify.com/easyapi/houzz-professional-scraper?fpr=youssef,directories,13,271,5,2,"Scrape professional designers' profiles from Houzz.com, including their contact information, reviews, badges, and business details. Perfect for market research and lead generation in the home improvement industry"
Leboncoin Immobilier Scraper,Ahmed hrid,https://apify.com/ahmed_hrid/leboncoin-immobilier-scraper?fpr=youssef,france-francophonie,13,222,,0,"Extract French real estate from LeBonCoin: prices, photos, locations, DPE ratings. Filter by city, property type & price. Perfect for investors"
Nextdoor Scraper,The Howlers,https://apify.com/alizarin_refrigerator-owner/nextdoor-scraper?fpr=youssef,other-lead-sources,13,218,1,1,"Scrape local business recommendations, neighborhood posts, and community data from Nextdoor. Get authentic local insights and recommendations that aren't available on other platforms"
PagesJaunes.fr [] Leads with Emails & Phones Included,Muhamed Didovic,https://apify.com/memo23/pagesjaunes-scraper-cheerio?fpr=youssef,france-francophonie,13,202,5,7,"extract detailed business and professional data from PagesJaunes.fr. Whether you're a marketer, sales professional, or researcher, our scraper delivers accurate, structured data to help you identify leads, analyze market trends, and make data-driven decisions"
Immoweb Scraper,Gen First,https://apify.com/ivanvs/immoweb-scraper?fpr=youssef,other-lead-sources,13,143,,0,"Extract data from immoweb.be for data on thousands of apartments and house listings. Scrape house location, extract descriptions, images, prices, contact number, addresses, names, and all other listing details. Unlimited and extremely fast!"
Pappers / Sirene Scraper: 26M French Companies SIREN/SIRET,Walid,https://apify.com/dltik/pappers-sirene-scraper?fpr=youssef,france-francophonie,13,128,,0,"Search 26M+ French companies from the official Sirene database. Get SIREN, SIRET, legal name, address, dirigeants, NAF code, finances, GPS coordinates. Text search, geo radius, batch SIREN lookup, 53 filters. For B2B prospecting, KYC verification, CRM enrichment, lead generation"
Kleinanzeigen Scraper,Gen First,https://apify.com/ivanvs/kleinanzeigen-scraper?fpr=youssef,jobs-hiring-signals,13,125,,0,"Extract data from classified advertisements on Kleinanzeigen. Scrape details from jobs, housing, items wanted, items for sale, services, cars and trucks listed on Kleinanzeigen. Download listings data in JSON, XML, Excel, and other versatile"
SAM.gov Federal Contracts Scraper,Fortuitous Pirate,https://apify.com/fortuitous_pirate/sam-gov-scraper?fpr=youssef,other-lead-sources,13,113,,0,"Search federal contract opportunities on SAM.gov. Extract solicitations, awards, set-asides, NAICS codes, and agency info. Essential for government contractors"
Small Business Leads & Federal Contractor List - SBA DSBS,BowTiedRaccoon,https://apify.com/jungle_synthesizer/sba-crawler?fpr=youssef,email-finders,13,112,,0,"Build a small business lead list or federal contractor list from 450k+ verified businesses in the SBA Dynamic Small Business Search (DSBS). Includes contact details, 8(a) and HUBZone certifications, NAICS codes, and addresses across all 50 U.S. states"
Product Hunt Scraper,Shahid Irfan,https://apify.com/shahidirfan/product-hunt-scraper?fpr=youssef,other-lead-sources,13,94,5.0,3,"Extract top daily launches, upvotes, and tech trends directly from Product Hunt. Scrape product details, reviews, and maker info instantly. Ideal for market research, lead generation, and spotting the next big thing in tech. Get the data you need to stay ahead!"
Hellowork Job Scraper [] - France Job Listings,Black Falcon Data,https://apify.com/blackfalcondata/hellowork-scraper?fpr=youssef,france-francophonie,13,73,5,1,Scrape hellowork.com - a major France job board with salary ranges · structured location data · direct employer details per listing. Incremental mode tracks new and changed listings across scheduled runs
Workable Job Scraper,Shahid Irfan,https://apify.com/shahidirfan/Workable-Job-Scraper?fpr=youssef,jobs-hiring-signals,13,66,5,7,"Effortlessly scrape job listings from Workable. This actor is designed for simplicity, providing a minimal, clean dataset with just the core job details. Perfect for quick data collection and lead generation without the extra noise"
Google Maps Scraper,Hundevmode Labs,https://apify.com/x_guru/google-maps-scraper?fpr=youssef,google-maps,13,59,5,1,"Scrape Google Maps places. Get business names, addresses, phones, websites, ratings, reviews, images, opening hours, GPS coordinates, categories, Place IDs, and optional public website emails from keywords, URLs, Place IDs, or map areas"
LinkedIn Comment Thread: Replies + Reactors [No Login],Unseen User,https://apify.com/unseenuser/Comment-reactions-and-replies?fpr=youssef,linkedin,13,54,5,5,"Pull every reply and every reactor for a single LinkedIn comment thread, in one run. Built for community managers, journalists, and crisis-monitoring teams. No login, no cookies, no upsell. Every URL returns rows with a clear reason - never a silent zero-result run"
"Fiverr Seller Scraper | Search, Gigs & Leads",Apivault Labs,https://apify.com/apivault_labs/fiverr-seller-scraper?fpr=youssef,other-lead-sources,13,45,,0,"Find and analyze Fiverr sellers by profile URL or niche. Export ratings, reviews, gig prices, seller level, languages, response time, public contact signals, sentiment and lead scores. No login or cookies.. JSON, CSV, Excel, API and webhook"
"WhatsApp Number Lookup - Bulk Verify, Photo, Business Info",Apivault Labs,https://apify.com/apivault_labs/whatsapp-data-lookup?fpr=youssef,social-leads,13,19,,0,"Bulk WhatsApp number lookup & verification: is the number on WhatsApp, profile photo (permanent link), about text, business details (category, email, website, address, hours), number intelligence & lead score. CSV upload, 7-day cache. No login, no keys"
Multi-Keyword Google Trends Scraper - Compare Keyword Interest,Kevin Savani,https://apify.com/k1ra/google-trends-scraper?fpr=youssef,other-lead-sources,13,19,,0,"Fast Google Trends API - results in seconds, no timeouts. Compare up to 5 keywords side by side: interest over time, interest by region, and related queries. Structured Google search trends data, ready for pipelines and dashboards. Pay per keyword, on empty runs"
Linkedin Profile Scraper with Email (No Cookies),unli,https://apify.com/unlimitedleadtestinbox/linkedin-profile-scraper-with-email-no-cookies?fpr=youssef,email-finders,12,594,4.0,2,Linkedin Profile Scraper with Email (No Cookies)
TikTok Profile Scraper,DataFusionX,https://apify.com/devil_port369-owner/tiktok-profile-scraper?fpr=youssef,social-leads,12,581,5,6,"This tool allows you to scrape detailed user profile data from TikTok. It extracts various data points from user profiles, including user information, statistics, profile email/phone and profile links. This scraper is ideal for social media analysis, marketing strategies, and research"
"YouTube Email Scraper (Profile, Website, Social, Email)",Rush,https://apify.com/futurizerush/youtube-email-scraper?fpr=youssef,email-finders,12,529,2.2,5,"Find publicly available YouTube channel contact info for outreach and research. Provide channel URLs or search by keyword to collect business emails, website links, social profiles, and channel stats from public channel pages and linked websites"
Etsy Shop Scraper,datawizards,https://apify.com/hello.datawizards/etsy-shop-scraper?fpr=youssef,other-lead-sources,12,224,,0,Use the Etsy Shop Scraper to unlock the potential of Etsy’s marketplace for your business or research needs. Note: Usage cost and CPU Cost is low
Monster Jobs Scraper,Orgupdate,https://apify.com/orgupdate/monster-jobs-scraper?fpr=youssef,jobs-hiring-signals,12,175,1,1,"The latest and most advanced Monster Job Scraper. Our Monster Job Scraper extracts real-time job postings at scale from all over the world. A new research tool built for recruitment, insights and HR"
Clutch.co Scraper with Emails & Reviews,Fatih Tahta,https://apify.com/fatihtahta/clutch-co-scraper?fpr=youssef,email-finders,12,154,2.1,2,"Extract clean, rich agency and service provider profiles data right from Clutch.co. It grabs every visible listing to deliver names, websites, ratings, addresses, pricing and more. Ideal for prospecting, benchmarking, and market research"
Google Maps Scraper + AI Lead Generation & Outreach,buseta,https://apify.com/buseta/google-maps-scraper?fpr=youssef,google-maps,12,130,,0,"Scrape Google Maps businesses with emails, reviews, and social links. Let AI score every lead and write personalized cold emails for you. Choose your goal (web design, SEO, reputation or custom) and get ready-to-send outreach for every lead. Free email extraction. Export to CSV, Sheets, or CRM"
Zillow Owner Agent Scraper,Kevin,https://apify.com/burbn/zillow-owner-agent-scraper?fpr=youssef,email-finders,12,129,5,1,"Extract owner and agent contact information from Zillow property listings. Get agent name, phone number, email, license number, broker details, MLS information, listing status, and rental contact data. Perfect for real estate lead generation, agent research, and property listing analysis"
Thumbtack Pro Listing Scraper,EasyApi,https://apify.com/easyapi/thumbtack-pro-listing-scraper?fpr=youssef,directories,12,128,,0,"Scrape Thumbtack pro listings with detailed business information, reviews, and pricing. Extract professional service providers' data including ratings, reviews, business facts, and contact details for market research and lead generation"
Reddit Lead Scraper: Monitor Keywords & Mentions,Practical Tools,https://apify.com/practicaltools/reddit-keyword-monitor?fpr=youssef,social-leads,12,114,,0,"Stop wasting time manually searching Reddit. This actor finds high-intent leads, filters out the spam (crypto/bots), and alerts you only when a real customer is talking"
Land.com Search [Bypass Limits][PPE] · Emails,Muhamed Didovic,https://apify.com/memo23/land-search-cheerio-ppr?fpr=youssef,email-finders,12,92,5.0,7,"Unlock the full potential of Land.com with this powerful scraper! Efficiently extract detailed property listings, including prices, acreage, media, and descriptions, to save time and make data-driven decisions. Perfect for real estate pros, investors, and researchers!"
Linkedin Ads Library Scraper,Data Xplorer,https://apify.com/data_xplorer/linkedin-ad-library-scraper?fpr=youssef,linkedin,12,85,5,2,"CHEAPEST LINKEDIN ADS SCRAPER Scrape LinkedIn Ad Library at scale: extract advertisers, campaigns, creatives, targeting, and impressions by country. Clean URLs, standardized dates, JSON output, and a proxy-ready API for market research and competitor insights"
Facebook Marketplace Scraper,ParseForge,https://apify.com/parseforge/facebook-marketplace-scraper?fpr=youssef,social-leads,12,65,,0,"Scrape Facebook Marketplace listings by city and keyword or from direct URLs. Returns price, location, seller info, and optional full detail enrichment with images and descriptions"
Welcome to the Jungle Jobs Scraper,Maxime Dupré,https://apify.com/maximedupre/welcometothejungle-jobs-extractor?fpr=youssef,france-francophonie,12,63,,0,"Scrape Welcome to the Jungle job listings from keywords, WTTJ search URLs, and job filters. Export titles, companies, locations, salaries, remote policy, contract type, source URLs, and optional job details"
Realtor Property Scraper,AgentX,https://apify.com/agentx/realtor-property-scraper?fpr=youssef,other-lead-sources,12,53,4.0,3,"Realtor.com property scraper for United States sale, rental, and sold searches. Return 40 normalized fields with traceable source URLs and optional filters"
France Travail Scraper,Shahid Irfan,https://apify.com/shahidirfan/france-travail-scraper?fpr=youssef,france-francophonie,12,52,5,4,"Scrape job listings and employment data from France Travail efficiently. Requires residential proxies to bypass geo-restrictions. Ideal for recruitment, labor market analysis & job aggregation. Extract skills, salaries & company info automatically. Perfect for HR tech & career platforms"
Linkedin Company Details Scraper,Hamza,https://apify.com/apt_marble/linkedin-company-details?fpr=youssef,linkedin,12,43,5,1,"Extract detailed data from LinkedIn company profiles at scale - including company name, LinkedIn URL, website, industry, headquarters, company size, employee count, founded year, specialties, follower count, description, phone numbers, addresses, and more"
PitchBook Company API | Private Company & Funding Data,John,https://apify.com/johnvc/pitchbook-company-api?fpr=youssef,other-lead-sources,12,24,5,2,"Collect public PitchBook company profiles as clean, structured JSON. Send one or many company URLs and get funding, investors, valuation, competitors, employees, industries, and financials. Pay per company, MCP-ready for Claude and AI agents"
Workday Career Sites API,John,https://apify.com/johnvc/workday-career-sites-api?fpr=youssef,jobs-hiring-signals,12,19,5,2,"Find the companies using Workday and every career site each one runs. Get the tenant, datacenter, careers URL, direct jobs API URL, and live open-role count as structured JSON. Build a Workday customer list, or resolve a single company in seconds. No key needed, MCP-ready for Claude and AI agents"
Instagram Hashtag Scraper,EasyApi,https://apify.com/easyapi/instagram-hashtag-scraper?fpr=youssef,social-leads,11,1624,1,2,"Effortlessly scrape Instagram hashtag data, including top posts and engagement metrics. Perfect for marketers, researchers, and data analysts looking to gain insights from Instagram trends and content performance"
Onlyfans Scraper,datawizards,https://apify.com/hello.datawizards/onlyfans-scraper?fpr=youssef,other-lead-sources,11,904,,0,"Efficient OnlyFans scraper for extracting public data, media, and insights with no proxy requirements and low costs"
Youtube Email Scraper,EasyApi,https://apify.com/easyapi/youtube-email-scraper?fpr=youssef,email-finders,11,802,1.7,5,"Effortlessly scrape email addresses from YouTube channel descriptions! Find content creators matching your keywords and specific email domains. Perfect for influencer marketing, partnership outreach, and content creator discovery. Powered for reliable data collection"
TikTok Search Scraper (free-watermark videos),Novi,https://apify.com/novi/tiktok-search-api?fpr=youssef,social-leads,11,555,5,2,"TikTok Search Scraper helps exploring, discovering, and analyzing TikTok content with ease. Gain valuable insights and optimize your marketing efforts. Provides no-watermark download link"
lead scraper (email),Luffy,https://apify.com/coder_luffy/lead-scraper-email?fpr=youssef,email-finders,11,461,5,5,"Lead Scraper (Email) generates targeted business leads from any keyword. Get emails, phone numbers, websites, addresses, and more - perfect for B2B marketing, outreach, and lead generation. Fast, accurate, and easy to use"
OnlyFans Model Leads Scraper,DeepMine,https://apify.com/deepmine/onlyfans-model-leads-scraper?fpr=youssef,social-leads,11,292,5,3,"Automated OnlyFans lead scraper for agencies. Find and scrape new model profiles with Instagram links, follower counts, pricing & stats - perfect for OFM agencies to reach out to new models and automate recruitment"
TikTok Scraper,xtdata,https://apify.com/xtdata/tiktok-scraper?fpr=youssef,social-leads,11,216,5.0,3,"Get TikTok data fast! Real-time, authentic data. No pre-built databases! Track trending content, popular music videos, top users videos"
Fast Instagram Location Scraper API,API Dojo,https://apify.com/apidojo/instagram-location-scraper-api?fpr=youssef,social-leads,11,163,4.1,7,"Instagram Location Scraper API - extract geo-tagged posts, GPS coordinates, and engagement data at 100-200 posts/sec. (50 FREE). 50, no login or proxies. Ideal for local marketing, tourism, retail, and real estate using Instagram location data at scale"
Craigslist Scraper | Fast & Reliable,Fatih Tahta,https://apify.com/fatihtahta/craigslist-scraper?fpr=youssef,email-finders,11,158,5,1,"Scrape Craigslist listings with emails included. Capture titles, prices, descriptions, images, categories and location data in clean JSON/CSV. Great for lead gen, local market research, price tracking and monitoring fresh posts"
"TripAdvisor Scraper - Hotels, Restaurants & Attractions",ВAH,https://apify.com/delicious_zebu/tripadvisor-hotel-details-scraper?fpr=youssef,directories,11,145,5,25,"Scrape TripAdvisor hotels, restaurants, and attractions at scale. Enter a city name or paste any list/detail URL. Extract 50+ fields per item - ratings, reviews, prices, photos, contact info, nearby places, opening hours, Q&A, and more. Supports 50+ regional domains"
Linkedin Company Url Mass Finder | Pay Per Event,ScrapeVerse,https://apify.com/scrapeverse/linkedin-company-url-mass-finder-pay-per-event?fpr=youssef,linkedin,11,134,,0,"Stop wasting time manually searching for LinkedIn company pages. With LinkedIn Mass Company URL Finder, input your company list and get instant access to their LinkedIn URLs. Automate your search and streamline your workflow today!"
LinkedIn Profile Scraper,Always Prime,https://apify.com/alwaysprimedev/linkedin-profile-scraper?fpr=youssef,linkedin,11,116,5,2,"Apify actor in Go for scraping public LinkedIn profile data, enriching company details, and attempting contact discovery"
Handelsregister Scraper,Dominic M. Quaiser,https://apify.com/dominic-quaiser/handelsregister-scraper?fpr=youssef,enrichment-verification,11,96,,0,"Leistungsstarker Actor zur Identifikation von Firmen und Entscheidungsträgern aus dem deutschen Handelsregister. Zugriff auf Geschäftsführer, Vorstände und vertretungsberechtigte Personen per Echtzeit-API - ideal für Lead-Enrichment, Marktanalysen, KYC und Due-Diligence"
Leboncoin Listings Scraper,FalconScrape,https://apify.com/piotrv1001/leboncoin-listings-scraper?fpr=youssef,france-francophonie,11,86,5,1,"Leboncoin Listings Scraper scrapes listings from leboncoin.fr search results, capturing titles, prices, images, location, seller info, category attributes, and optional full details - ideal for price tracking, market research, and competitive analysis of France's largest classifieds marketplace"
Flexjobs Jobs Scraper,Orgupdate,https://apify.com/orgupdate/flexjobs-jobs-scraper?fpr=youssef,jobs-hiring-signals,11,64,,0,"The latest and most advanced FlexJobs Job Scraper. Our FlexJobs Job Scraper extracts real-time job postings at scale from all over the world. A new research tool built for recruitment, insights and HR"
Investment Finance Professionals,John,https://apify.com/johnvc/SECInvestmentAdvisorContacts?fpr=youssef,email-finders,11,43,5,4,"Find and filter 250,000+ investment professionals and 15,000+ financial firms by location, firm name, and more. Get structured contact data with emails, LinkedIn profiles, and firm associations for lead generation and market research"
Facebook Search Scraper - Posts by Keyword,ParseForge,https://apify.com/parseforge/facebook-search-scraper?fpr=youssef,social-leads,11,40,,0,"Searches Facebook by keyword for pages, groups, posts or videos, ranked as Facebook lists them. Page results carry 35 fields: name, URL, category, about and mission, likes, followers, rating and reviews, check-ins, hours, price range, address, phone, email, website and verification"
LinkedIn Company Data Enricher,viralanalyzer,https://apify.com/viralanalyzer/linkedin-company-enricher-byoc?fpr=youssef,linkedin,11,32,5,1,"Enrich LinkedIn company slugs with public data: name, industry, size, website, HQ, description"
Company Firmographics: Employees Industry HQ Revenue Clay,Mamba Labs,https://apify.com/mambalabs/company-firmographic-enricher?fpr=youssef,b2b-databases,11,29,,0,"Domain to structured company firmographics: employee band, industry, HQ, founded year, revenue estimate, logo, and description from schema.org JSON-LD and meta tags. Flat JSON, Clay ready, with source provenance"
Cadremploi Scraper [] - French Executive Jobs,Black Falcon Data,https://apify.com/blackfalcondata/cadremploi-scraper?fpr=youssef,france-francophonie,11,25,5,1,Scrape cadremploi.fr - France's leading board for senior executives & managers (cadres) with salary ranges · contact details · structured listings. Incremental mode tracks new and changed jobs across scheduled runs
Yelp Business Details API,John,https://apify.com/johnvc/Yelp-Place-API?fpr=youssef,directories,11,16,5,3,"Scrape full Yelp business profiles from business URLs or place IDs - name, rating, reviews, price, categories, phone, address, website, hours, amenities, popular dishes, photos, and review highlights. Optional full menu extraction. Batch many businesses per run"
Google Maps Emails Scraper,DATARAVA,https://apify.com/datarava/google-maps-emails-scraper?fpr=youssef,google-maps,10,701,5,11,"Scrape thousands of businesses from Google Maps with their emails and social media profiles. Search by keywords and locations, then automatically visit business websites to extract email addresses and social links in a single run. Built for lead generation and sales prospecting"
Fast Youtube Channel Video Scraper,AimScrape,https://apify.com/aimscrape/youtube-channel-video-scraper?fpr=youssef,social-leads,10,529,,0,"Scrape any public YouTube channel /videos page and export video URLs/IDs, titles, thumbnails, views text, and publish dates. Supports @username, UC channelId, and channel URLs"
Google Search Results Scraper,halam,https://apify.com/datascoutapi/google-search-results-scraper?fpr=youssef,other-lead-sources,10,380,3.5,5,"Google Search Engine Scraper API - Extract real-time Google search results easily. Get organic results, paid ads, People Also Ask, Related Queries, reviews, and prices. Supports 25+ languages & 21+ countries. Export structured results in JSON, Excel, or CSV for SEO & market research"
Fast Google Search Results Scraper,David,https://apify.com/6sigmag/fast-google-search-results-scraper?fpr=youssef,other-lead-sources,10,334,5.0,4,"Paste keywords in bulk → get clean, clickable URLs. This ultra-lightweight Google SERP scraper is built for non-technical teams who need links fast for lead prospecting and market research. No giant payloads, no complex setup"
Zoominfo Companies Scraper,Pratik Dani,https://apify.com/pratikdani/zoominfo-companies-scraper?fpr=youssef,b2b-databases,10,262,,0,"The ZoomInfo Company Profile Scraper is designed to extract detailed information from valid ZoomInfo company profiles. This tool automates the process of gathering essential company data, making it easier for users to analyze and utilize the information for various purposes"
Linkedin Comment Scraper,Capable Cauldron,https://apify.com/capable_cauldron/linkedin-comment-scraper?fpr=youssef,linkedin,10,229,4.2,3,"Scrape comments and replies from LinkedIn posts. Supports pagination, filtering, and comprehensive data extraction"
Uber Eats Menu Scraper,SIÁN OÜ,https://apify.com/sian.agency/uber-eats-menu-scraper?fpr=youssef,other-lead-sources,10,210,5,2,"Uber Eats menu scraper. Paste one or more Uber Eats restaurant URLs and get the full menu as structured rows - restaurant name, shop ID, menu sections, dish names, descriptions and prices. Bulk URL input, clean JSON and CSV export, no account or API key needed"
Realtor Scraper (Property Details),Luffy,https://apify.com/coder_luffy/realtor-scraper?fpr=youssef,email-finders,10,197,5,7,"This fast and affordable API/scraper provides real-time access to Realtor.com listings, including property details, pricing, location, and agent emails and phone numbers. Ideal for real estate analysis, lead generation, and data-driven projects"
OnlyFans Finder Pro,DeepMine,https://apify.com/deepmine/onlyfans-finder-pro?fpr=youssef,social-leads,10,194,,0,"Find OnlyFans creators by appearance, niche, and location. Search by physical features, interests, style, or where they're from. Extract complete profiles with Instagram, Twitter, TikTok links, pricing, engagement stats, and more. Perfect for personal discovery, research, or marketing purposes"
"LinkedIn Profile Scraper - 52 Fields, No Cookies",ParseForge,https://apify.com/parseforge/linkedin-profile-scraper?fpr=youssef,linkedin,10,182,,0,"Reads public LinkedIn profiles by URL. 52 fields per profile: name, headline, location, about, connections and followers, current role with company size, industry and website, full experience and education, skills, languages, certifications, projects, publications, awards and courses. No cookies"
Telegram Similar Channels Finder,akula.marketing,https://apify.com/akula.marketing/Telegram-Get-Recommended-Channels?fpr=youssef,social-leads,10,106,5,1,Find similar public Telegram channels by subscriber overlap. Discover competitors and niche communities from one seed channel username
Instagram Hashtag Scraper - Post Volume & Top Posts,ParseForge,https://apify.com/parseforge/instagram-hashtag-analytics-scraper?fpr=youssef,social-leads,10,99,,0,"Sizes Instagram hashtags before you use them. One row per hashtag with 13 fields: total post count, average and maximum likes, comments and views across its posts, related keywords, the top posts themselves and the top creators posting under it. Add as many hashtags as you need"
Kijiji Scraper,Gen First,https://apify.com/ivanvs/kijiji-scraper?fpr=youssef,jobs-hiring-signals,10,92,,0,"Extract data from classified advertisements on Kijiji. Scrape details from jobs, housing, items wanted, items for sale, services, cars and trucks listed on Kijiji. Download listings data in JSON, XML, Excel, and other versatile"
Onlyfans User Scraper,Rush,https://apify.com/futurizerush/onlyfans-user-scraper?fpr=youssef,other-lead-sources,10,91,5,1,"Extract public profile data from OnlyFans creators - get statistics, engagement metrics, and profile information"
LinkedIn Jobs Scraper - No Cookies · No Login · Bulk Job API,Kevin Savani,https://apify.com/k1ra/linkedin-jobs-scraper?fpr=youssef,linkedin,10,65,,0,"LinkedIn jobs scraper - no cookies, no login. Use as a bulk job scraper, n8n job scraper, Make job scraper, job feed automation or job alert scraper. LinkedIn salary scraper: full descriptions, salaries, remote jobs, applicant counts, seniority & recruiter. LinkedIn jobs csv export. Job search API"
"Facebook Follower Count Tracker, Page Analytics & Scraper",Kevin Savani,https://apify.com/k1ra/facebook-follower-count-scraper?fpr=youssef,social-leads,10,36,,0,"Facebook follower count tracker & analytics - track Facebook followers, monitor page growth, pull follower & following counts + follower analytics in bulk. No login, no cookies. One engine also covers TikTok, YouTube, Instagram, X, LinkedIn, Threads & Reddit"
Yelp Search API,John,https://apify.com/johnvc/yelp-search-api?fpr=youssef,directories,10,19,5.0,4,"Scrape Yelp search results - ranked local business listings with name, categories, star rating, and review count. Search by location and term or paste a Yelp search URL. Filter by category, sort by rating or review count, paginate, and get the place IDs that feed the Details and Reviews APIs"
Google Maps Reviewer Geo Profile API,John,https://apify.com/johnvc/google-maps-reviewer-geo-profile-api?fpr=youssef,google-maps,10,18,5,2,"Infer a Google Maps reviewer's home region from their review history. Clusters review coordinates into a standardized home-region guess (city/state/country + ISO codes), a confidence score, and a local-vs-travel footprint. One row per reviewer, for reviewer vetting and fraud research. MCP-ready"
Yelp Reviews API and MCP,John,https://apify.com/johnvc/Yelp-Reviews-API?fpr=youssef,directories,10,15,4.2,5,"Scrape Yelp reviews from a business URL or place ID - rating, full review text, date, reviewer name and stats, photos, owner replies, and helpful votes. Sort by date or rating, filter by stars, search within reviews, and paginate"
"Ashby Job Board API | Jobs, Companies & Salary Data",John,https://apify.com/johnvc/ashby-job-board-scraper?fpr=youssef,jobs-hiring-signals,10,12,,0,"Ashby Job Board API access without keys: live jobs from any Ashby career site with the employer's own salary ranges, company discovery, and new-postings feeds. Titles, locations, departments, compensation, and Markdown, HTML, or text descriptions. Pay per delivered row, no start fee"
All-in-One Social Media Email Scraper,EasyApi,https://apify.com/easyapi/all-in-one-social-media-email-scraper?fpr=youssef,email-finders,9,842,2.9,4,"Discover emails across 30+ social platforms! Extract contact info from Facebook, Twitter, LinkedIn, and more. Perfect for lead gen, influencer outreach, and market research. Fast, efficient, and proxy-enabled. Boost your networking and marketing efforts today!"
Instagram Comments Scraper,EasyApi,https://apify.com/easyapi/instagram-comments-scraper?fpr=youssef,social-leads,9,639,1.8,3,"Effortlessly extract comments from Instagram posts. Capture user details, engagement metrics, and nested replies. Perfect for social media analysis, influencer research, and brand monitoring. Stealth-enabled for reliable data collection"
Booking Scraper,Bebity,https://apify.com/bebity/booking-stays-scraper?fpr=youssef,other-lead-sources,9,581,,0,"Fast, no-code Booking.com scraper with LLM- & agent-optimized input & output. Extract hotels, apartments, hostels, B&Bs & villas by location, URL or property ID - prices, availability, star ratings, review scores, photos, facilities & coordinates. Export to JSON, CSV or Excel"
Telegram Scraper|Telegram Group & Channel Message Scraper,bhansalisoft,https://apify.com/bhansalisoft/telegram-group-channel-message-scraper?fpr=youssef,social-leads,9,502,1,1,"This Telegram Scraper tool Scrape Telegram group and channel messages, chat history and available user information with a Telegram scraper. Export structured Telegram data through Apify"
Twitter Email Scraper,EasyApi,https://apify.com/easyapi/twitter-email-scraper?fpr=youssef,email-finders,9,455,1,1,"Effortlessly scrape email addresses from Twitter profiles! Find Twitter users matching your keywords and specific email domains. Perfect for lead generation, influencer marketing, and targeted outreach campaigns. Powered by stealth technology for reliable data collection"
Google My Business Scraper Tool,Jamshaid Arif,https://apify.com/moving_beacon-owner1/google-my-business-scraper-tool?fpr=youssef,google-maps,9,450,5,1,"This Python script automates data scraping from Google My Business. It collects essential information like business name, website, phone number, address, ratings, and photos, saving the data in Excel format and uploading it to an Apify dataset"
Facebook Video Search Scraper,PowerAI,https://apify.com/powerai/facebook-video-search-scraper?fpr=youssef,social-leads,9,356,4,1,"Extract Facebook videos by keyword with advanced filters, supporting auto-pagination and up to 5000 results per run. Ideal for research, analytics, and content discovery"
Instagram Message Sender,clothe fobia,https://apify.com/clothefobia/instagram-message-sender?fpr=youssef,social-leads,9,302,,0,Instagram Message Sender- Send message to any instagram userid
Viator Scraper,FalconScrape,https://apify.com/piotrv1001/viator-scraper?fpr=youssef,other-lead-sources,9,196,5,1,"The Viator Scraper extracts activity and tour data from Viator by processing an array of URLs, capturing paginated results with titles, prices, discounts, location details, images, and direct links - ideal for travel research and competitor analysis"
"Email Verification, Super Cheap",Sniper Coder,https://apify.com/snipercoder/email-validator?fpr=youssef,email-finders,9,143,5,1,"Input: Email. Output: Validity. Perfect for Lead Generation, Email campaigns, Data validation. Forget apollo.io, hunter.io, neverbounce, zerobounce. they are all to break the Bank. | Verification, Validator, Verifyer"
AllTrails Trail Scraper,ParseForge,https://apify.com/parseforge/alltrails-scraper?fpr=youssef,other-lead-sources,9,128,4.0,6,"Scrapes AllTrails trail listings by national park, US state, city, or custom coordinates. Returns each trail as a flat row with difficulty, length, elevation, rating, reviews, and activity tags"
Zillow Property Details Scraper,ВAH,https://apify.com/delicious_zebu/zillow-property-details-scraper?fpr=youssef,other-lead-sources,9,120,5,29,"Scrape complete Zillow property details from URLs or ZPIDs: price, Zestimate, rent estimate, price & tax history, schools, HOA fees, photos, agent info, and 200+ facts per home. Fast API-based scraping - no browser. Free trial"
Amazon Jobs Scraper,PowerAI,https://apify.com/powerai/amazon-jobs-scraper?fpr=youssef,jobs-hiring-signals,9,115,,0,"Scrape job listings from Amazon Jobs by providing a search URL, with automatic pagination and comprehensive job information extraction"
Instagram Comment Scraper - Extract Comments in bulk,DataFusionX,https://apify.com/devil_port369-owner/instagram-comments-scraper?fpr=youssef,social-leads,9,100,5.0,4,"Scrape Instagram comments from posts, reels & IGTV. Extract text, usernames, timestamps & user IDs. Export to JSON, CSV or Excel. No coding needed. Instagram comment scraper. Cheapest Instagram scraper"
Leboncoin Phone Scraper - Numéros de Téléphone en Masse,ClearPath,https://apify.com/clearpath/leboncoin-phone-scraper?fpr=youssef,france-francophonie,9,91,,0,"Extrayez les numéros de téléphone des vendeurs leboncoin.fr en masse. Collez des URLs, IDs ou profils vendeurs. Profil vendeur complet inclus avec chaque résultat. 1 000 numéros en 60 secondes"
Zillow Scraper,FlowExtract API,https://apify.com/dz_omar/zillow-scraper?fpr=youssef,other-lead-sources,9,81,5,1,"Scrape Zillow listings by location or search URL for sale, for rent, or recently sold. Get price, address, beds, baths, size, Zestimate, tax value, agent and every photo, with large areas handled automatically"
Reddit [] Posts | Users | Scraper,Muhamed Didovic,https://apify.com/memo23/reddit-scraper?fpr=youssef,social-leads,9,54,5.0,4,"[] A no-auth Reddit API alternative - scrape posts & full comment threads from public JSON: site-wide & subreddit search, feed browse, date filters, NSFW toggle, phrase match, proxy rotation. Works in Claude, Cursor & ChatGPT via Apify's MCP"
HelloWork Scraper: French Job Board,Walid,https://apify.com/dltik/hellowork-scraper?fpr=youssef,france-francophonie,9,30,,0,"Scrape HelloWork jobs by keyword, city, contract type, salary range. Get title, company, location, contract (CDI/CDD/alternance/stage), salary, remote policy, full description, posted date. France's #1 generalist job board. For ATS providers, recruitment agencies, sourcing teams"
LinkedIn Company Detail Scraper No Login Required,VulnV,https://apify.com/vulnv/linkedin-company-detail?fpr=youssef,linkedin,9,28,,0,"Extract complete public LinkedIn company data - industry, size, headquarters, specialties, follower count, website, and more - from company slugs or URLs. No login or cookies required"
"Apple Maps API | Places, Guides, Local Search & Refinements",John,https://apify.com/johnvc/apple-maps-api?fpr=youssef,other-lead-sources,9,20,5.0,3,"Scrape Apple Maps and extract local business listings, place details, curated guides, and refinement filters in one Actor. Phone, ratings, reviews, hours, address, GPS, amenities, multi-source ratings. City-name or coordinate targeting. Pay per result. MCP-ready for Claude, ChatGPT, Cursor"
Google Ads Transparency API | Ad Library for Marketing Agents,John,https://apify.com/johnvc/google-ads-transparency-api?fpr=youssef,other-lead-sources,9,18,5,1,"List any advertiser's ads from the Google Ads Transparency Center as structured JSON: ad format, first and last shown dates, total days running, and a preview link. Competitor ad library for growth teams, agencies, and AI marketing agents. Pay per ad, MCP-ready"
Instagram Hashtag Username Scraper,CoderX,https://apify.com/coderx/instagram-hashtag-username-scraper?fpr=youssef,social-leads,8,1109,3.4,5,"This actor scrapes Instagram posts based on a specified hashtag and extracts usernames, profile names, and user IDs. It helps track engaged users, analyze social media trends, and gather audience insights. Ideal for influencer research, marketing, and hashtag-based user analysis"
Twitter Profile Scraper,Pratik Dani,https://apify.com/pratikdani/twitter-profile-scraper?fpr=youssef,social-leads,8,522,1,1,"The **Twitter Profile Scraper** collects detailed information from any public Twitter profile. Enter the profile URL to retrieve data such as follower count, post details, and profile information. Ideal for tracking and analyzing Twitter activity"
Dice.com Jobs Scraper,FalconScrape,https://apify.com/piotrv1001/dice-com-jobs-scraper?fpr=youssef,jobs-hiring-signals,8,491,,0,"The Dice.com Jobs Scraper extracts US tech job listings from Dice.com based on search keywords and location (state), capturing salary details, remote work status, company logo, job URL, and job descriptions. Ideal for job market analysis and recruitment insights"
Facebook Group Posts Scraper,EasyApi,https://apify.com/easyapi/facebook-group-posts-scraper?fpr=youssef,social-leads,8,455,2.4,4,"Scrape Facebook group posts efficiently with login support. Extract post content, author info, timestamps and more from any public or private Facebook group you have access to"
LinkedIn Company Search Scraper,PowerAI,https://apify.com/powerai/linkedin-company-search-scraper?fpr=youssef,linkedin,8,452,1.8,2,"Extract company information from LinkedIn with detailed metadata including company profiles, size, industry, and more. Perfect for market research, competitor analysis, and business development"
Amazon Seller Data Extractor,Pratik Dani,https://apify.com/pratikdani/amazon-seller-extractor?fpr=youssef,email-finders,8,386,,0,"This actor efficiently scrapes Amazon seller data, including storefront details, ratings, product listings, and contact information. It helps analyze competition and identify potential partners on the Amazon marketplace"
Fast Google Maps Reviews Scraper API | Extract Ratings & Text,Agents,https://apify.com/theagents/google-maps-reviews?fpr=youssef,google-maps,8,349,5,7,"Extract valuable business reviews from Google Maps at high speed. Our cost-effective scraper delivers comprehensive review data, ratings, and customer sentiments to fuel your business intelligence. Monitor brand reputation, analyze competitors, make data-driven decisions with unmatched reliability"
Social Media Posts Extractor,Caprolok,https://apify.com/caprolok/social-media-posts-extractor?fpr=youssef,linkedin,8,319,,0,"Effortlessly extract posts from Instagram, TikTok, YouTube, LinkedIn, and Twitter. Search by specific keywords and locations to quickly get structured results, including usernames, captions, engagement stats, and direct post links. Ideal for marketers, creators, and researchers"
Google Maps Business Scraper | Enterprise Grade,Fatih Tahta,https://apify.com/fatihtahta/google-maps-scraper-enterprise?fpr=youssef,google-maps,8,313,5.0,3,"Scrape Google Maps fast with best-in-class coverage. Get clean, rich place data including phone, website, hours, price, photos, attributes and more. Ideal for lead generation and market research"
Pitchbook Companies Scraper,Pratik Dani,https://apify.com/pratikdani/pitchbook-companies-scraper?fpr=youssef,other-lead-sources,8,252,1,1,"PitchBook Company Profile Scraper actor scrapes detailed company information from PitchBook company profile pages. It extracts comprehensive data including company details, social media presence, financial information, competitors, and frequently asked questions"
"Fast Yelp Business Scraper API | Ratings, Contact & Amenities",Agents,https://apify.com/theagents/yelp-business?fpr=youssef,directories,8,203,5,7,"Extract Yelp business profiles, ratings, operating hours, amenities, and contact details. 30+ fields per business. No Yelp API key needed. Pay per result"
AI Linkedin Post Scraper,The Howlers,https://apify.com/alizarin_refrigerator-owner/linkedin-post-scraper?fpr=youssef,linkedin,8,194,,0,Scrape viral/trending LinkedIn posts by hashtag or keyword search. Perfect for finding content inspiration and building a library of top-performing posts in your niche. Get top posts from any LinkedIn hashtag. Find posts matching specific keywords. Output formatted for AI voice analysis
Europages Scraper,SASWAVE,https://apify.com/saswave/europages-scraper?fpr=youssef,email-finders,8,167,,0,"Europages company scraper. From any domain name. Extract company information from a europages search url. Collect data about company name, description, VAT ID, phonenumber, email, fax, address, website, employee count and more"
"OnlyFans Search Profiles | keyword, country, age, price",Iñigo Garcia Olaizola,https://apify.com/igolaizola/onlyfans-scraper?fpr=youssef,other-lead-sources,8,163,,0,"OnlyFans scraper to search creators by keyword or category, filter by price, sort by popular or new, and export clean datasets with usernames, links, images, and media for research and discovery"
immobilienscout24 scraper,Azzouzana,https://apify.com/azzouzana/immobilienscout24-de-properties-pages-scraper?fpr=youssef,other-lead-sources,8,158,5,1,"Scrape immobilienscout24.de properties pages with this NO-CODE tool! Extract info fast and export to JSON, CSV, Excel, or API. Just paste properties URLs and get your data. Blazing speed, affordable pricing, and effortless insights await. Start today and supercharge your workflow!"
Leboncoin Vehicle Scraper (PPE),3x1t,https://apify.com/3x1t/leboncoin-vehicle-scraper-ppe?fpr=youssef,france-francophonie,8,151,,0,"Effortlessly scrape vehicle listings from France’s largest classifieds platform, Leboncoin, in a formatted manner using this unofficial API. Fast, cheap & reliable. Pay-per-event version"
TikTok [] Ad Library & Hashtag Trends Scraper,Muhamed Didovic,https://apify.com/memo23/tiktok-ads-scraper-cheerio?fpr=youssef,social-leads,8,141,5,1,"TikTok ads scraper: pull Creative Center Top Ads and the EU Ad Library in one actor. Export CTR, likes, comments, shares, cost score, campaign objective, industry, landing page and MP4 video URLs in five resolutions. Optional per-ad audience targeting and reach"
LinkedIn jobs scraper (job publishers info incl.),Sambzh,https://apify.com/sbzh/linkedin-jobs-scraper-publishers?fpr=youssef,linkedin,8,134,5,4,"With this LinkedIn jobs scraper, get LinkedIn jobs data in real-time, including publishers information when available. Choose geographic zone, contract, level of experience or LinkedIn companies to get job offers that match with your need. One of the best LinkedIn jobs scraper. Feel free to try !"
Koelnmesse Exhibitor List Scraper,Skython,https://apify.com/skython/koelnmesse-exhibitor-list-scraper?fpr=youssef,b2b-databases,8,127,5,2,"Extract complete exhibitor lists from Koelnmesse trade shows - Anuga, Eisenwarenmesse, Didacta, The Tire, Kind + Jugend, Aquanale, Interzum, Intermot, Gamescom, and more. Collect company details, social media links, and product groups for B2B lead generation, sales prospecting, and event networking"
All Events Scraper,Techforce Global,https://apify.com/techforce.global/all-events-scraper?fpr=youssef,other-lead-sources,8,109,4.9,9,"A fast and reliable scraper for AllEvents.in that extracts event titles, dates, locations, interested people count, and more. Provides clean, structured data with support for Markdown, pagination, and easy API integration for your applications"
Wellfound Startup Scraper With Emails | AngelList Directory,Fatih Tahta,https://apify.com/fatihtahta/wellfound-startup-scraper?fpr=youssef,email-finders,8,92,,0,"Extract structured Wellfound startup profiles including company details, email adresses, phone numbers, social media accounts, hiring signal and more. Built for startup sourcing, market intelligence, and automated CRM or analytics pipelines"
FanDuel Sportsbook Odds Scraper,ParseForge,https://apify.com/parseforge/fanduel-scraper?fpr=youssef,other-lead-sources,8,86,5,1,"Scrapes FanDuel Sportsbook odds for every major league, including moneylines, spreads, totals, and futures. Returns each event as a flat row with American, decimal, and fractional odds"
BizQuest Business Listings Scraper,ParseForge,https://apify.com/parseforge/bizquest-scraper?fpr=youssef,other-lead-sources,8,85,5.0,3,"Scrapes business-for-sale listings from BizQuest with filters for location, industry, price, cash flow, and listing age. Returns each listing as a flat row"
Trendyol Reviews Scraper,Shahid Irfan,https://apify.com/shahidirfan/Trendyol-Reviews-Scraper?fpr=youssef,other-lead-sources,8,84,5,6,"Unlock detailed product reviews and ratings from Turkey's leading e-commerce platform. Perfect for sentiment analysis, market research, and monitoring competitor feedback. Turn customer voice into actionable data to boost your sales and product strategy instantly"
Dribbble Designer Scraper,EasyApi,https://apify.com/easyapi/dribbble-designer-scraper?fpr=youssef,jobs-hiring-signals,8,79,,0,"Effortlessly scrape Dribbble designer profiles! Based on keyword searches, collect usernames, profile URLs, professional status, skills, and meta tags. Perfect for recruiters, agencies, and researchers to quickly discover and understand designers with specific expertise on Dribbble"
DealRoom Scraper | Fast & Reliable,Fatih Tahta,https://apify.com/fatihtahta/dealroom-scraper?fpr=youssef,b2b-databases,8,76,,0,"Map markets and source deals from Dealroom at scale. Get a clean, deduped company dataset with funding, growth, team size, locations, tags and links ready for CRM or analysis. Ideal for deal sourcing, BD, market research, and competitor tracking"
Marktplaats Scraper,Gen First,https://apify.com/ivanvs/marktplaats-scraper?fpr=youssef,other-lead-sources,8,73,,0,"Extract data from classified advertisements on Marktplaats.nl. Scrape any category of items that are being sold on Marktplaats.nl. Download listings data in JSON, XML, Excel, and other versatile formats"
LinkedIn Profile Scraper - Profiles & Your Own Connections,Muhamed Didovic,https://apify.com/memo23/linkedin-profile-scraper?fpr=youssef,linkedin,8,72,5,4,"Scrape LinkedIn profiles for name, headline, full work history, education and skills. Paste profile URLs, or flip one toggle to export your own first-degree connections and scrape every one - no 1,000-result cap. Clean JSON, CSV or Excel, no monthly rental"
Advanced Website Domain Name Validator,SASWAVE,https://apify.com/saswave/advanced-website-domain-name-validator?fpr=youssef,enrichment-verification,8,57,5,1,"Advanced domain scraper. Determine if a domain is still valid or has moved. We test multiple scenario before flagging the domain as invalid. Extract technologies stack, social account, emails"
Signalbase Real Time Job Change Signals,Signalbase,https://apify.com/signalbase/signalbase-job-changes?fpr=youssef,jobs-hiring-signals,8,50,,0,"Real-time job change signals. Over 960k role changes detected and growing every minute, from C-level to early career, with personal profiles, company context, and original source URL. Built for trigger-based outbound by AI SDRs, GTM teams, and customer expansion"
"Malt Scraper: Freelancer Profiles, Rates & Skills",Walid,https://apify.com/dltik/malt-scraper?fpr=youssef,france-francophonie,8,43,,0,"Scrape Malt freelancers by keyword, location, daily rate range, skills. Coverage: France, Germany, Spain, UK, Belgium, Netherlands. Get name, headline, daily rate, city, rating, skills, profile URL. For agencies, recruiters, B2B prospecting., cheaper than every rival"
"LinkedIn Jobs Scraper - No Login, Salary & Company Data",kane liu,https://apify.com/lentic_clockss/linkedin-jobs-scraper?fpr=youssef,linkedin,8,39,,0,"Scrape LinkedIn jobs without login across ~45 countries. Filter by company, industry, job function, and Easy Apply. Extract salary, apply links, and applicant counts for recruiting and lead generation"
HelloWork Scraper - France Jobs with Salary & Skills,Unfenced Group,https://apify.com/unfenced-group/hellowork-scraper?fpr=youssef,france-francophonie,8,35,,0,"Scrape hellowork.com for structured French job data: titles, companies, salaries, skills, category and full descriptions (HTML, text, Markdown). Estimated salary percentiles where available. Filter by keyword, location and contract type. Repost detection. No API key required"
France Travail Job Scraper,Black Falcon Data,https://apify.com/blackfalcondata/francetravail-scraper?fpr=youssef,france-francophonie,8,29,5,1,"Scrape francetravail.fr - France's official national job board. Salary ranges, skills, and contact data from 700 k+ listings. Incremental mode detects only new and changed listings on each scheduled monitoring run for efficient daily tracking"
"StepStone Jobs Scraper - Germany, Austria & Belgium",Thirdwatch,https://apify.com/thirdwatch/stepstone-jobs-scraper?fpr=youssef,france-francophonie,8,25,,0,"Scrape StepStone jobs in Germany, Austria, and Belgium over HTTP. Get full descriptions, salary, employer, location, remote mode, skills, dates, filters, and apply URLs without a browser"
Fundraising Scraper: Startup Funding Rounds Tracker,Trove Vault,https://apify.com/trovevault/startup-funding-rounds-tracker?fpr=youssef,other-lead-sources,8,20,,0,"Track recent startup funding rounds. Export company names, announcement dates, funding amounts, round stages, investors, categories, and regions"
Google Shopping Lite API,John,https://apify.com/johnvc/google-shopping-lite-api?fpr=youssef,other-lead-sources,8,12,5,5,"Search Google Shopping in bulk and get one row per product - price, retailer, rating, delivery, and link - for fast e-commerce price monitoring. Send many search terms at once, target a country and language. Pay per product. MCP-ready for Claude and AI agents"
Welcome to the Jungle Jobs Scraper,Azzouzana,https://apify.com/azzouzana/welcome-to-the-jungle-jobs-scraper?fpr=youssef,france-francophonie,8,11,,0,"the Jungle job scraper: Up to 50K+ jobs/run: Salary, remote, contract, ATS apply links, full descriptions, skills, headcount, benefits. 90+ fields. Automated job board data extraction for HR tech, recruitment lead gen, & sourcing insights. Export JSON/CSV/Excel/API"
Google Maps Scraper,DATARAVA,https://apify.com/datarava/google-maps-scraper?fpr=youssef,google-maps,7,686,5,13,"Scrape Google Maps business data at scale. Extract phone numbers, emails, reviews, ratings, addresses & more from thousands of locations. Enrich results with real-time emails and social links from business websites. Export instantly or automate via API"
Linkedin Company Profile Id To Slug Finder,ScrapeVerse,https://apify.com/scrapeverse/linkedin-company-profile-id-to-slug-finder?fpr=youssef,linkedin,7,323,,0,"This is a utility Actor, it can help you to find slug based url by entering id based company profile url. Which can be used in Linkedin Company Profile Scraper to scrape company profile"
Facebook Pages Scraper,EasyApi,https://apify.com/easyapi/facebook-pages-scraper?fpr=youssef,social-leads,7,294,,0,"Effortlessly extract comprehensive data from Facebook Pages, including likes, followers, contact info, and more. This powerful scraper navigates through various page sections to provide valuable insights for businesses, marketers, and researchers"
Instagram Followers Scraper,The Netaji,https://apify.com/thenetaji/instagram-followers-scraper?fpr=youssef,social-leads,7,282,,0,Export the complete follower list of one or more public Instagram accounts. Resume large accounts with a saved cursor and optionally enrich every follower with a full public profile
Capterra Reviews Scraper,GetDataForMe,https://apify.com/getdataforme/capterra-reviews-scraper-bulk?fpr=youssef,directories,7,245,1.7,3,"Scrape detailed customer reviews from Capterra with the Capterra Reviews Scraper Apify Actor. Extract ratings, pros/cons, reviewer info, and more for any company. Input company name and optional proxy config, get structured JSON output"
Weibo Scraper,FalconScrape,https://apify.com/piotrv1001/weibo-scraper?fpr=youssef,other-lead-sources,7,231,5.0,2,"The Weibo Scraper efficiently extracts posts from Weibo's main feed, capturing likes, comments, shares, text content, images, videos, and profile data. It allows setting a maximum number of posts to fetch, making it ideal for social media analysis, trend monitoring, and engagement tracking"
Google Search Results Scraper,Rush,https://apify.com/futurizerush/google-search-results-scraper?fpr=youssef,other-lead-sources,7,130,5,1,"Scrape Google search results with optional deep crawl for SEO research, competitor analysis, and content preparation"
Expedia Review Scraper Pro,datawizards,https://apify.com/hello.datawizards/Expedia-Review-Scraper-Pro?fpr=youssef,other-lead-sources,7,121,1.7,2,"Extract detailed Expedia hotel reviews in JSON with the Expedia Review Scraper Pro. Get scores, text, themes, and more from hotel URLs. Ideal for hospitality insights and sentiment analysis. Uses residential proxies for reliable scraping. Built by DataWizards for fast, scalable data extraction"
Techstars Scraper,Michael G,https://apify.com/michael.g/techstars-scraper?fpr=youssef,other-lead-sources,7,116,5,4,"Scrape data on Techstars companies from the Techstars portfolio. Export scraped data, schedule via API, and integrate with other tools or AI workflows"
Twitter Trends Scraper,PowerAI,https://apify.com/powerai/twitter-trends-scraper?fpr=youssef,social-leads,7,105,,0,"Fetch trending topics for any country on Twitter, with detailed trend information. Supports up to your specified maxResults"
Lead Enrichment API Multi-Provider B2B Data Enrichment,The Howlers,https://apify.com/alizarin_refrigerator-owner/lead-enricher?fpr=youssef,b2b-databases,7,99,,0,"Enrich your leads w/company & contact data from 10+ enrichment providers. Perfect for sales prospecting, lead scoring, CRM enrichment, and account-based marketing. 10 Provider Integrations: Apollo, Clearbit, ZoomInfo, IPinfo, FullContact, Hunter, Lusha, Snov, RocketReach & People Data Labs"
Instagram Dm Automation messages,Ryhmed,https://apify.com/rhymed_jellyfish/instagram-dm-automation-messages?fpr=youssef,social-leads,7,95,4.8,2,"Instagram DM Automation Automatically send direct messages to multiple Instagram users using your session ID. Customize the message, delay, and number of users for safe, efficient outreach"
Signal.nfx Scraper with Emails,Fatih Tahta,https://apify.com/fatihtahta/signal-nfx-scraper?fpr=youssef,email-finders,7,95,3.7,4,"Scrape Signal.NFX investor lists into enriched, structured data. Extract Investor LinkedIn profiles, emails, firm details, check sizes, investment history, portfolio data, locations, vertical focus. Export clean JSON/CSV/Excel for fundraising, investor targeting, outreach & market mapping"
"Subreddit Scraper - Whole Subreddits, No 1k Post Cap ()",Harsh Maur,https://apify.com/harshmaur/reddit-subreddit-scraper?fpr=youssef,social-leads,7,87,5,3,"Scrape entire subreddits - thousands of posts per community, far beyond Reddit's ~1,000-post listing cap, by combining every sort and time window. Optional comments per post. Archive communities or build ML datasets. No API key. CSV/Excel/JSON"
BizBuySell Scraper V2,ParseForge,https://apify.com/parseforge/bizbuysell-scraper-v2?fpr=youssef,enrichment-verification,7,87,5,3,"Scrape business-for-sale listings from BizBuySell.com by search URL or direct listing URL. Returns asking price, cash flow, EBITDA, broker name and phone, and optional detail-page enrichment"
domain.com.au,FlowExtract API,https://apify.com/dz_omar/domain-scraper?fpr=youssef,enrichment-verification,7,65,5.0,2,"Scrape property listings from domain.com.au prices, agent contacts, nearby schools, market insights, images & floor plans. Input any search URL with filters. Full enrichment via property-details API"
99acres Scraper,scrape anything,https://apify.com/gauzy_penguin/99acres-scraper?fpr=youssef,other-lead-sources,7,60,5,4,"Extract property listings from 99acres at scale with a robust, production-ready scraper built to handle anti-bot protections"
Reed Expo Exhibitor List Scraper,Skython,https://apify.com/skython/reed-expo-exhibitor-list-scraper?fpr=youssef,b2b-databases,7,59,5,2,"Extract complete exhibitor lists from Reed Expo trade shows - Aluminium, FIBO, Euroblech, IBTM World, IFTM, In-Cosmetics, JCK Las Vegas, WTM ATM, PSI, Pollutec, and more. Collect company details, social media links, and product groups for B2B lead generation, sales prospecting, and event networking"
Leboncoin Ad Details Scraper,SilentFlow,https://apify.com/silentflow/leboncoin-details-scraper-ppr?fpr=youssef,france-francophonie,7,59,,0,"Extract full details from any Leboncoin ad URL with pay-per-result pricing. Get full descriptions, prices, seller profiles, GPS coordinates, high-res photos and category-specific attributes. Returns 30+ structured fields per ad. Pay only for results delivered, residential proxies included"
WhatsApp Ad Scraper - Click-to-WhatsApp Meta Ads,Shop Intel,https://apify.com/scrapeio/whatsapp-scraper-premium?fpr=youssef,social-leads,7,55,5,4,"Scrape WhatsApp click-to-chat ads from Meta Ad Library. Search by keyword, Page ID, or URL. wa.me links, CTAs, spend estimates. Apify AI, MCP, Cursor ready"
Messe Berlin Exhibitor List Scraper,Skython,https://apify.com/skython/messe-berlin-exhibitor-list-scraper?fpr=youssef,b2b-databases,7,52,5,2,"Extract complete exhibitor lists from Messe Berlin trade shows - ITB Berlin, Spielwarenmesse, Fruit Logistica, IAA Transportation, SMM-Hamburg, Internorga, and more. Collect company details, social media links, and contact persons for B2B lead generation, sales prospecting, and event networking"
Talent Job Scraper,Shahid Irfan,https://apify.com/shahidirfan/Talent-Job-Scraper?fpr=youssef,jobs-hiring-signals,7,42,5,7,"Extract job listings from Talent.com with structured, ready-to-use data. Talent Job Scraper collects job titles, companies, locations, descriptions, salaries, dates, and job URLs for recruitment research, job aggregation, market analysis, and hiring intelligence"
Welcome to the Jungle Scraper,Unfenced Group,https://apify.com/unfenced-group/welcometothejungle-scraper?fpr=youssef,france-francophonie,7,34,5,1,"Extract job listings from Welcome to the Jungle - France, UK, US, and 3 more markets. Salary data on 92% of listings, no proxy needed.. Keyword search, remote & contract filters"
"Welcome to the Jungle Jobs, Remote & Salary Scraper (WTTJ)",Black Falcon Data,https://apify.com/blackfalcondata/wttj-scraper?fpr=youssef,france-francophonie,7,33,,0,"Scrape welcometothejungle.com: company data, job descriptions and apply URLs · 76 fields per job · structured salary and remote filters · incremental change tracking · Slack, Telegram and webhook alerts · no login needed"
Welcome to the Jungle Scraper: WTJ Tech Jobs FR/EU + Salaries,Walid,https://apify.com/dltik/welcome-to-the-jungle-scraper?fpr=youssef,france-francophonie,7,24,,0,"Scrape Welcome to the Jungle jobs by keyword, country, contract, city, remote. Get salary, native tech stack, benefits, apply URL + ATS vendor, company profile, and - uniquely - the employer's application-form screening questions. Optional AI fit-scoring + SIREN"
NoDesk Remote Jobs Scraper,ParseForge,https://apify.com/parseforge/nodesk-remote-jobs-scraper?fpr=youssef,jobs-hiring-signals,7,23,,0,"Get remote job listings from NoDesk from NoDesk Remote Jobs as a clean, structured dataset. Live data, ready for analytics, automation, dashboards, and pipelines"
"Meta Ad Library Scraper - All Placements, Filters",Automation Craft,https://apify.com/automation_craft/meta-ads-library-scraper?fpr=youssef,social-leads,7,11,5,5,"Search the whole Meta Ad Library, Facebook, Instagram, Messenger, Audience Network, WhatsApp and Threads, by keyword, advertiser page, ad ID or pasted URL. Every website filter, a free total count, hard caps on delivered ads and a memory that returns only new ads. JSON, CSV, Excel, API, schedules"
LinkedIn Company Page Mapper - Followers for Clay,Mamba Labs,https://apify.com/mambalabs/linkedin-company-presence-mapper?fpr=youssef,linkedin,7,8,,0,"Resolves a company domain to its LinkedIn company page and returns the exact follower count plus industry, company size band, headquarters and founded year from the public page. Flat, Clay ready, one row per company"
JazzHR Jobs API | Search Every Company Job Board,John,https://apify.com/johnvc/jazzhr-jobs-api?fpr=youssef,jobs-hiring-signals,7,7,,0,"Search live job postings across every company hiring on JazzHR (applytojob.com). No company URL needed. Returns titles, employers, locations, posting dates, apply links, and full descriptions in markdown, HTML, or text, plus a directory of every employer on the platform"
Instagram Scraper,DataFusionX,https://apify.com/devil_port369-owner/instagram-scraper?fpr=youssef,social-leads,6,2253,4.6,12,Scrape Instagram user's profile details along with Email/Phone details. Instagram scraper cheapest best fastest and 100% uptime
Linkedin Email Scraper,EasyApi,https://apify.com/easyapi/linkedin-email-scraper?fpr=youssef,email-finders,6,1335,3.4,6,"Effortlessly scrape email addresses from LinkedIn profiles! Find professionals matching your keywords and specific email domains. Perfect for lead generation, recruitment, and B2B outreach campaigns. Powered by stealth technology for reliable data collection"
Instagram Profile Scraper Pro (pay per result),Powerful Bachelor,https://apify.com/powerful_bachelor/instagram-profile-scraper-pro-pay-per-result?fpr=youssef,social-leads,6,321,,0,"Instagram Profile Scraper Pro lets you effortlessly track Instagram profiles, including followers, engagement rate, average likes, and more! Perfect for gaining insights, monitoring competitors, and boosting your strategy. Export data in formats like JSON, CSV, and Excel"
Glassdoor Job Listings Scraper,SilentFlow,https://apify.com/silentflow/glassdoor-jobs-scraper-ppr?fpr=youssef,jobs-hiring-signals,6,294,1,1,"Extract Glassdoor job listings with salary ranges, company ratings, remote status, and 30+ structured fields per job. Search across 23 countries with filters for job type, seniority, remote work, salary range, industry, and company size. Multi-keyword search with automatic deduplication included"
Instagram Bulk DM,Mikolabs,https://apify.com/mikolabs/instagram-bulkdm?fpr=youssef,social-leads,6,256,5.0,7,This Actor allows you to send personalized direct messages to multiple Instagram users with customizable delays between messages
Yelp Business Scraper,FalconScrape,https://apify.com/piotrv1001/yelp-business-scraper?fpr=youssef,directories,6,225,5,1,"The Yelp Business Scraper extracts business listings and enriched profiles from Yelp by search term and location, capturing names, star ratings, review counts, price ranges, categories, neighborhoods, phone numbers, full addresses, and websites - ideal for lead generation and market research"
Instagram Analytics Tool,Rigel Bytes,https://apify.com/rigelbytes/instagram-analytics-tool?fpr=youssef,social-leads,6,224,,0,"Uncover real influencer impact with the Instagram Engagement Tool. Analyze unlimited public profiles to get engagement rates on likes, comments, and views. Go beyond follower counts!"
Find Verified Emails of Decision Makers,Parvenu,https://apify.com/parvenu/email-enrichment?fpr=youssef,email-finders,6,200,5,3,Find verified emails for decision makers for
Google Maps Reviews Scraper,PowerAI,https://apify.com/powerai/google-map-reviews-scraper?fpr=youssef,google-maps,6,197,5,1,"Scrape Google Maps business reviews with automatic pagination, multiple sorting options (Relevant, Newest, Highest, Lowest), language filtering, and real-time data collection. Perfect for gathering customer feedback, sentiment analysis, and business intelligence"
SAM.gov Contract Opportunities Scraper - Federal Contracts,BowTiedRaccoon,https://apify.com/jungle_synthesizer/samgov-scraper?fpr=youssef,other-lead-sources,6,163,1,2,"Federal contract opportunities from SAM.gov: government contracts and bids (solicitations, sources sought, awards) with their bid documents, exclusion records (debarment list), wage determinations, and assistance listings. Filter by keyword, NAICS code, notice type, set-aside, agency, and state"
Instagram Scraper Pro,AutomateLab,https://apify.com/red.cars/instagram-scraper-pro?fpr=youssef,social-leads,6,147,1,1,"Extract Instagram profiles, posts, stories, hashtags, and engagement metrics. Influencer research and social media analytics without an API key"
Reddit Scraper - Neatrat,Neatrat,https://apify.com/neatrat/reddit-scraper?fpr=youssef,social-leads,6,141,5.0,4,High-speed Reddit scraping. No API limits. No Proxies needed
Naukrigulf Jobs Scraper,EasyApi,https://apify.com/easyapi/naukrigulf-jobs-scraper?fpr=youssef,jobs-hiring-signals,6,139,,0,"A powerful web scraper for extracting detailed job listings from Naukrigulf.com. Collect comprehensive job data including titles, descriptions, company details, and requirements. Perfect for recruitment analysis, market research, and HR analytics"
Instagram Analytics Pro,CQ,https://apify.com/constant_quadruped/instagram-analytics-pro?fpr=youssef,social-leads,6,137,,0,"Transform Instagram data into influencer analytics. Flattens nested childPosts, musicInfo & comments. Computes engagement rates, profile scores (0-100), comment sentiment, and trending audio from Reels. Compare multiple profiles with HTML dashboard. CRM-ready exports for marketing teams"
Facebook Search Actor (No Cookies),Mina,https://apify.com/mina_safwat/facebook-search-actor?fpr=youssef,social-leads,6,136,,0,"If you want to search on Facebook at a large scale, this is the best tool available, offering the best accuracy and price"
Faire Brand Scraper,SASWAVE,https://apify.com/saswave/faire-brand-scraper?fpr=youssef,other-lead-sources,6,134,5,1,"Faire.com scraper. Extract brands information listing and similar brands. Provide lists of brands urls to monitor. Stay updated on your competition. Get data about social accounts, product count, business VAT, country, minimum order amount, is selling on amazon, discounts and more"
Youtube Comments [] Scraper [with replies],Muhamed Didovic,https://apify.com/memo23/youtube-comments-scraper?fpr=youssef,social-leads,6,129,5,12,"No limits, no quotas, unlimited extraction. Extract YouTube comments from any video with full comment text, reply threads, author details, vote counts, posting dates, and video metadata. Download in JSON, CSV, and Excel"
Propwire Real Estate Leads Scraper,Crawler Bros,https://apify.com/crawlerbros/propwire-leads-scraper?fpr=youssef,other-lead-sources,6,119,1,1,"Extract US real estate leads from propwire.com with 11M+ properties with owner info, equity, MLS data, lead-type flags (absentee owner, vacant, pre-foreclosure, cash buyer, high equity, etc.), and tax records"
Auction.com Property Scraper,ParseForge,https://apify.com/parseforge/auction-com-property-scraper?fpr=youssef,other-lead-sources,6,98,5,4,"Scrape property auction listings from Auction.com. Extract property details including address, price, auction date, property type, square footage, bedrooms, bathrooms, and more. Supports filtering by state, property type, and price range"
SeLoger Real Estate Scraper,SilentFlow,https://apify.com/silentflow/seloger-scraper-ppr?fpr=youssef,france-francophonie,6,89,5,1,"Scrape SeLoger.com real estate listings - apartments, houses, rentals in Paris, Lyon, Marseille. Extract prices, DPE energy ratings, photos, agent contacts. Pay-per-result with residential proxies. Export to Excel, CSV, JSON. Perfect for market analysis & lead generation"
Facebook Ads Url Parser- FREE TO USE,FlowExtract API,https://apify.com/dz_omar/facebook-ads-url?fpr=youssef,social-leads,6,76,4.6,14,"Copy any Facebook Ad Library URL and instantly extract ads data. No setup, no filters to configure just paste the URL and run"
"Facebook Pages Scraper - 30 Fields, Followers & Info",ParseForge,https://apify.com/parseforge/facebook-pages-scraper?fpr=youssef,social-leads,6,76,,0,"Reads public Facebook pages from URLs or slugs. 30 fields per page: name, categories, intro and info, likes, followers, check-ins, rating and rating count, website, address, phone and email where public, profile and cover photos, creation date, ad status and its Ad Library link"
Dun & Bradstreet Company Scraper,ParseForge,https://apify.com/parseforge/dnb-scraper?fpr=youssef,b2b-databases,6,70,,0,"Extract company data from the Dun & Bradstreet business directory. Returns DUNS number, employee count, revenue, industries, named contacts, location and corporate role - searchable by keyword, country, family-tree role and company size"
Leboncoin.fr Scraper,FlowExtract API,https://apify.com/dz_omar/leboncoin-scraper?fpr=youssef,france-francophonie,6,64,5,3,"Scrape listings from any leboncoin.fr search URL price, location, seller, photos, and every category-specific attribute (surface, rooms, energy rating, mileage, fuel type). Paste a search URL and get structured data back"
ClickBank Marketplace Scraper - Digital Affiliate Products,viralanalyzer,https://apify.com/viralanalyzer/clickbank-marketplace-intelligence?fpr=youssef,other-lead-sources,6,59,5,2,"Scrape ClickBank Marketplace for digital affiliate products. Get gravity, avg sale, commission rate, recurring billing data. US-focused, commission 50-75%"
Amazon Brazil Scraper - Anti-Block: Products & Prices,viralanalyzer,https://apify.com/viralanalyzer/amazon-brazil-intelligence?fpr=youssef,other-lead-sources,6,57,5,4,"Extract Amazon Brazil data: products, prices, reviews, BSR rankings, seller info"
Pappers.fr Company Scraper,Epic Scrapers,https://apify.com/epicscrapers/pappers-scraper?fpr=youssef,france-francophonie,6,55,3.0,2,"Scrape French company data from Pappers.fr including SIREN numbers, legal forms, financial records, directors, and publications. Supports bulk searches by keyword or Pappers.fr URL filters for precise, targeted data extraction"
Crexi Commercial Real Estate Scraper,Skootle,https://apify.com/skootle/crexi-commercial-real-estate-scraper?fpr=youssef,other-lead-sources,6,46,,0,"Scrape Crexi commercial real estate listings by keyword or property URL. Get addresses, prices, brokers, property facts, URLs, and clean agent-ready records for CRE lead generation, market maps, comps, and investment research"
Pap.fr [] French Private-Seller RE Scraper,Muhamed Didovic,https://apify.com/memo23/pap-scraper?fpr=youssef,france-francophonie,6,37,5,4,· Pap.fr scraper for private French sellers - 30+ fields per row from rich JSON-LD: price · m² · rooms · DPE · lat-lng · seller · breadcrumb hierarchy (région/département/ville). Filter mode + URL mode + price-band split (lift the ~370-result cap). Apify Residential FR. No browser
Metrocuadrado Scraper,Knowten,https://apify.com/knowten/metrocuadrado-scraper?fpr=youssef,other-lead-sources,6,29,5,9,"Scraper ultra rápido de Metrocuadrado Colombia. Extrae fácilmente miles de propiedades con filtros precisos: precio, ciudad, habitaciones y estrato. Obtén información clave: coordenadas, áreas, fotos, descripciones y precios. Perfecto para el análisis del mercado y la prospección inmobiliaria"
Wyoming Business Entity Scraper,ParseForge,https://apify.com/parseforge/wyoming-business-scraper?fpr=youssef,other-lead-sources,6,26,,0,"Scrapes Wyoming Secretary of State business filings by name or filing ID. Returns entity name, filing ID, status, and standing, with an optional deep-detail pass for registered agent, principal office, and annual report fields"
Chemist Warehouse Product Scraper,ParseForge,https://apify.com/parseforge/chemist-warehouse-scraper?fpr=youssef,other-lead-sources,6,22,,0,"Scrapes Chemist Warehouse Australia product listings by keyword, category, or brand. Returns each product as a flat row with price, stock status, and full details"
"ATS Jobs Search API: 996,000 Job Listings, No Company List",Daniel Meshulam,https://apify.com/glitchbound/ats-jobs-search?fpr=youssef,jobs-hiring-signals,6,14,,0,"Search every open role across 26,000 company career sites and job boards on 10 ATS platforms at once, without knowing a company name. From the employer's own board: no login, no cookies"
Bayut Scraper [] - UAE Property Listings & Agents,Black Falcon Data,https://apify.com/blackfalcondata/bayut-scraper?fpr=youssef,email-finders,6,11,,0,"the UAE, Saudi Arabia, Qatar, Oman and Jordan. Scrape Bayut property listings plus agents and agencies from one actor - every row arrives structured with price, location and direct agent contact including email, ready to use"
Centris.ca Scraper - Quebec Real Estate Data & MLS API,SIÁN OÜ,https://apify.com/sian.agency/centris-ca-property-scraper?fpr=youssef,france-francophonie,6,11,,0,"Centris scraper and Quebec real estate data API for Canada. Search Montreal and Quebec listings by city, region, polygon, coordinates or URL; return MLS number, price, bedrooms, bathrooms, rooms, address, geocoordinates, photos, broker details, open house dates and expense breakdowns"
Centris Broker Scraper - Quebec Real Estate Agent Leads,SIÁN OÜ,https://apify.com/sian.agency/centris-agent-scraper?fpr=youssef,france-francophonie,6,11,,0,"Scrape Quebec real estate brokers from the Centris.ca directory at scale. Search by city or region, pull full agency rosters, look up brokers by name, filter by language. Every row includes direct phone, agency, title and profile URL - built for lead generation, recruiting and CRM enrichment"
NFX Signal Investor API,John,https://apify.com/johnvc/nfx-signal-investor-api?fpr=youssef,linkedin,6,8,,0,"Export VC investors and firms from Signal by NFX investor lists as structured JSON: check sizes, stages, sectors, locations, and profile links. Optional LinkedIn and Crunchbase firm enrichment. Pay per result, no login required"
Google Maps Place ID & Business Contact API,John,https://apify.com/johnvc/google-maps-place-id-contact-api?fpr=youssef,google-maps,6,7,,0,"Resolve any Google Maps place ID to a full business profile: contact email, social profiles, accessibility and amenity attributes, closure status, structured address, and plus code. Place ID lookup plus contact enrichment in one call. Pay per record, MCP ready"
Website Email Contact Scraper,Chetan Jain,https://apify.com/omkar-cloud/website-email-contact-scraper?fpr=youssef,email-finders,5,524,5,1,"Website Email & Contact Scraper to extract emails, phone numbers & social profiles from any website. Export contact data as JSON, CSV, or Excel"
Instagram follower scraper,clothe fobia,https://apify.com/clothefobia/instagram-follower-scraper?fpr=youssef,social-leads,5,451,4.7,4,Instagram follower scraper-Scrape followers from any instagram profiles with more detail
TikTok Email Scraper,EasyApi,https://apify.com/easyapi/tiktok-email-scraper?fpr=youssef,email-finders,5,431,1,1,"Effortlessly scrape email addresses from TikTok profiles! Find TikTok creators matching your keywords and specific email domains. Perfect for influencer marketing, social media outreach, and collaboration opportunities. Powered by stealth technology for reliable data collection"
"Facebook Meta Ad Leads (Email, Phone & More)",Iñigo Garcia Olaizola,https://apify.com/igolaizola/facebook-ad-leads?fpr=youssef,email-finders,5,372,2.8,4,"Facebook Meta advertiser scraper for lead generation, prospecting, and market research. Find businesses by keyword and get names, websites, social profiles, phones, addresses, categories, and emails. Export structured results as JSON, CSV, or Excel, or connect through the API and MCP"
Instagram Reels Scraper,EasyApi,https://apify.com/easyapi/instagram-reels-scraper?fpr=youssef,social-leads,5,364,1,2,"Effortlessly scrape Instagram Reels data from user profiles. Extract comprehensive metadata, including view counts, likes, comments, and media URLs. Perfect for content analysis, influencer research, and competitor tracking"
Zoominfo People Profile Scraper,Pratik Dani,https://apify.com/pratikdani/zoominfo-people-profile-scraper?fpr=youssef,b2b-databases,5,302,,0,"This actor scrapes Zoominfo people profiles, extracting valuable contact information like email addresses, phone numbers, job titles, and company details. Perfect for lead generation and targeted outreach campaigns"
Instagram Profile Hunter: Bulk Website to Instagram Mapper,David,https://apify.com/6sigmag/instagram-profile-hunter-bulk-website-to-instagram-mapper?fpr=youssef,social-leads,5,245,5,1,"Transform website URLs into valuable Instagram business profiles in bulk. Automatically extract domains and find associated Instagram accounts for powerful lead generation, competitor analysis, and market research. Save hours of manual work with this efficient automation tool"
Google Maps Fast Scraper,Miso,https://apify.com/xmiso_scrapers/google-maps-scraper?fpr=youssef,google-maps,5,222,4.8,12,"No need to overpay, Get Google maps results lighting fast, just for. Try it now!"
"Jobs Scraper All-in-One - Listings, Salaries & Insights",ToolzerHub,https://apify.com/toolzerhub/jobs-scraper-all-in-one?fpr=youssef,jobs-hiring-signals,5,194,5,2,"Search live job postings from Indeed, LinkedIn, Glassdoor and company career pages in one run. Each comes back with its pay range, employer, location, posting date and apply link. Add the going rate for roles that quote no pay, and what each posting asks of a candidate"
Dentist Finder,Sam,https://apify.com/cleansyntax/dentist-finder?fpr=youssef,email-finders,5,172,4,1,"Dentist Finder is a comprehensive database providing access to detailed information on all licensed dentists across the USA. This API delivers up-to-date data, including contact details, specialties, office locations, and more"
Fast Google Maps Business Scraper API | Full Profiles & Data,Agents,https://apify.com/theagents/google-maps-business?fpr=youssef,google-maps,5,168,5,7,"Extract comprehensive business profiles from Google Maps with lightning speed. Our scraper delivers complete company data including contact info, hours, ratings, and amenities. Perfect for building databases, market research, and competitive analysis across Google's vast business ecosystem"
Skool Scraper Goat,Goutam Soni,https://apify.com/goat255/skool-scraper-goat?fpr=youssef,other-lead-sources,5,150,3.0,3,"Discover Skool.com communities at scale and get clean metadata per community: pricing, estimated MRR and ARR, member and post counts, course counts, engagement metrics, and the owner profile. Search by keyword or paste community URLs. No login needed. Built-in MRR and price filters"
Upwork Jobs Scraper,Orgupdate,https://apify.com/orgupdate/upwork-jobs-scraper?fpr=youssef,jobs-hiring-signals,5,144,2.7,2,"The latest and most advanced Upwork Jobs Scraper. Our Upwork Jobs Scraper extracts real-time job postings at scale from all over the world. A new research tool built for recruitment, insights and HR"
Lawyer Email Scraper,Sam,https://apify.com/cleansyntax/lawyer-email-list?fpr=youssef,email-finders,5,143,5,2,"High-speed lead generation tool to scrape lawyer and attorney contacts from across the USA. Search by state and area to build a targeted lawyer email databases including full names, law firm offices, and practice areas"
Coches.net Scraper,Gen First,https://apify.com/ivanvs/coches-net-scraper?fpr=youssef,other-lead-sources,5,125,2.6,2,"Extract data from coches.com for data on thousands of car listings. Scrape car listings, extract descriptions, images, prices, mileage, contact number, addresses, names, engine information, the transmission of the car, and all other listing details"
Welcome to the Jungle Job Scraper,SilentFlow,https://apify.com/silentflow/welcome-to-the-jungle-scraper-ppe?fpr=youssef,france-francophonie,5,69,,0,"Pay-per-event scraper for Welcome to the Jungle, one of Europe's largest job boards. Extract job postings and company profiles, with keyword search, location, contract type and remote filters across 7 markets"
OnlyFans Profile Scraper,SilentFlow,https://apify.com/silentflow/onlyfans-scraper-ppe?fpr=youssef,other-lead-sources,5,66,,0,"Best OnlyFans profile scraper with pay-per-result pricing. Extract bio, subscription price, posts count, photos, videos, total media, favorites, subscribers, active promotions, subscription bundles, avatar, header image, join date, social links, location and 90+ data fields. Proxies included"
Idealista | Spain |Italy| Portugal | Richest Output | PPE V2,Muhamed Didovic,https://apify.com/memo23/idealista-scraper-rental?fpr=youssef,other-lead-sources,5,58,5,3,"Extract comprehensive property data from Idealista.com: prices, locations, images, agent contacts, property features (rooms, bathrooms, amenities), detailed descriptions in multiple languages, and market insights. Perfect for real estate analysis, investment research, and market monitoring across EU"
G2.Com Scraper (It works),Luffy,https://apify.com/coder_luffy/g2-scraper?fpr=youssef,directories,5,54,5.0,3,"G2.com scraper that pulls software listings, ratings, pros and cons, and market segment data from any category page, so you can track a market without checking it manually"
CV-Library UK Jobs Scraper,ParseForge,https://apify.com/parseforge/cv-library-uk-jobs-scraper?fpr=youssef,jobs-hiring-signals,5,43,,0,"Scrapes job listings from CV-Library, a major UK job board. Returns title, company, location, salary, and apply URL for each job. Filter by keyword and location"
bureaux-commerces scraper (by Search URL),Azzouzana,https://apify.com/azzouzana/seloger-bureaux-commerces-scraper-by-search-url?fpr=youssef,france-francophonie,5,38,5.0,2,"Scraping des annonces SeLoger bureaux-commerces ! Rapide et économique, il permet d'extraire titres, descriptions, photos, prix, contacts, évaluation énergétique et bien plus. Exportez en JSON, CSV, HTML, EXCEL ouAPI. Entrez l’URL de la page de recherche et laissez-nous faire le reste !"
Leboncoin Acheteur API - Messages & Inbox,ClearPath,https://apify.com/clearpath/leboncoin-acheteur?fpr=youssef,france-francophonie,5,37,,0,"Envoyez des messages aux vendeurs Leboncoin et consultez votre boîte de réception. Batch jusqu’à 10 annonces, 2FA SMS/email, pass 30 jours sans renouvellement automatique"
Avvo Lawyers Scraper,Shahid Irfan,https://apify.com/shahidirfan/Avvo-Scraper?fpr=youssef,b2b-databases,5,32,5,6,"Extract lawyer profiles, client reviews, and legal directory data from Avvo with this lightweight and efficient actor. Perfect for gathering legal industry insights quickly. For the most reliable performance and to ensure seamless data extraction, using residential proxies is strongly recommended"
SuccessFactors Jobs API,SignalCrawl,https://apify.com/signalcrawl/successfactors-jobs-api?fpr=youssef,jobs-hiring-signals,5,30,,0,"Extract public SAP SuccessFactors career-site jobs into clean structured data with titles, companies, locations, requisition IDs, posting dates, direct apply URLs, descriptions, and dedupe-ready keys"
"eBay Search Scraper - Listings, Prices & Sellers",Nicolas van Arkens,https://apify.com/scrapeworks/ebay-search-scraper?fpr=youssef,other-lead-sources,5,28,,0,"Scrape eBay search results in bulk - get product titles, prices, condition, shipping, sellers, watchers and image URLs as clean JSON. No eBay API key needed. Pass many keywords or eBay search URLs per run, paginate deep, on any eBay marketplace"
APEC.fr Scraper,Unfenced Group,https://apify.com/unfenced-group/apec-fr-scraper?fpr=youssef,france-francophonie,5,25,,0,"Scrape apec.fr for structured French executive job data: titles, companies, salaries, full descriptions & apply URLs. 100k+ listings. No API key required"
"Google Maps Scraper -, Places & Reviews",Dami's Studio,https://apify.com/dami_studio/google-maps-scraper?fpr=youssef,google-maps,5,16,5,2,"Scrape Google Maps places and reviews. Each row has the business name, category, address, rating, GPS coordinates and place ID. Phone, website and review count only come back when Google shows them on the page"
"French Company Email Finder (SIREN, dirigeants, contacts)",Tagada Data,https://apify.com/tagadanar/french-company-contacts?fpr=youssef,france-francophonie,5,16,,0,"Find dirigeant emails for French companies: give a SIREN, SIRET or name, get official registry firmographics, the named directors and a scored best-effort email for each. One call instead of Pappers plus Dropcontact. Pay per result, platform usage included"
"Wellfound Jobs API - Startup Jobs, Salary & Equity",John,https://apify.com/johnvc/wellfound-jobs-api?fpr=youssef,jobs-hiring-signals,5,11,,0,"Wellfound (formerly AngelList) startup jobs API. Search by role, location, and remote status; get full descriptions, parsed salary and equity, company data, and startup signals (YC, top investors, stage). Pay per job. MCP-ready for Claude and AI agents"
OLX Portugal Property Scraper,Trove Vault,https://apify.com/trovevault/olx-portugal-property-scraper?fpr=youssef,other-lead-sources,5,10,,0,"Discover public OLX Portugal property listings by location, operation, and property type. Extract prices, areas, rooms, features, images, and URLs"
"APEC Jobs Scraper - France Cadre Jobs, Salary & Company",Haketa,https://apify.com/haketa/apec-jobs-scraper?fpr=youssef,france-francophonie,5,8,,0,"Scrape APEC (apec.fr) France executive and cadre job listings. Extract job title, hiring company, location, salary range, contract type, description, publication date and geo-coordinates by keyword. Export JSON, CSV, Excel for recruitment, salary benchmarking and market research"
leboncoin France Car Scraper,DevilScrapes,https://apify.com/devilscrapes/leboncoin-france-cars?fpr=youssef,france-francophonie,5,6,,0,"Scrape used-car listings from leboncoin.fr - price (EUR), brand, model, year, mileage, fuel, gearbox, horsepower, body type, colour, Crit'Air, seller (pro/private), location, and photos. Export to JSON or CSV; optionally enrich each listing with its full French description"
Kompass Company Scraper - B2B Company Data & Firmographics,Zen Studio,https://apify.com/zen-studio/kompass-company-scraper?fpr=youssef,france-francophonie,5,6,,0,"Extract B2B company data from the Kompass directory: name, phone, website, address, employee size, turnover, and industry. Filter by country, industry, and size to build targeted company lists"
Instagram Number Scraper,bhansalisoft,https://apify.com/bhansalisoft/instagram-number-scraper?fpr=youssef,social-leads,4,1877,1.3,4,Instagram Number Scraper: Scrap Number from Instagram specific profile from search engine based on your keyword
Free Addresses Scraper - Find HQ Addresses From Any Domain,SR,https://apify.com/s-r/free-addresses-scraper---find-hq-addresses-from-any-domain?fpr=youssef,other-lead-sources,4,960,5,2,"Turn any domain into complete business address data in seconds! Just provide a domain name, and our intelligent actor delivers comprehensive location data - perfect for sales teams, market researchers, and data analysts"
Linkedin Jobs Scrapper,ScrapeVerse,https://apify.com/scrapeverse/linkedin-jobs-scrapper?fpr=youssef,linkedin,4,704,1.5,2,"Get detailed and insightful data just by entering few information, No need to worry about Cookies and Authentication"
Linkedin User Profile Url - Mass Finder,ScrapeVerse,https://apify.com/scrapeverse/linkedin-user-profile-url---mass-finder?fpr=youssef,linkedin,4,623,4.9,5,"LinkedIn User Profile URL - Mass Finder automates locating LinkedIn profiles by inputting names, location or designations. It provides instant URLs, saving time for market research, lead generation, and recruitment. It enhances efficiency and streamlines workflows"
Google Maps Scraper,EasyApi,https://apify.com/easyapi/google-maps-scraper?fpr=youssef,google-maps,4,601,1.6,3,"Powerful Google Maps scraper, collect up to 5000 place results per time, with flexible search options, language support. Perfect for market research, local business discovery, and geospatial data collection"
Free Google Maps Scraper - Simplified Version,Blue Orion,https://apify.com/blueorion/free-google-maps-scraper-simplified?fpr=youssef,google-maps,4,428,3.3,5,"Simplified version of ""Free Google Maps Scraper - Low-cost & Extensive"". FASTER & CHEAPER"
Facebook Email Scraper,EasyApi,https://apify.com/easyapi/facebook-email-scraper?fpr=youssef,email-finders,4,304,,0,"Effortlessly scrape email addresses from Facebook profiles and pages! Find Facebook content matching your keywords and specific email domains. Perfect for lead generation, social media marketing, and community building. Powered by stealth technology for reliable data collection"
Bulk Email Finder Tool - Find Business Emails by Name & Domain,David Bhatt,https://apify.com/davidsharadbhatt/bulk-email-finder-tool---find-business-emails-by-name-domain?fpr=youssef,email-finders,4,235,,0,"Instantly find verified professional email addresses by entering a contact’s first name, last name, and company domain - ideal for sales teams, outreach campaigns, and lead generation"
Restaurant Email List,Sam,https://apify.com/cleansyntax/restaurant-email-list?fpr=youssef,email-finders,4,219,5,1,"This Apify actor provides a list of restaurant email addresses and related details by state. Simply select a U.S. state from the input form, and the actor will return the following fields for each restaurant: restaurant_name, address, city, state, zipcode, phone, email, and category"
LinkedIn Employee Scraper & Company People Extractor,Bhojraj Pilaniya,https://apify.com/chirpy_polygon/linkedin-employee-extractor?fpr=youssef,linkedin,4,196,4.5,2,"Extract LinkedIn company employees, job titles, locations, and profile URLs for B2B lead generation, recruiting, account mapping, and market research. Uses your own LinkedIn session cookies"
Reddit Subreddit Members Scraper,Louis Deconinck,https://apify.com/louisdeconinck/reddit-subreddit-users?fpr=youssef,social-leads,4,193,1.4,3,"Scrape all members of a subreddit. Find the most active and influential users within Reddit communities. Perfect for market research, community analysis, and finding key players in your target niche"
Messe Frankfurt Exhibitor List Scraper,Skython,https://apify.com/skython/messe-frankfurt-exhibitor-list-scraper?fpr=youssef,b2b-databases,4,171,5,2,"Extract complete exhibitor lists from Messe Frankfurt trade shows - Ambiente, Eurobike, Automechanika, Formnext, Heimtextil, Nordstil, Techtextil, SPS, PCIM, and more. Collect company details, social media links, and product groups for B2B lead generation, sales prospecting, and event networking"
Messe Düsseldorf Exhibitor List Scraper,Skython,https://apify.com/skython/messe-duesseldorf-exhibitor-list-scraper?fpr=youssef,b2b-databases,4,171,5,3,"Extract complete exhibitor lists from Messe Düsseldorf trade shows - Medica, Caravan-Salon, Compamed, Drupa, Eurocis, Euroshop, Glasstec, Interpack, Prowein, and more. Collect company details, social media links, and contact persons for B2B lead generation, sales prospecting, and event networking"
Dutch Supermarkets (all 11),Harvest Edge,https://apify.com/harvestedge/dutch-supermarkets-all-11?fpr=youssef,other-lead-sources,4,150,,0,"Scrape all 11 dutch supermarket chains for price, product, url, and size. Albert Heijn, Jumbo, Dirk, SPAR, Hoogvliet, Aldi, Lidl, Vomar, Poiesz, Plus, DekaMarkt. Netherlands, Nederland, supermarkt"
Website Contact Scraper | Enterprise-Grade,Fatih Tahta,https://apify.com/fatihtahta/email-scraper-deep?fpr=youssef,email-finders,4,145,5,1,"The most reliable, enterprise-grade email scraper for any website. Uses a unique hybrid search (fast check + deep scan) to find public emails with an industry-leading success rate. Perfect for building high-quality lead lists for sales, marketing, and outreach"
Zillow Property Data Scraper,ВAH,https://apify.com/delicious_zebu/zillow-property-data-scraper?fpr=youssef,other-lead-sources,4,143,5.0,27,"Scrape Zillow listings into structured data: price, beds/baths, Zestimate, rent estimate, days on Zillow, photos, agent & MLS info + 50 more fields. Paste any search URL, or just pick a location and set filters like on Zillow. Fast API-based scraping. Free trial"
"Mastodon Scraper - Posts, Hashtags & Accounts",newpo,https://apify.com/newpo/mastodon-scraper?fpr=youssef,other-lead-sources,4,136,,0,"Scrape posts, profiles, and hashtag feeds from Mastodon instances using the public API. No authentication required. Extract text, engagement metrics, media, and more from the fediverse"
Dach Region 2M+ Business Leads+ Emails From Google Maps,Miso,https://apify.com/xmiso_scrapers/dach-region-2m-business-leads-emails-from-google-maps-ppr?fpr=youssef,google-maps,4,135,4.5,3,"Looking for affordable apollo.io alternative when searching for DE,AT,CH business leads? Get recent B2B data from continuously updated database of DACH businesses with emails and social links"
Welcome to the jungle scraper,SASWAVE,https://apify.com/saswave/welcome-to-the-jungle-scraper?fpr=youssef,france-francophonie,4,131,4.1,3,"Welcome to the jungle scraper. Retrieve jobs, companies from welcometothejungle.com website and extract search results informations. Helps for Intent based marketing campaigns. Extract valuable data: social networks, website, tech stack, job count... jobtitle, salary, benefits, remote, date"
Willhaben.at Car Scraper,Real Spidery,https://apify.com/real_spidery/willhaben-at-car-scraper?fpr=youssef,email-finders,4,118,4.1,3,"Fast and lightweight Willhaben.at scraper allows you to deep dive in the largest Austria online car/real estate market for buyers and sellers. Export scraped data, run the scraper via API, schedule and monitor runs or integrate with other tools. Custom solution is available, just drop us an email"
SeLoger Scraper (by ads URLs),Azzouzana,https://apify.com/azzouzana/seloger-mass-products-scraper-by-items-urls?fpr=youssef,france-francophonie,4,108,,0,"Très simple! Entrez les URL des biens pour en obtenir les titres, descriptions, photos, évaluations énergétiques, prix, contacts, transports et plus encore Extraire les biens depuis seloger.com rapidement avec les infos détaillées à faible coût, avec exportation en JSON, CSV, EXCEL, etc"
Building Permits Scraper - Roofing Solar HVAC Leads,IntelScrape,https://apify.com/intelscrape/building-permit-scraper?fpr=youssef,enrichment-verification,4,104,1,1,"Multi-city building permits from city/county open-data APIs. cities[] + keyword. Contractor names, addresses, work type. Soft CTA → Skip Trace / UCC / Code Violations"
Booksy Business Scraper,ParseForge,https://apify.com/parseforge/booksy-scraper?fpr=youssef,other-lead-sources,4,82,,0,"Scrapes Booksy business profiles by service type and location. Returns name, rating, review count, address, and optional deep details like phone, website, hours, and services per row"
French Companies · Search & SIREN Enrich,Corentin Robert,https://apify.com/corent1robert/recherche-entreprises-scraper?fpr=youssef,france-francophonie,4,79,,0,"Paste a Pappers, Societe.com or data.gouv URL or SIREN list - directors, VAT, NAF, finances. Companion Actors: UK Companies House and Germany Handelsregister. Public INSEE. No API key"
Doctolib scraper,Giovanni Bianciardi,https://apify.com/giovannibiancia/doctolib-scraper?fpr=youssef,france-francophonie,4,77,1,1,"Extract medical professionals data from Doctolib.fr, Doctolib.it, and Doctolib.de. Scrapes doctor profiles, contact information, specializations, and clinic details across France, Italy, and Germany. Supports multiple cities, professions, and automated pagination with structured JSON output"
Citation Builder,The Howlers,https://apify.com/alizarin_refrigerator-owner/citation-builder?fpr=youssef,email-finders,4,60,,0,"Build local SEO citations by automatically submitting your business NAP (Name, Address, Phone) to 45+ directories. Why Citations Matter Local citations are mentions of your business name, address, and phone number on other websites. They're a critical local SEO ranking factor"
Clutch.co Scraper,Shahid Irfan,https://apify.com/shahidirfan/Clutch-co-Scraper?fpr=youssef,directories,4,52,5,5,"Introducing the Clutch.co Scraper, a lightweight actor for extracting company profiles, client reviews, and ratings from Clutch.co. Quick and effective. For best results and reliable data extraction, the use of residential proxies is strongly advised. Get the B2B insights you need!"
France Job Scraper - WTTJ + France Travail + Hellowork,Ken Digital,https://apify.com/joyouscam35875/france-job-scraper?fpr=youssef,france-francophonie,4,44,,0,"Scrape French job listings from 3 major job boards. Get titles, companies, salaries, locations"
Rakuten Japan Product Scraper,ParseForge,https://apify.com/parseforge/rakuten-japan-scraper?fpr=youssef,other-lead-sources,4,43,,0,"Scrapes Rakuten Japan product listings from search, category, or URL. Returns each product as a flat row with price, reviews, shop, points, and shipping"
Ultra FAST Instagram Profile Scraper,Rover Omniscraper,https://apify.com/rover-omniscraper/instagram-profile-scraper?fpr=youssef,social-leads,4,39,4,1,"The fastest Instagram profile scraper on Apify. Extract followers, bio, business info, posts & more via Instagram's internal API - no login, no browser. Concurrent scraping, rotating proxies & 60+ user agents. Structured JSON in seconds"
Leboncoin.fr ·· Any Category· Full Listings + GPS,Muhamed Didovic,https://apify.com/memo23/leboncoin-scraper?fpr=youssef,france-francophonie,4,34,5,1,"[] Turn any leboncoin.fr search into a clean dataset - real estate, cars, jobs, goods. One row per ad: price, full description, GPS coordinates, seller, all images, every category attribute, plus boost flags. Anti-bot handled - no proxy or captcha setup. JSON or CSV, billed per result"
Shine.com Jobs Scraper,EasyApi,https://apify.com/easyapi/shine-com-jobs-scraper?fpr=youssef,jobs-hiring-signals,4,32,,0,"Extract detailed job listings from Shine.com with this powerful scraper. Collect comprehensive job data including titles, company details, locations, and recruiter contact information. Perfect for job market analysis, recruitment research, and competitive intelligence"
"Bulk Email Verifier & Finder - Mailbox Exists, SPF/DKIM/DMARC",Apivault Labs,https://apify.com/apivault_labs/email-deliverability-checker?fpr=youssef,email-finders,4,24,,0,"Bulk email verifier & finder: live mailbox check (accepted/rejected/catch-all), SPF/DKIM/DMARC, spam-trap & blacklist, typo fix, find emails by name+company. Pay only for definitive results"
SubReddit Info Scraper,AgentX,https://apify.com/agentx/subreddit-info-scraper?fpr=youssef,other-lead-sources,4,19,5,2,"Subreddit info scraper that profiles one community in a single call - 47 structured fields covering public descriptions, subscriber counts, access and content flags, submission and archiving settings, brand assets, sticky posts, rules, and wiki pages. Actor Start"
Google Maps No-Website Leads Scraper - Businesses Without Sites,IntelScrape,https://apify.com/intelscrape/website-Leads?fpr=youssef,google-maps,4,18,,0,Find local businesses without a website on Google Maps. Soft CTA to contact-info / Skip Trace / Maps email
Seloger Agents Scraper,Shahid Irfan,https://apify.com/shahidirfan/seloger-agents-scraper?fpr=youssef,france-francophonie,4,18,5,3,"Scrape Seloger agents: extract profiles, contact info, properties & ratings. Perfect for lead generation, competitive pricing analysis, CRM integration & real estate market intelligence"
Career Page Job Postings Scraper,Hanna Nosova,https://apify.com/fetch_cat/career-page-job-postings-scraper?fpr=youssef,jobs-hiring-signals,4,14,,0,Scrape public company career pages and linked ATS job listings into normalized job posting datasets
Jobat Job Scraper [] - Belgium Jobs (NL & FR),Black Falcon Data,https://apify.com/blackfalcondata/jobat-scraper?fpr=youssef,france-francophonie,4,14,,0,Scrape jobat.be - Belgium's leading board with structured salary · 3 description formats · employer contact data · Dutch and French listings. Incremental mode tracks new and changed jobs across scheduled runs
Leboncoin Universal Scraper - Vehicles,Scrapifier,https://apify.com/scrapifier/leboncoin-universal-scraper-vehicles?fpr=youssef,france-francophonie,4,10,5.0,2,"Scrape unlimited Leboncoin vehicle listings - no URL needed! Choose cars, motorbikes or vans, add your filters (brand, fuel, gearbox, mileage, year, price…) and instantly get rich, structured data for market analysis, deal sourcing, price monitoring or lead generation"
Watson Username Finder - OSINT Across 4000+ Sites,IntelScrape,https://apify.com/intelscrape/watson?fpr=youssef,enrichment-verification,4,9,,0,"Cross-platform social username finder (Sherlock-style). Category packs, AVAILABLE status, topSites filter, footprint-summary paid layer. Hybrid HTTP+browser. Pay per result"
Job Listings Scraper: Career Site Jobs from 11 ATS Platforms,DataSignals Lab,https://apify.com/datasignalslab/job-search-api?fpr=youssef,jobs-hiring-signals,4,8,,0,"Job listings read straight from company career sites, not from aggregators. Covers eleven ATS platforms including Greenhouse, Lever, Ashby, Workable, SmartRecruiters, Personio, Recruitee and Workday, normalised into one schema with keyword, location and country search"
CASA SAPO Property Discovery Scraper,Trove Vault,https://apify.com/trovevault/casa-sapo-property-discovery-scraper?fpr=youssef,other-lead-sources,4,7,,0,"Discover public CASA SAPO property listings by location, operation, and property type. Extract prices, areas, rooms, seller labels, images, and listing URLs"
VDAB Scraper - Belgium Flanders Public Jobs,Black Falcon Data,https://apify.com/blackfalcondata/vdab-jobs-feed?fpr=youssef,france-francophonie,4,6,,0,Scrape vdab.be - Belgium's official Flanders public employment service with 200K+ listings · email & phone contact data · parallel enrichment · contract-type filters. Incremental mode tracks new and changed jobs across runs
SeLoger Scraper - France Property & Agent Data,Ben,https://apify.com/benthepythondev/seloger-scraper?fpr=youssef,france-francophonie,4,4,,0,"Scrape SeLoger (France's #1 property portal), for sale or to rent: price, rooms, surface (m2), city, postcode, energy class, agency name + agent contact, image and listing URL. Search by city/department or paste a SeLoger URL"
Avvo Scraper with Mails | US Lawyer Directory,Fatih Tahta,https://apify.com/fatihtahta/avvo-scraper?fpr=youssef,directories,3,1250,5,1,"Get verified US attorney profiles from Avvo.com including names, contacts, firms, ratings, practice areas, and locations. Build legal directories or power research tools with clean, structured data"
Instagram Followers Scraper,DataFusionX,https://apify.com/devil_port369-owner/instagram-followers-scraper?fpr=youssef,social-leads,3,1013,4.7,15,"The Instagram Followers Scraper extracts follower data from public Instagram account. Ideal for influencer marketing, audience analysis, and business intelligence. Safe API rates ensure account protection while providing valuable insights"
Twitter (X) Profiles and Tweets Scraper,Muhamed Didovic,https://apify.com/memo23/apify-twitter-profile-scraper?fpr=youssef,social-leads,3,849,4,1,"This actor allows you to scrape Twitter/X profiles, extract tweets, key metrics, metadata and gather insights such as tweet content, engagement metrics (likes, retweets, replies), and author details. It is handy for social media analysis, marketing research, and tracking public figures or brands"
Instagram Bulk Message Sender,bhansalisoft,https://apify.com/bhansalisoft/instagram-bulk-message-sender?fpr=youssef,social-leads,3,576,1,2,Instagram Bulk Message Sender- is Advance Software for sending message to all instagram profiles using username
Yelp Advanced Data Scraper,ВAH,https://apify.com/delicious_zebu/yelp-advanced-data-scraper?fpr=youssef,directories,3,404,5,29,"Effortlessly scrape detailed business data from Yelp - ratings, reviews, contact info, hours, amenities, popular dishes, health scores, Q&A, and more. Works for restaurants, services, and any Yelp category. Perfect for lead generation, market analysis, apps, and research"
Instagram Posts Scraper,EasyApi,https://apify.com/easyapi/instagram-posts-scraper?fpr=youssef,social-leads,3,356,,0,"Effortlessly scrape Instagram posts data from multiple users. Extract comprehensive details including likes, comments, captions, hashtags, and more. Perfect for social media analysis, market research, and content monitoring"
Email & Contact Extractor From Any Web,EasyApi,https://apify.com/easyapi/email-contact-extractor-from-any-web?fpr=youssef,email-finders,3,329,,0,"A powerful web scraper that automatically extracts emails, phone numbers, and social media profiles from any website. Features deep crawling, smart retry mechanism, and advanced pattern recognition. Perfect for lead generation and contact discovery"
Telegram Email Scraper,EasyApi,https://apify.com/easyapi/telegram-email-scraper?fpr=youssef,email-finders,3,281,1,1,"Effortlessly scrape email addresses from Telegram profile, channels and groups! Find Telegram content matching your keywords and specific email domains. Perfect for lead generation, community outreach, and networking. Powered by stealth technology for reliable data collection"
BBB Business Directory Scraper,EasyApi,https://apify.com/easyapi/bbb-business-directory-scraper?fpr=youssef,directories,3,276,,0,"Scrape business listings from BBB.org (Better Business Bureau) including company details, ratings, contact information, and accreditation status. Perfect for market research and lead generation"
Welcome To The Jungle Jobs Scraper,Bebity,https://apify.com/bebity/welcome-to-the-jungle-jobs-scraper?fpr=youssef,france-francophonie,3,233,,0,"ℹ Retrieve jobs, articles, & organizations from ""Welcome to the Jungle"" using this Actor. Precision meets ease in this modern data tool. Perfect for recruiters, jobseekers, & researchers. Your key to the latest job market insights"
houzz,scrapingxpert,https://apify.com/scrapingxpert/houzz?fpr=youssef,directories,3,226,5.0,2,"Houzz is a well-known platform for discovering and exploring home design and remodeling ideas but it lacks an API for directly accessing comprehensive project details. Thankfully,with the help of Apify script users can effortlessly extract the latest project information without any coding knowledge"""
Doctoralia Data Extractor - scrape doctor data,Giovanni Bianciardi,https://apify.com/giovannibiancia/Doctoralia?fpr=youssef,other-lead-sources,3,213,1,1,"Doctoralia Data Extractor will extract detailed information on healthcare professionals from Doctoralia. Ideal for market research, lead generation, and data analysis in the healthcare sector"
Discover LinkedIn Company Posts,Pratik Dani,https://apify.com/pratikdani/discover-linkedin-company-posts?fpr=youssef,linkedin,3,212,,0,The Discover LinkedIn Posts by Company URL Actor extracts and provides detailed information about posts from a specified LinkedIn company profile URL
Instagram Email Scraper ( Fast & Affordable),Storm_Scraper,https://apify.com/scrapestorm/instagram-email-scraper-fast-affordable?fpr=youssef,email-finders,3,181,,0,"This Instagram Email Scraper extracts email addresses from Instagram based on your selected keywords and email domains. You can also set the max number of items for results. Perfect for professionals outreach and collaborations, it delivers fast and accurate results"
YouTube Trending Videos by Categories Scraper,Emmanuel Uchenna,https://apify.com/eunit/youtube-trending-videos-by-categories?fpr=youssef,social-leads,3,181,1.1,2,"Scrape real-time YouTube trending videos by country and category. Get detailed metrics like rank, title, views, likes, and channel name from 25+ countries. Monitor viral content, music, gaming, and more"
Dealroom Scraper,SASWAVE,https://apify.com/saswave/dealroom-scraper?fpr=youssef,enrichment-verification,3,148,5,2,"Dealroom company scraper. Collect data from companies using their url / domain name. Dealroom web crawler extract data about social networks, similarweb website traffic, funding rounds, investments, team members, KPI revenues and more"
Discover & Verify Professional Emails,EasyApi,https://apify.com/easyapi/discover-verify-professional-emails?fpr=youssef,email-finders,3,141,,0,"Discover and verify professional email addresses instantly with our advanced Email Finder. Combines smart pattern generation with comprehensive verification checks. Perfect for sales teams, recruiters, and marketers seeking validated contact information"
"URL to Metadata - mail, social and more",njoylab,https://apify.com/njoylab/url-summary-scraper?fpr=youssef,other-lead-sources,3,136,5,1,"A powerful Apify actor that extracts essential website information, including title, description, images, mail, and social media links. Perfect for quick data gathering and insights from any URL"
"Website Scraper Search Email, Phone, & Social Media",Scraping Solutions,https://apify.com/scraping_solutions/website-scraper-search-email-phone-social-media?fpr=youssef,email-finders,3,119,,0,"Automatically extracts emails, social media links, and phone numbers from any website. Perfect for quickly gathering contact details and online presence data of businesses or professionals"
Facebook Ad Library Scraper Pro,Dennis,https://apify.com/kalirobot/fb-ad-library-scraper?fpr=youssef,social-leads,3,119,5.0,2,"Fast & reliable Facebook Ad Library scraper. Extract ads by keyword or page with smart fallback search. Get creative, targeting, metrics & media. Multi-country support. Perfect for competitor analysis & ad intelligence"
Domain.com.au Real Estate Agents Scraper,EasyApi,https://apify.com/easyapi/domain-com-au-real-estate-agents-scraper?fpr=youssef,email-finders,3,114,5,1,"Extract detailed real estate agent information from Domain.com.au including contact details, performance metrics, and agency affiliations. Perfect for market research, lead generation, and real estate industry analysis in Australia"
Behance People Scraper,EasyApi,https://apify.com/easyapi/behance-people-scraper?fpr=youssef,other-lead-sources,3,111,,0,"Unlock insights from Behance's creative community! This Actor effortlessly scrapes user data based on your search queries, providing valuable information for market research, talent scouting, and trend analysis in the design world. Discover top creators and potential collaborators with ease!"
"Amazon Seller Lookup - Business Name, Address, Phone & Ratings",Jaybird Technologies,https://apify.com/jaybird/amazon-seller-info-scraper?fpr=youssef,other-lead-sources,3,107,,0,"Look up Amazon seller business info by Seller ID: name, address, phone, ratings & feedback score, clean JSON"
Thomasnet.com Scraper · Emails,Muhamed Didovic,https://apify.com/memo23/thomasnet-scraper?fpr=youssef,email-finders,3,99,4.7,5,"Thomasnet.com supplier scraper with verified emails - full company profiles incl. emails, phone, certifications, employees, year founded & more. ~25-30 suppliers per search URL, scaled by city/state/category. Reliable anti-bot bypass. JSON or CSV out"
Free Google Ads Scraper,Bruce Martin,https://apify.com/cryptdarkly/google-ads-scraper?fpr=youssef,other-lead-sources,3,83,5,1,"The most robust, domain-focused Google Ads Scraper on Apify. Extract active ads, creative details, and landing pages with built-in OCR and stealth technology. FREE FOR A LIMITED TIME"
Job Leads Scraper | LinkedIn & Indeed,Apivault Labs,https://apify.com/apivault_labs/apify-actor-job-leads?fpr=youssef,linkedin,3,82,,0,"Find public LinkedIn, Indeed and optional Glassdoor job postings for B2B research. Extract available salary, skills, seniority, work-mode and freshness fields; export JSON/CSV; and cap each run with maxResults. Heuristic lead signals included"
"Youtube Channel Scraper | Subs, Stats & Contact",Apizy,https://apify.com/apizy/youtube-channel-scraper?fpr=youssef,social-leads,3,81,5,6,"Scrape YouTube channel subscribers, views, engagement rate, email, and social links. Transparent pay-per-success pricing -, only when it succeeds. Never charged for failures. 100 channels = No subscriptions, no hidden fees"
BetaList Scraper,Michael G,https://apify.com/michael.g/betalist-scraper?fpr=youssef,directories,3,76,5,4,"Scrape data on BetaList startups and their makers from the BetaList topics directory. Export scraped data, schedule via API, and integrate with other tools or AI workflows"
"Healthgrades Scraper - Doctor NPI, Ratings & Contact Data",Jaybird Technologies,https://apify.com/jaybird/healthgrades-scraper?fpr=youssef,enrichment-verification,3,75,,0,"Scrape doctor profiles from Healthgrades.com: names, NPI numbers, specialties, star ratings, education, board certifications, and office locations with phone, fax & geo-coordinates, plus telehealth and new-patient flags. Ideal for healthcare lead generation and provider data enrichment"
SIRET Company Enricher,SilentFlow,https://apify.com/silentflow/siret-enricher-ppr?fpr=youssef,france-francophonie,3,74,,0,"Enrichissez vos leads B2B français - paiement au résultat ! SIRET, SIREN, nom ou domaine → dirigeant, chiffre d'affaires, résultat net. Sources INSEE/INPI officielles. Idéal prospection commerciale. Pas d'abonnement, payez uniquement vos résultats"
DesignRush Agency Scraper,Dionysus,https://apify.com/dionysus_way/designrush-agency-scraper?fpr=youssef,email-finders,3,73,,0,"Extract agencies' data from DesignRush.com marketplace. Get contact details, pricing, team size, ratings, reviews, services, social profiles, and portfolio info. Export to CSV/JSON. Perfect for lead generation and market research"
Telegram Channel Message Scraper,akula.marketing,https://apify.com/akula.marketing/Telegram-Get-Chat-Messages-Channel-Comments?fpr=youssef,social-leads,3,64,5,1,Scrape Telegram channel messages and group chat posts with author profiles. Delivers Excel export via webhook for lead gen and conversation analysis
Skool Group Scraper,Rush,https://apify.com/futurizerush/skool-group-scraper?fpr=youssef,other-lead-sources,3,64,5,1,"Scraped Skool group with details including names, descriptions, member counts, and pricing"
"Substack Scraper - Posts, Newsletters & Comments",LIAICHI MUSTAPHA,https://apify.com/scraper_guru/substack-scraper?fpr=youssef,other-lead-sources,3,62,2.6,2,"Substack scraper for posts, newsletters, authors, subscriber data, full public content, engagement, and nested comments. Search by keyword or scrape any publication"
LinkedIn Post Engagers Email Finder,Data Slayer,https://apify.com/data-slayer/linkedin-post-engagers-email-finder-no-cookies?fpr=youssef,email-finders,3,59,,0,"Extract people who engaged with a single LinkedIn post (commenters, reactors, and/or reposters - each optional). Full LinkedIn profiles are always enriched; optionally find and verify work emails"
Flippa Scraper | All-In-One,Fatih Tahta,https://apify.com/fatihtahta/flippa-search-scraper?fpr=youssef,other-lead-sources,3,49,5,1,"Get online business listings, app sales, and digital asset data from Flippa, the leading marketplace for buying and selling websites and SaaS products. Extract titles, prices, revenue, profit, monetization models, seller info. Ideal for market research, portfolio scouting, and acquisition analysis"
Malt Profiles Scraper by query,Shoya,https://apify.com/shoya/malt-profile-scraper?fpr=youssef,france-francophonie,3,49,1.3,3,"Extrayez les profils freelance de Malt.fr par mots-clés. Données: nom, TJM, note, avis, projets réalisés, compétences, position dans les résultats. Pagination jusqu'à 5 pages. Idéal pour l'analyse concurrentielle et le recrutement de freelances"
Dubai Real Estate Data Scraper,SIÁN OÜ,https://apify.com/sian.agency/bayut-property-scraper?fpr=youssef,other-lead-sources,3,48,5,3,"Bayut scraper and UAE property data API for Dubai and Abu Dhabi. Search for-sale and for-rent residential and commercial listings; return price, rent frequency, bedrooms, bathrooms, area in sqft, price per sqft, furnishing, completion status, permit number, photos and agency contacts"
BuildZoom Scraper,ParseBird,https://apify.com/parsebird/buildzoom-scraper?fpr=youssef,email-finders,3,39,,0,"Scrape contractor data from BuildZoom. Search by city and trade, filter by construction type and project value. Extract BZ scores, licenses, permits, reviews, insurance, and contact info for 4M+ US contractors"
LinkedIn Profile API,TrueFetch,https://apify.com/truefetch/linkedin-profile-api?fpr=youssef,linkedin,3,37,4.0,2,"LinkedIn profile scraper for one public member URL. Export a sparse 24-field person snapshot with identity, roles, experience, education, articles, activity, counts, and provenance"
Lamudi.ph Property Scraper,Shahid Irfan,https://apify.com/shahidirfan/lamudi-ph-property-scraper?fpr=youssef,other-lead-sources,3,37,5,4,"Extract real estate listings from Lamudi.ph instantly. Scrape property prices, locations, agent details & descriptions for the Philippine market analysis. Perfect for property investors, market researchers & lead generation. Automate your real estate data collection efficiently"
Leboncoin Real Estate Scraper - Phone Leads,mostafa ennadi,https://apify.com/mostafa-ennadi/leboncoin-immobilier-phone-leads-scraper?fpr=youssef,france-francophonie,3,36,5,3,"Scrape Leboncoin real estate listings for market research, pricing analysis, monitoring, seller discovery, agency prospecting, and phone leads"
Rbauction Scraper,Goldmine,https://apify.com/logical_scrapers/rbauction-auctions-scraper?fpr=youssef,other-lead-sources,3,33,5,1,Actionable RB Auction market intelligence for data-driven teams. Turn category pages and auction listings into structured insights you can trust
France Societe.com Company Scraper,getregdata,https://apify.com/regdata/societe-com-scraper?fpr=youssef,france-francophonie,3,27,,0,"Scrape French company data from Societe.com - the full director and officer mandate history with date ranges (current and former), plus SIREN/SIRET, legal form, NAF code, registered address and status. The deepest free French officer record, with no API. No proxy required"
Leboncoin Scraper - Scrape Listings & Prices,Logiover,https://apify.com/logiover/leboncoin-scraper?fpr=youssef,france-francophonie,3,27,,0,"Leboncoin scraper & unofficial API alternative: export annonces, prices, sellers and GPS to CSV/JSON without login. Bulk Leboncoin data export"
Facebook Marketplace Scraper - Prices & Contacts,Apivault Labs,https://apify.com/apivault_labs/facebook-marketplace-scraper?fpr=youssef,social-leads,3,26,,0,"Scrape Facebook Marketplace without login - title, price, location, photos, seller, condition, status, shipping & vehicle specs, plus the seller's email & phone for leads. Search by keyword, category or URL. Dedup, filters, real-time webhook"
"France Company KYC - SIREN, Officers & Financials",Vitalii Bondarev,https://apify.com/bovi/companies-france?fpr=youssef,france-francophonie,3,23,,0,"Verify French counterparties in one call: SIREN/SIRET identity, active status, officers (dirigeants), revenue & net income - straight from official SIRENE/RNE government data. KYC, compliance & B2B enrichment without a Pappers subscription. No API key, pay per result"
SimplyHired Jobs Scraper,Orgupdate,https://apify.com/orgupdate/SimplyHired?fpr=youssef,jobs-hiring-signals,3,21,,0,"The latest and most advanced SimplyHired Job Scraper. Our new SimplyHired Job Scraper extracts real-time job postings at scale from all over the world. A new research tool built for recruitment, insights and HR"
Doctolib Scraper - Pay per result Cheap,Storm_Scraper,https://apify.com/scrapestorm/doctolib-scraper---pay-per-result-cheap?fpr=youssef,france-francophonie,3,20,5,1,"Easily collect doctor profiles from Doctolib, one of Europe’s leading platforms for finding verified medical professionals No coding required Perfect for clinics, hospitals, healthcare platforms, recruiters, market research, appointment monitoring, and lead generation"
Reputação de Empresas por CNPJ - Reviews e Reclame Aqui - API,BrasilDados.org - API e Data as a Service,https://apify.com/brasildados/api-reputacao-empresas-cnpj?fpr=youssef,other-lead-sources,3,18,5,1,"API de reputação empresarial por CNPJ: notas, reclamações, marcas vinculadas, taxas de resposta e resolução. Um CNPJ por consulta, com resposta rápida e dados estruturados"
YellowPages Canada Business Scraper,Automation Lab,https://apify.com/automation-lab/yellowpages-canada-scraper?fpr=youssef,directories,3,16,,0,"Scrape YellowPages.ca business listings with contact details, ratings, and addresses for any Canadian city"
Immoweb.be Belgium Property Scraper,Haketa,https://apify.com/haketa/immoweb-scraper?fpr=youssef,france-francophonie,3,15,,0,"Immoweb scraper & API for Belgian real estate: search property for sale and rent and export address, price, bedrooms, area, EPC energy, property type, agent, photos and coordinates. Belgium property market data and real-estate lead generation - fast, no login"
SearchPeopleFree People Search Scraper,BowTiedRaccoon,https://apify.com/jungle_synthesizer/searchpeoplefree-people-search-scraper?fpr=youssef,enrichment-verification,3,14,,0,"Scrape SearchPeopleFree.com for US people data by name, phone, or address. Returns full name, age, current and past addresses, phone numbers, emails, and relatives. No login required - free public data. Powered by Bright Data Web Unlocker to bypass Cloudflare protection"
"DuProprio Scraper - FSBO Listings, Prices & Details | Quebec",Ocrad,https://apify.com/ocrad/duproprio-property-scraper?fpr=youssef,france-francophonie,3,14,,0,"Scrape DuProprio.com for-sale-by-owner listings: price, address, city, property type, availability, room dimensions and photos. Optional detail-page scraping and owner contact extraction. Export JSON/CSV/Excel"
"YouTube Video Scraper [FAST] | Views, Duration & Thumbnails",Apizy,https://apify.com/apizy/youtube-video-scraper?fpr=youssef,social-leads,3,13,5,5,"Turn any YouTube channel into a clean dataset. Pull titles, url, views, durations, thumbnails, and publish dates for up to 1,000 videos in one run, great for content research, competitor tracking. Most runs finish in under 10 seconds. Pay, only when it succeeds. Failures are free"
"PagesJaunes Scraper Email, SIRET, GPS - France Leads",Vitalii Bondarev,https://apify.com/bovi/pagesjaunes-directory?fpr=youssef,france-francophonie,3,13,,0,"Scrape PagesJaunes (French Yellow Pages) by city + category. Returns business name, phone, email (website-enriched), website, full address, GPS, SIRET/SIREN, rating, opening hours + a data-quality score. The richest French B2B lead dataset on the Store. Pay per result"
France Company Registry Scraper - SIREN B2B Leads,Logiover,https://apify.com/logiover/france-company-registry-scraper?fpr=youssef,france-francophonie,3,12,,0,"Scrape France's official company registry (Annuaire des Entreprises / SIREN). Get SIREN, company name, NAF/APE code, legal form, head-office address, employees, status & director leads. Filter by activity, postcode, department, region & more. No login, no API key"
LeBonCoin Car Scraper [] - Vehicle Listings,Black Falcon Data,https://apify.com/blackfalcondata/leboncoin-car-scraper?fpr=youssef,france-francophonie,3,10,,0,the cheapest LeBonCoin car scraper. Scrape make · model · year · mileage · fuel · gearbox · price & location filters; structured vehicle specs · seller details & listing URLs. Incremental tracking for market monitoring
Stepstone.be Belgium Scraper,Unfenced Group,https://apify.com/unfenced-group/stepstone-be-scraper?fpr=youssef,france-francophonie,3,10,,0,"Scrape Stepstone.be, Belgium's leading job board. Returns job titles, companies, locations, salary ranges, and full descriptions. Supports keyword/location search, fetchDetails, and start URLs. - the lowest price on Apify"
Leboncoin Scraper [] - France Classifieds Data,Black Falcon Data,https://apify.com/blackfalcondata/leboncoin-scraper?fpr=youssef,france-francophonie,3,9,5,1,the cheapest Leboncoin scraper. Scrape France's largest classifieds for real estate · vehicles & goods; prices · locations & seller contact details. Incremental change tracking picks up new ads across scheduled runs
"France Companies Search - SIRENE & RNE (free, keyless)",NexGenData,https://apify.com/nexgendata/france-pappers-companies?fpr=youssef,france-francophonie,3,8,,0,"Search French RCS / INSEE / SIRENE via Pappers API. SIREN, SIRET, NAF code, SARL/SAS/SA/EURL/SCI, incorporation date, capital EUR, registered office, directors. KYC, M&A, lead-gen - Infogreffe / Societe.com / BvD Orbis alt"
Competitor Job Board Scraper & Hiring Signal Monitor,Phantom Coder,https://apify.com/phantom_coder/hiring-signal-monitor?fpr=youssef,jobs-hiring-signals,3,7,5,3,"Monitor competitor job boards weekly to reverse-engineer their clients and hiring patterns. Track Google News daily for funding events and office expansions. Identify companies with hiring intent and expansion plans. Built for B2B sales teams, staffing agencies, and management consultancies"
Bien'ici Scraper - France Real Estate Data,Logiover,https://apify.com/logiover/bien-ici-fr-scraper-france-real-estate?fpr=youssef,france-francophonie,3,7,,0,"Scrape France real estate listings from Bien'ici (bienici.com) via its public JSON API - no browser. Filter by location, buy/rent, property type, price (€), area, rooms, bedrooms. Returns price, €/m², DPE energy class, GPS, city/district, agency and images per listing"
Malt Freelancers Scraper,Crawler Bros,https://apify.com/crawlerbros/malt-freelancers-scraper?fpr=youssef,france-francophonie,3,6,,0,"Scrape freelancer profiles from Malt, Europe's leading freelancer marketplace. Search by skill/keyword and location, or enrich specific profile URLs. Extracts name, headline, skills, daily rate, rating, experience, location, languages, and more across all Malt markets (FR, DE, ES, BE, NL, COM)"
SeLoger Scraper - France Property Data & Market KPIs,SIÁN OÜ,https://apify.com/sian.agency/seloger-property-scraper?fpr=youssef,france-francophonie,3,3,,0,"Scrape SeLoger into clean structured data. Extract French sale and rental property listings by location, postal code, place id, radius, or URL - with price, €/m², area, rooms, DPE energy class, geo, built-in market KPIs, and optional owner/agent contact enrichment"
Instagram Followers - No Cookies Required,DataFusionX,https://apify.com/devil_port369-owner/instagram-follower?fpr=youssef,social-leads,2,677,5.0,5,"The Instagram Followers Scraper extracts follower data from public Instagram account. Ideal for influencer marketing, audience analysis, and business intelligence. Safe API rates ensure account protection while providing valuable insights"
Instagram Complete Profile Scraper,DataFusionX,https://apify.com/devil_port369-owner/instagram-complete-profile-scraper-ppr?fpr=youssef,social-leads,2,641,5.0,7,Scrape Instagram profile details. Email and Phone also available if mentioned in bio profile and post caption or if it is a public account. Instagram scraper no cookies cheapest version available in the market
Google Maps Business Lead and Business Website Scraper,LeadGen Labs,https://apify.com/lead.gen.labs/google-maps-business-lead-and-business-website-scraper?fpr=youssef,google-maps,2,575,1.1,6,"Unlock valuable business leads by effortlessly scraping contact details - name, address, phone, website, and reviews - from Google Maps. Perfect for boosting your marketing outreach and sales pipeline"
Reddit Scraper Lite,Caleb David,https://apify.com/microworlds/reddit-scraper-lite?fpr=youssef,social-leads,2,509,4.9,10,"Pay Per Result, unlimited Reddit web scraper to crawl posts, comments, communities, subreddits, and users without login. Limit web scraping by number of posts or items and extract all data in a dataset in multiple formats"
Instagram Like & Comments Scraper,SASWAVE,https://apify.com/saswave/instagram-like-comments-scraper?fpr=youssef,social-leads,2,480,5,2,"List all your followers likes and comments on your posts for data analysis. You can also list likes from a posts you are not the owner, instagram limit of 100 likers per post You can narrow down, who is engaging and who might be a bot, dragging down your reach/engagement. Boost your instagram posts"
Facebook Group Member Scraper & Extractor,bhansalisoft,https://apify.com/bhansalisoft/facebook-group-member-scraper?fpr=youssef,social-leads,2,386,1,2,"Facebook Group Member Scraper & Extractor for extracting available Facebook group member data, profile URLs, member IDs, and group information. Export results to CSV and Excel"
Google Ads & Insight Scraper,SASWAVE,https://apify.com/saswave/google-ads-insight-scraper?fpr=youssef,other-lead-sources,2,338,5.0,4,"Extract ADS or INSIGHTS from a search url on google ads transparency website. From adstransparency.google.com get data about advertisers, regions, ADS, spend per advertisers / regions and more. Details on information page. Extract and analyze data from Google's Ads Transparency Center"
Reddit Comments Scraper,EasyApi,https://apify.com/easyapi/reddit-comments-scraper?fpr=youssef,social-leads,2,286,5,1,"Extract Reddit comments with their complete thread structure, including nested replies, user information, and engagement metrics. Perfect for analyzing discussions, sentiment analysis, and tracking community engagement on Reddit posts"
Google Maps Business Listing,TrueFetch,https://apify.com/truefetch/google-maps-business-listing?fpr=youssef,google-maps,2,282,5,2,"Google Maps business listings API: send a keyword and location to get 43-field records with IDs, categories, addresses, coordinates, review and photo counts, contacts, hours, hotel details, and attributes - no API key or daily quota"
Shopify App Store Scraper,BowTiedRaccoon,https://apify.com/jungle_synthesizer/shopify-app-store-scraper-2?fpr=youssef,other-lead-sources,2,272,1,1,"Scrape apps from the Shopify App Store with pricing, ratings, developer info, and user reviews. Also scrapes the Shopify Theme Store - theme name, designer, price, features, presets, version and reviews"
Realtor.com Agent Scraper,EasyApi,https://apify.com/easyapi/realtor-com-agent-scraper?fpr=youssef,email-finders,2,260,1,1,"Scrape real estate agent profiles from Realtor.com, including their contact details, service areas, experience, listings, and performance metrics. Perfect for lead generation and market research"
Github Profile Scraper,SASWAVE,https://apify.com/saswave/github-profile-scraper?fpr=youssef,linkedin,2,251,5,2,"GitHub User Profile Scraper. Extracts data from GitHub profiles, including followers, following, LinkedIn, Twitter, achievements and much more. Ideal for developers, researchers, and marketers. From a list of Github profile or a repository stargazers link"
Free Google Maps Scraper - Low-cost & Extensive,Blue Orion,https://apify.com/blueorion/free-google-maps-scraper-extensive?fpr=youssef,google-maps,2,211,4.9,5,"Reliable Actor to Extract Google Maps data using Free Credit or. Extensive Data Outputs include `addresses`, `coordinates`, `reviews`, `menus`, `opening hours`, `gas station info`, `EV charging station info`, `tours and activities`, `admission and tickets`, and `hotel deals`"
Skool Members Scraper,Muhamed Didovic,https://apify.com/memo23/skool-members-scraper-rent?fpr=youssef,email-finders,2,193,2.9,2,"Boost your business leads with our Skool.com Groups' Members/Users Scraper. Gather user details like names, emails, and social media links (Facebook, Instagram, LinkedIn, Twitter, etc.). It is ideal for market research, competitor analysis, and lead generation. Save time with our advanced scraper"
LinkedIn Job Search Scraper,PowerAI,https://apify.com/powerai/linkedin-job-search-scraper?fpr=youssef,linkedin,2,193,1,1,"Extract job listings from LinkedIn with detailed metadata including job titles, company information, requirements, and direct URLs. Perfect for job market research, competitor analysis, and talent acquisition"
Upwork Jobs,datawizards,https://apify.com/hello.datawizards/upwork-jobs?fpr=youssef,jobs-hiring-signals,2,189,1,1,"Upwork-Jobs-Bulk-Scraper: Scrape Upwork job listings by keywords for structured data on titles, rates, and skills. Ideal for job market analysis and tracking freelance gigs. Use Apify Proxy to avoid blocks. Gain insights into freelance trends and rates"
Etsy Listings Scraper,FalconScrape,https://apify.com/piotrv1001/etsy-listings-scraper?fpr=youssef,other-lead-sources,2,173,1,3,"The Etsy Listings Scraper efficiently extracts product data from Etsy pages, capturing titles, images, brands, prices, and product URLs. Ideal for market analysis, competitor tracking, and e-commerce research"
Scrape business emails from Google Maps,EasyApi,https://apify.com/easyapi/scrape-business-emails-from-google-maps?fpr=youssef,google-maps,2,171,1,1,"Extract business email addresses from Google Maps search results without using any third-party APIs. Perfect for lead generation, sales outreach, and market research. Supports multiple search queries and delivers clean, structured data. Built with advanced scraping technology"
Glassdoor Jobs Scraper & API - Salary Data,Newbs,https://apify.com/newbs/Glassdoor-Job-Scraper?fpr=youssef,jobs-hiring-signals,2,150,,0,"Scrape Glassdoor jobs by keyword, free-text location, company page, or bulk URLs. Export salaries, ratings, posting age, Easy Apply, descriptions, and new-job monitoring data"
Website DNS Scraper - Mail provider / Tech stack,SASWAVE,https://apify.com/saswave/website-dns-scraper?fpr=youssef,enrichment-verification,2,132,4.9,3,"From a list of domain names, get infos about tech stack (hubspot, webflow, klaviyo...) used and mail provider (google, outlook...) + All the dns records (TXT, A, SOA..) DNS based"
Business Contact Extractor,Sue,https://apify.com/washed_fun/business-contact-extractor?fpr=youssef,email-finders,2,125,,0,"Extract business emails and phone numbers from company websites. High-accuracy AI-enabled business contact extractor using smart crawling, LLM and AI extraction, heuristics, and PDF extraction. Finds emails/phones even on complex sites. Supports CSV bulk input and outputs clean, CRM-ready data"
Myntra Reviews Scraper,EasyApi,https://apify.com/easyapi/myntra-reviews-scraper?fpr=youssef,other-lead-sources,2,96,,0,"Scrape product reviews from Myntra.com - Extract detailed review data including ratings, comments, user info, and style attributes. Perfect for market research and customer sentiment analysis"
Realtor.ca Agents Scraper | Canada,ScrapeMind,https://apify.com/scrapemind/realtor-canada-agents?fpr=youssef,other-lead-sources,2,90,5,1,"Extract realtor.ca Agents data | Canada for any city or search. Download data as JSON, CSV, or Excel for research, lead generation, or analysis"
Idealista Scraper,SilentFlow,https://apify.com/silentflow/idealista-scraper-ppr?fpr=youssef,other-lead-sources,2,80,,0,"Scrape Idealista listings across Spain, Portugal and Italy. Get 75 fields per property: asking price, size, rooms, GPS coordinates, energy rating, neighborhood, agency name and phone, floor plans and virtual tours. Go past the 1,800 result search cap. Export straight to CSV, JSON or Excel"
Facebook Auto Message Sender,clothe fobia,https://apify.com/clothefobia/facebook-auto-message-sender?fpr=youssef,social-leads,2,71,,0,Facebook Auto Message Sender- Send Message to all facebook profiles using facebook cookie method
WebMD Doctor Scraper,EasyApi,https://apify.com/easyapi/webmd-doctor-scraper?fpr=youssef,email-finders,2,70,,0,"Scrape detailed doctor profiles from WebMD search results, including doctor information, specialties, ratings, reviews, locations and contact details. Perfect for healthcare provider research and analysis"
PagesJaunes Scraper | Fast & Reliable,Fatih Tahta,https://apify.com/fatihtahta/pagesjaunes-france-scraper?fpr=youssef,france-francophonie,2,70,,0,"Extract clean, structured France business data right from PagesJaunes.fr. It grabs every visible listing to deliver names, phone numbers, websites, ratings, addresses, hours and more. Ideal for sales, market mapping or local competitor research"
LinkedIn Ads Scraper,Gen First,https://apify.com/ivanvs/linkedin-ads-scraper?fpr=youssef,linkedin,2,63,2.0,2,"Extract details about ads from Linkedin Ad Library. Scrape ad details like when it was run, ad targeting, advertiser and content of ad. Download ad data in JSON, XML, Excel format"
Google Maps Scraper,No-Code Venture,https://apify.com/nocodeventure/Google-Maps-Scraper?fpr=youssef,google-maps,2,57,,0,"Powerful Apify Actor that extracts business information from Google Maps. Get names, ratings, reviews, contact details, websites, and addresses for any business type in any location worldwide"
Exa.ai People Search,Fantastic.jobs,https://apify.com/fantastic-jobs/exa-ai-people-search?fpr=youssef,enrichment-verification,2,56,,0,"Unofficial Apify wrapper for Exa.ai's People search. 1 Billion+ Profiles! Advanced people search for sales, recruiting, and market research. Find professionals by role, location, skills, and more across LinkedIn and other professional networks"
Builtwith Domain Scraper,Gordian,https://apify.com/gordian/builtwith-domain-scraper?fpr=youssef,enrichment-verification,2,54,,0,"Instantly reveal the technology stack, company details, and historical data behind any website. Ideal for competitive analysis, market research, and sales intelligence"
Leboncoin Classifieds Scraper,Crawler Bros,https://apify.com/crawlerbros/leboncoin-scraper?fpr=youssef,france-francophonie,2,54,,0,"Extract classified ads from leboncoin.fr with title, price, location, images, attributes, owner type. Supports all categories (real estate, vehicles, jobs, services, etc.) with filter URL pass-through"
Zillow Agents Search Scraper,PowerAI,https://apify.com/powerai/zillow-agents-search-scraper?fpr=youssef,email-finders,2,52,,0,"Extract comprehensive real estate agent data from Zillow. Search agents by name, or keyword to gather detailed information including contact details, ratings, reviews, business information, and more"
Uber Eats Store Search Scraper,EasyApi,https://apify.com/easyapi/uber-eats-store-search-scraper?fpr=youssef,other-lead-sources,2,51,,0,"Extract detailed restaurant data from Uber Eats search results. Get comprehensive information about stores including ratings, status, location, and images. Perfect for market research, competitor analysis, and food delivery insights"
Propwire Advanced Property & Owner Data Scraper,abdelhafid hasnaoui,https://apify.com/adventurous_nut/propwire-advanced-property-owner-data-scraper?fpr=youssef,other-lead-sources,2,48,3.0,4,"Propwire Property Data Extractor delivers complete, structured real estate intelligence from Propwire pages. It captures property details, valuation, equity, ownership, tax data, and investment indicators in clean JSON format"
500 Global Scraper,Michael G,https://apify.com/michael.g/500-global-scraper?fpr=youssef,other-lead-sources,2,45,5.0,3,"Scrape data on 500 Global companies from the 500 Global portfolio. Export scraped data, schedule via API, and integrate with other tools or AI workflows"
Extraire n° Siren de sites web ou noms de domaine,Sambzh,https://apify.com/sbzh/extract-siren?fpr=youssef,france-francophonie,2,41,,0,"Obtenez le numéro de Siren, le numéro de Siret ou la TVA intracommunautaire attribués aux entreprises françaises par Infogreffe et l'Insee. Entrez une liste de sites web ou noms de domaine et récupérer les informations légales relatives à l'entreprise"
Jobup Scraper,Lexis Solutions,https://apify.com/lexis-solutions/jobup-scraper?fpr=youssef,jobs-hiring-signals,2,40,5.0,4,"Extract job listings from Jobup.ch, Switzerland's leading job board. Search by keywords and location, or scrape specific job URLs. Perfect for job market analysis"
Y Combinator Scraper,Shahid Irfan,https://apify.com/shahidirfan/Y-Combinator-Scraper?fpr=youssef,directories,2,39,4.8,6,"Discover the Y Combinator Scraper, an efficient actor for scraping the YC companies directory. Easily extract detailed profiles, founder info, and batch data. Ideal for market research, lead generation, or investment analysis. For best results and to avoid blocks, residential proxies are best"
Google All-in-One Scraper,EasyApi,https://apify.com/easyapi/google-all-in-one-scraper?fpr=youssef,other-lead-sources,2,38,,0,"Comprehensive Google Scraper: Extract data from web, news, images, videos, scholar, autocomplete, and places searches. Efficient customizable parameters, and automatic pagination. Your one-stop solution for Google search data!"
"Immoweb Scraper - Belgium Property, Prices & Agencies",Logiover,https://apify.com/logiover/immoweb-scraper?fpr=youssef,france-francophonie,2,36,,0,"Scrape Immoweb, Belgium's largest property portal: sale price or monthly rent with charges, bedrooms, habitable and land surface, EPC rating, full address with coordinates and the listing agency. Sale and rental. Keyless. JSON, CSV or Excel"
ORIAS · French Insurance Intermediaries,Corentin Robert,https://apify.com/corent1robert/orias-scraper?fpr=youssef,france-francophonie,2,32,,0,"Get business emails, phones and ORIAS numbers from French insurance and finance intermediaries. Paste SIRENs or export full COA/CIF categories - CRM-ready rows, compliance checks included. Public ORIAS register. No API key or login"
Seloger.com Scraper,Shahid Irfan,https://apify.com/shahidirfan/seloger-com-scraper?fpr=youssef,france-francophonie,2,30,5.0,3,"Extract French real estate listings from Seloger with property details, prices & contact info. Perfect for market analysis, pricing strategies & lead generation. Supports residential proxies for reliable scraping. Ideal for real estate professionals & data analysts"
Mobile.de Reviews Scraper,Lexis Solutions,https://apify.com/lexis-solutions/mobile-de-reviews-scraper?fpr=youssef,other-lead-sources,2,29,5,5,Collect comprehensive reviews of auto sellers from Mobile.de for in-depth market analysis and competitor insights. | Sammeln Sie umfassende Bewertungen von Autoverkäufern auf Mobile.de für eine gründliche Marktanalyse und Wettbewerbsinformationen
"HelloWork Scraper - Jobs, Salary & Company Data",Muhamed Didovic,https://apify.com/memo23/hellowork-scraper?fpr=youssef,france-francophonie,2,24,,0,"Scrape hellowork.com in three modes: job listings, salary benchmarks by profession (median, junior to senior, by region & city), and company profiles (sector, open-job count, reviews). Search by keyword, location, contract or paste any URL. No proxy needed. JSON, CSV, Excel"
Subreddit Posts Scraper,AgentX,https://apify.com/agentx/subreddit-posts-scraper?fpr=youssef,other-lead-sources,2,22,5.0,2,"Subreddit posts scraper for one community with new, top, hot, rising, or controversial sorting: 43 top-level fields per post covering engagement signals, flags, media, duplicate links, and optional nested comments. Inputs accept 1-1,000 posts and 0-2,000 comments per post"
France Travail Scraper - 961k+ Jobs with GPS Radius,Unfenced Group,https://apify.com/unfenced-group/france-travail-scraper?fpr=youssef,france-francophonie,2,21,,0,"Scrape francetravail.fr - 961,000+ active listings. ROME code filter, city + GPS radius, incremental change-detection mode, server-side recency filter. Structured salary, ROME codes, skills & full descriptions. No API key required"
French Company Enricher - SIREN to Full Legal Dossier,Adrien,https://apify.com/dr1ms/french-company-enricher?fpr=youssef,france-francophonie,2,19,,0,"Enrichit un SIREN, SIRET, nom ou URL en dossier complet par entreprise française: identité, dirigeants à jour, bilans, actes INPI, annonces BODACC, labels RSE, TVA UE. Agrège DINUM, BODACC, INPI RNE et VIES. Alternative open-data à Pappers/Societe.com, avec mode monitoring"
Company Tech Stack Detection: BuiltWith Alternative,Mamba Labs,https://apify.com/mambalabs/gtm-tech-stack-signal-scraper?fpr=youssef,enrichment-verification,2,17,,0,"Detects which GTM tools a company uses on their website. Returns CRM, sequencer, and marketing automation flags as a flat Clay-ready row. Covers HubSpot, Salesforce, Marketo, Apollo, Outreach, and more. No JSON parsing required. MCP-ready for Claude Desktop, Cursor, and AI agent workflows"
France Travail Job Scraper - French Jobs,NanoScrape,https://apify.com/santamaria-automations/france-travail-scraper?fpr=youssef,france-francophonie,2,17,,0,"Scrapes job listings from France Travail (formerly Pole Emploi), France's public employment service with 500,000+ active listings. Extract title, company, location, contract type, salary, and full description. Supports multi-query search with deduplication. HTTP-only, 128MB"
Wellfound Jobs Scraper for Startup Hiring Data,Skootle,https://apify.com/skootle/wellfound-jobs-scraper?fpr=youssef,jobs-hiring-signals,2,15,,0,"Scrape Wellfound (formerly AngelList Talent) startup jobs by role, keyword, location, and remote status. Export company, title, salary, equity, URLs, and structured job records for recruiters, sourcing tools, labor-market research, and AI agents"
France Pappers + BODACC + INPI Scraper,BowTiedRaccoon,https://apify.com/jungle_synthesizer/france-pappers-bodacc-inpi-scraper?fpr=youssef,france-francophonie,2,14,,0,Unified French company data: SIREN/SIRET + BODACC announcements + INPI beneficial owners + actes + financials. Replaces Société.com Pro and 5 fragmented actors. KYC/KYB and B2B leads
Leboncoin Scraper - France Classifieds Listings,Vitalii Bondarev,https://apify.com/bovi/leboncoin-listings?fpr=youssef,france-francophonie,2,14,,0,"Scrape Leboncoin (France #1 classifieds): title, price, category, location, published date, images, and attributes. Uses the Next.js data route + Apify residential proxy (FR) to clear DataDome - no external key or setup needed. Pay per result"
Welcome to the Jungle Scraper - Modern European Jobs,NanoScrape,https://apify.com/santamaria-automations/welcome-to-the-jungle-scraper?fpr=youssef,france-francophonie,2,14,,0,"Extract job listings from welcometothejungle.com including job title, company, location, salary, contract type, tech stack, and full descriptions. Covers France, UK, Germany, Spain, and Czech Republic. Export data, run via API, schedule and monitor runs, or integrate with other tools"
crdc.be Belgium Number Provider Lookup,mostafa ennadi,https://apify.com/mostafa-ennadi/crdc-be-belgium-number-provider-lookup?fpr=youssef,france-francophonie,2,12,,0,"Fast Belgian mobile operator lookup powered by crdc.be. Verify Belgian phone numbers, normalize formats, and detect operators such as Proximus, Orange, Base, Telenet, VOO, and more. Clean JSON output and ready for bulk checks"
Twitter / X Profile & Followers Scraper,Yuliia Kulakova,https://apify.com/brilliant_gum/twitter-followers-scraper?fpr=youssef,social-leads,2,11,,0,"Scrape rich profile data for any Twitter/X account - no login needed. Get followers and following lists with your own cookies. 30+ fields per profile including bio, emails, follower counts, verification status, and more"
Jobat.be Scraper Belgium,Unfenced Group,https://apify.com/unfenced-group/jobat-be-scraper-belgium?fpr=youssef,france-francophonie,2,11,,0,"Scrape jobat.be for structured Belgian job data: titles, companies, salaries, benefits & full descriptions (HTML, plain text, Markdown). 100k+ listings across Flanders, Brussels & Wallonia. Deduplication, repost detection & daysOld filtering included"
"Leboncoin Scraper - Listings, Ad Details, Sellers",Sourabh Kumar,https://apify.com/sourabhbgp/leboncoin-scraper?fpr=youssef,france-francophonie,2,9,,0,"Scrape Leboncoin.fr, France's largest classifieds marketplace: search listings, full ad details with descriptions, and seller profiles with reviews. Covers every category including cars, real estate, and jobs. Export to JSON, CSV, or Excel"
PAP.fr Scraper Téléphone Propriétaire · Particulier FSBO,Tagada Data,https://apify.com/tagadanar/french-real-estate-pap?fpr=youssef,france-francophonie,2,9,,0,"Annonces PAP.fr de particulier à particulier, sans agence: téléphone du propriétaire et adresse en option. Prix, surface, €/m², photos. Pige immo, prospection, agents IA (API + MCP). Scrape owner-direct FSBO listings from PAP.fr: private-seller phone, address, price, surface. No agencies, no fees"
Centris.ca Scraper: Quebec Real Estate Listings & Photos,youssef farhan,https://apify.com/fayoussef/centris-property-scraper?fpr=youssef,france-francophonie,2,9,,0,"Scrape Centris.ca real estate listings into clean structured data: MLS number, price, full address, rooms, bedrooms, bathrooms, the full description and characteristics table, and every gallery image. Paste any Centris search URL, for sale or for rent, anywhere in Quebec. Fast and resumable"
OMR Reviews Scraper,EasyApi,https://apify.com/easyapi/omr-reviews-scraper?fpr=youssef,other-lead-sources,2,8,,0,"Scrape detailed reviews from OMR Reviews platform. Extract comprehensive review data including reviewer information, company details, ratings, and video content for products and services"
MCP Server: French Companies (Pappers + Sirene),Walid,https://apify.com/dltik/mcp-server-pappers?fpr=youssef,france-francophonie,2,8,,0,"Apify-hosted MCP server exposing 5 tools for AI agents: search/get/dirigeants/by-NAF/by-city across 26M+ French companies. Backed by official gov API, no key required"
SeLoger Scraper,VIPIT,https://apify.com/consummate_joy/seloger-scraper?fpr=youssef,france-francophonie,2,8,,0,"Extrayez les annonces immobilières SeLoger (achat, location, neuf) depuis n'importe quelle URL de recherche. Récupère titre, prix, surface, pièces, photos HD, description complète et numéro de téléphone du vendeur. Filtre optionnel ""annonces du jour"" pour la veille temps réel"
Leforem Scraper [] - Wallonia Belgium Jobs,Black Falcon Data,https://apify.com/blackfalcondata/leforem-scraper?fpr=youssef,france-francophonie,2,8,,0,Scrape leforem.be - Wallonia's public employment service - job listings with contact details · salary text · contract type · work regime · location & language needs. Incremental mode tracks new and changed jobs across scheduled runs
Leboncoin Universal Scraper - Real Estate,Scrapifier,https://apify.com/scrapifier/leboncoin-universal-scraper-real-estate?fpr=youssef,france-francophonie,2,5,5.0,2,"Scrape unlimited Leboncoin real-estate listings - no URL needed! Pick rent, sale or flatshare, add your filters (price, surface, rooms, DPE…) and instantly get rich, structured data for market analysis, deal sourcing, price monitoring or lead generation"
Kompass Scraper | B2B Companies & Products Directory,kane liu,https://apify.com/lentic_clockss/kompass-scraper?fpr=youssef,france-francophonie,2,5,,0,"Scrape Kompass B2B companies & products across ~70 country sites. Company/product search, details, region & sector browse. Export Excel/CSV/JSON. Unofficial - not affiliated with Kompass"
Facebook People Search Scraper,Automation Lab,https://apify.com/automation-lab/facebook-people-search-scraper?fpr=youssef,social-leads,2,4,,0,"Search Facebook by keyword and export public people result cards with profile IDs, names, URLs, verification signals, profile-picture metadata, ranks, and query provenance. No Facebook account or cookies required"
Email Verifier & Validator,One Scales,https://apify.com/onescales/email-verifier-validator?fpr=youssef,email-finders,2,4,5,2,"Bulk email verification made simple. Detect invalid, risky, and disposable-style addresses before you send. Try free, scale up to 50,000 emails per run"
Pagesjaunes Reviews Scraper,Reviewly,https://apify.com/reviewly/pagesjaunes-reviews-scraper?fpr=youssef,france-francophonie,2,4,,0,"Scrapes reviews from pagesjaunes.fr with full pagination, date filtering, review cap, and residential proxy support"
BOAMP Scraper: French Public Tenders & Marches Publics,Walid,https://apify.com/dltik/boamp-fr-scraper?fpr=youssef,france-francophonie,2,4,,0,"Scrape French national public procurement tenders from BOAMP (Bulletin Officiel des Annonces de Marches Publics), the official DILA open-data feed. Filter by keyword, CPV, department, region, buyer, date. Get buyer, deadline, estimated value, procedure and source URL"
ParuVendu Scraper Immobilier Particulier + Agence,Tagada Data,https://apify.com/tagadanar/french-real-estate-paruvendu?fpr=youssef,france-francophonie,2,4,,0,"Toutes les annonces ParuVendu.fr, particuliers et agences, vente et location: prix, €/m², surface, pièces, ville, photos et DPE. Collez une URL de recherche, l'actor suit toutes les pages; un filtre isole les particuliers pour la pige immobilière (API et MCP). Usage plateforme inclus"
REWE Scraper [] - German Grocery Prices,Black Falcon Data,https://apify.com/blackfalcondata/rewe-scraper?fpr=youssef,other-lead-sources,2,3,,0,Scrape shop.rewe.de for real prices from your local REWE store - a postal code in and priced products out · unit price per kg and litre · ingredients and nutrition · GTIN and Pfand · Bio and category filters
"Indeed Company API | Ratings, Reviews, Salaries Data",John,https://apify.com/johnvc/indeed-company-api?fpr=youssef,jobs-hiring-signals,2,3,,0,"Indeed company profiles as clean, structured JSON. Look up employers by name, browse by industry and state, crawl a company directory, or fetch exact company URLs. Get overall rating, review and salary counts, work happiness, size, revenue, headquarters, benefits, and open-job counts. MCP-ready"
"isolved Jobs API | Live Postings, Tenants & New Jobs",John,https://apify.com/johnvc/isolved-jobs-api?fpr=youssef,jobs-hiring-signals,2,3,,0,"isolved and ApplicantPro job data without keys: live postings from any isolvedhire.com career site, tenant discovery across every hiring employer, and new-or-changed-posting detection. Titles, locations, employment type, timestamps, and Markdown/HTML/text descriptions. Pay per delivered row"
Instagram Hashtag Research & Generator - Reach & Engagement,DataFusionX,https://apify.com/devil_port369-owner/instagram-hashtag-research-scraper?fpr=youssef,social-leads,2,3,,0,"Generate high-performing, trending Instagram hashtags from keywords, post URLs, or images. Get real-time popularity tiers, media counts, and direct Instagram Explore links to maximize post reach"
PagesJaunes · Email & Website Scraper from URL,Corentin Robert,https://apify.com/corent1robert/pagesjaunes-local-leads?fpr=youssef,france-francophonie,2,3,,0,"Paste a PagesJaunes search or /pros/ URL. Get emails when published, websites, phones and SIRET - one row per business, ready for CRM. No login"
Canada411 Scraper,Muhamed Didovic,https://apify.com/memo23/canada411-scraper?fpr=youssef,france-francophonie,2,3,,0,"Scrape Canada411.ca listings: name, phone, street, city, province, postal code, and map coordinates. Name + city, reverse phone, street address, postal code, or canada411.ca URLs in. 100 rows per request, pure HTTP, no browser. JSON or CSV out"
Societe.com France Company Financials Scraper,BowTiedRaccoon,https://apify.com/jungle_synthesizer/societe-com-france-company-financials-scraper?fpr=youssef,france-francophonie,2,3,,0,"Enrich French companies by SIREN with société.com's filed financial history: multi-year revenue, net income and EBITDA, officers, RCS registration detail and legal-filing history - the depth beyond the free SIRENE identity record"
Infogreffe Bilans Scraper: 3-Year Financial Statements FR,Walid,https://apify.com/dltik/infogreffe-bilans-fr-scraper?fpr=youssef,france-francophonie,2,3,,0,"Scrape 3 years of bilans (CA, resultat net, effectifs, total bilan) for French companies via INPI RNE. Dirigeants, capital, NAF, siege, immatriculation. Premium B2B for M&A due diligence, credit scoring, salary benchmarks"
DECP Scraper: French Public Contracts Awarded (Marches Publics),Walid,https://apify.com/dltik/decp-fr-scraper?fpr=youssef,france-francophonie,2,3,,0,"Scrape 650K+ awarded French public contracts (DECP) - buyer SIRET, winner SIRET, amount, CPV, procedure. Filter by date, CPV, montant, departement. For B2G prospection, market intel, lead gen"
Switzerland Company Registry Scraper - Zefix,Walid,https://apify.com/dltik/switzerland-zefix-company-scraper?fpr=youssef,france-francophonie,2,3,,0,"Search Switzerland companies by name and get identity + legal status (active, liquidation, insolvency, struck off) from the official Zefix (Central Business Register). Rich JSON: legal form, registered address, incorporation date, activity, VAT. Lookup by UID (CHE-…), batch mode. No API key"
"France BODACC Scraper: SIREN, Insolvency & Legal Announcements",Scrapers Lat,https://apify.com/scrapers_lat/france-bodacc-scraper?fpr=youssef,france-francophonie,2,3,5,1,"Scrape BODACC, France's official company legal-announcements gazette. Look up firms by SIREN, name or keyword: insolvency (procedures collectives), business sales (cessions de fonds de commerce), registrations, deregistrations and account filings. JSON, CSV, Excel"
French DPE F/G · Property Owner SIRENs,Corentin Robert,https://apify.com/corent1robert/dpe-fg-proprietaires-siren?fpr=youssef,france-francophonie,2,3,,0,"Export SCI / property companies sitting on ADEME DPE class F or G dwellings (passoires). Unique SIREN, directors, DPE stats. Open data, no login, no invented emails"
"France INPI Company Scraper - Identity, Management & SIRET",NeuralVerge,https://apify.com/neuralverge/neuralverge-inpi-company?fpr=youssef,france-francophonie,2,3,,0,"Scrape any company in France from the French INPI / RNE register by SIREN - legal name, SIREN, legal form, registration date, head-office address, share capital, APE code, management and directors, and establishments with SIRET. Structured JSON, no API key. Pay per completed lookup, matched or not"
Leboncoin Auto Moto Scraper Pro,Alexandre Manguis,https://apify.com/leadsbrary/leboncoin-auto-moto-scraper-pro?fpr=youssef,france-francophonie,2,3,,0,"Cheapest 1$/1000 results. Scrape every car and motorcycle listing from Leboncoin.fr - fully filtered, zero config, proxy-ready"
Leboncoin Listing Scraper,Rigel Bytes,https://apify.com/rigelbytes/leboncoin-listing-scraper?fpr=youssef,france-francophonie,2,3,,0,"Scrape Leboncoin listings from a search URL or filters. Extracts title, price, location, seller, images, attributes, and phone availability"
Welcome to the Jungle Scraper - EU Jobs & Salaries,Scrape Sage,https://apify.com/scrapesage/welcome-to-the-jungle-scraper?fpr=youssef,france-francophonie,2,3,,0,"Scrape Welcome to the Jungle jobs across Europe with salary range, contract type, remote policy, experience level, office location, sectors and full company details. Independent tool, not affiliated with Welcome to the Jungle"
Master of Malt Scraper,Crawler Bros,https://apify.com/crawlerbros/master-of-malt-scraper?fpr=youssef,france-francophonie,2,3,,0,"Scrape Master of Malt's drinks marketplace - search whisky, gin, rum, vodka, beer, wine, liqueurs, brandy, champagne and sake by name, browse by category, find top-rated products, and pull full product detail with customer reviews and ratings"
JobHound Malta Scraper - Job Listings API,Unfenced Group,https://apify.com/unfenced-group/jobhound-mt-scraper?fpr=youssef,france-francophonie,2,3,,0,"Scrape 700+ Malta job listings from JobHound.mt. Open API, zero proxy cost. Filter by keyword, work mode, contract type. Repost detection included"
"France Travail Jobs Scraper - Titles, Salaries & Contracts",hiper soft,https://apify.com/hipersoft/francetravail-scraper?fpr=youssef,france-francophonie,2,3,,0,"Scrape public job listings from France Travail (ex-Pôle emploi). Search by keyword, location and contract type and export one clean row per job: title, company, location, contract, salary, description, posting date and offer URL - as JSON, CSV or Excel"
HelloWork Jobs Scraper - Salaries & Company Data,Haketa,https://apify.com/haketa/hellowork-jobs-scraper?fpr=youssef,france-francophonie,2,3,,0,"Scrape current HelloWork jobs across France with salaries, contracts, remote status, locations, skills, full descriptions, requirements, company profiles and job URLs. Search multiple keywords and cities, apply flexible filters, and export clean French recruitment data to JSON, CSV or Excel"
Seloger Scraper - France Real Estate & Agency Leads,Scrape Sage,https://apify.com/scrapesage/seloger-scraper?fpr=youssef,france-francophonie,2,3,,0,"Scrape SeLoger.com property listings: sale and rental price, price per m2, rooms, living space, energy class, address and photos, plus each listing agency with its phone, address, SIRET and RCS. Independent tool, not affiliated with SeLoger"
SeLoger Scraper - France Real Estate Listings,Iñigo Garcia Olaizola,https://apify.com/igolaizola/seloger-scraper?fpr=youssef,france-francophonie,2,3,,0,"Find French listings on seloger.com for sale and rent. Search by city, postcode, or neighborhood; filter by property type, price, size, rooms, amenities, energy, furnishing, and availability, then export JSON, CSV, or Excel-ready data with images, links, locations, pricing, and contact details"
Kompass B2B Company Scraper - Archived Global Directory,Scrapers Delight,https://apify.com/scrapersdelight/kompass-b2b-scraper?fpr=youssef,france-francophonie,2,3,,0,"Kompass company records rebuilt from PUBLIC WEB ARCHIVES, not a live pull - the live site is behind an anti-bot wall. 828,183 archived company pages measured, 62 countries. Name, address, phone, website, employee band, coordinates, and every row's capture date. Most captures are 2014-2018"
Kompass Company Scraper,Jamshaid Arif,https://apify.com/moving_beacon-owner1/kompass-company-scraper?fpr=youssef,france-francophonie,2,3,,0,"Scrapes company records from the Kompass B2B directory via B2BStars by keyword, country, or company name, capturing names, locations, industries, employee ranges, websites, NACE classifications, and optional profile details such as addresses, VAT numbers, and social links"
"LinkedIn Job Scraper | Job Search API, Counts & Autocomplete",John,https://apify.com/johnvc/linkedin-job-search-scraper?fpr=youssef,linkedin,2,2,,0,"Search LinkedIn jobs with no login and no cookies. Get listings with the total results count, full job details with salary and applicants, plus title, company and location autocomplete for precise filters. Pay per row delivered: no start fee, filters run at the source"
Imovirtual Property Discovery Scraper,Trove Vault,https://apify.com/trovevault/imovirtual-property-discovery-scraper?fpr=youssef,other-lead-sources,2,2,,0,"Discover public Imovirtual property listings by location, operation, and property type. Extract prices, areas, rooms, seller labels, images, and listing URLs"
Clutch.co company profile scraper,Data Dino,https://apify.com/data_dino/clutchco-scraper?fpr=youssef,directories,2,2,,0,"co profile URLs into structured company intelligence: ratings, reviews, pricing, team size, services, websites, and available contact details. Build prospect lists, compare vendors, and support market research with source-linked data"
PagesBlanches France Residential Directory Scraper,BowTiedRaccoon,https://apify.com/jungle_synthesizer/pagesblanches-france-residential-directory-scraper?fpr=youssef,france-francophonie,2,2,,0,"Look up French residents by name or phone number on PagesBlanches, the national residential directory. Returns full name, phone, and address (street, postal code, commune, department, region) per match. Covers all of France - search a name, a number, or narrow by commune, department, or postal code"
Pige Immobiliere: French Real Estate CRM Leads,David,https://apify.com/davidbenittah/french-real-estate-pige-crm-export?fpr=youssef,france-francophonie,2,2,,0,"Daily pige immobiliere: aggregate annonces immobilieres from PAP, Bien'ici, Leboncoin and SeLoger through the upstream French portal scraper, merge the same property listed twice into one lead, and flag what is new since the last run. Price, surface, rooms, DPE and source URLs included"
TikTok & YouTube & Loom Transcript Extractor & Video Downloader,Muhamed Didovic,https://apify.com/memo23/tiktok-transcript-extractor-cheerio?fpr=youssef,social-leads,1,556,3.0,11,"Extract transcripts and metadata from TikTok, YouTube, and Loom videos in WebVTT format. Supports multiple URLs, language selection, proxy configuration, and advanced output for accessibility, analysis, or repurposing"
Clutch.co Search Results Scraper ( Pay Per Results),Gopalakrishnan,https://apify.com/gopalakrishnan/clutch-companies-scraper?fpr=youssef,directories,1,467,3.9,3,"This Apify actor swiftly scrapes Clutch.co search results for lead generation. Get essential company data - names, URLs, ratings - for. Integrates seamlessly with enrichment tools. Fast, efficient, and cost-effective!"
Yelp Business Info Scraper,ВAH,https://apify.com/delicious_zebu/yelp-business-info-scraper?fpr=youssef,directories,1,406,4.7,31,"Quickly gather rich, detailed data from Yelp business pages - perfect for insights and analysis!"
Advanced Clutch.co Scrapper,ScrapeVerse,https://apify.com/scrapeverse/advanced-clutch-co-scrapper?fpr=youssef,directories,1,328,4,1,Get most detailed response from this Advanced Clutch.co Scrapper. That automates data extraction process for Clutch.co company data. Just add urls of clutch.co company profile pages and get insightful structured data right away
Instagram Profile/Posts/Reels Downloader & Monitoring Mode,Muhamed Didovic,https://apify.com/memo23/apify-instagram-profile-scraper?fpr=youssef,social-leads,1,239,5.0,10,"Elevate your Instagram game with data-driven decisions. Our Profile Scraper delivers the in-depth information you need, from user stats to post performance, powering your social media mastery"
Website Contact Scraper,SASWAVE,https://apify.com/saswave/website-contact-scraper?fpr=youssef,email-finders,1,220,,0,"Crawl multiple website at once and extract their social accounts (linkedin, facebook, instagram) and the emails found"
Social Media Contact Scraper,EasyApi,https://apify.com/easyapi/social-media-contact-scraper?fpr=youssef,email-finders,1,196,,0,"Supercharge your lead generation with our Social Media Contact Scraper! Extract emails, phone numbers, and social media profiles from websites effortlessly. Customizable depth, domain control, and stealth mode for efficient and ethical scraping. Build your contact database today!"
Tiktok Profile Scraper,Pratik Dani,https://apify.com/pratikdani/tiktok-profile-scraper?fpr=youssef,social-leads,1,174,,0,"Scrapes publicly available profile information, including follower/following counts, bio, videos, and more, from TikTok"
YellowPages Australia Lead Generator,ВAH,https://apify.com/delicious_zebu/yellowpages-australia-lead-generator?fpr=youssef,directories,1,165,5,30,"Effortlessly scrape detailed business data from YellowPages.com.au by keyword, location, and filters like “Open Now” or “Popular.” Fast, flexible, and ideal for lead generation or market research"
Aliexpress Bulk Scraper Pro,datawizards,https://apify.com/hello.datawizards/aliexpress-bulk-scraper-pro?fpr=youssef,other-lead-sources,1,130,5,1,"Aliexpress Bulk Scraper Pro: Scrape AliExpress product listings effortlessly with keyword searches. Get structured JSON data with product IDs, titles, prices, discounts, ratings, and images. Ideal for e-commerce research, price comparison, and market trends. Use Apify Proxy to avoid blocks"
Zillow Scraper,Emmanuel Uchenna,https://apify.com/eunit/zillow-scraper?fpr=youssef,other-lead-sources,1,127,,0,"Extract data about properties for sale and rent on Zillow using the Zillow API, but with no daily call limits. Scrape millions of listings and download your data as HTML, JSON, CSV, Excel, or XML. Export scraped data, run the scraper via API, schedule and monitor runs, or integrate with other tools"
E-commerce Email Scraper - Cheap & Advanced,Storm_Scraper,https://apify.com/scrapestorm/e-commerce-email-scraper---cheap-advanced?fpr=youssef,email-finders,1,124,5,1,"Scrape E-commerce Emails Easily Enter your search parameters (e.g product keywords, email domains & platform) to collect verified seller or store contacts along with product title, store description & more Perfect for e-commerce lead generation, B2B outreach, product research & market analysis"
Best & Cheapest LinkedIn Companies Scraper (Pay‑Per‑Result),Bebity,https://apify.com/bebity/bebity-linkedin-companies-ppr?fpr=youssef,linkedin,1,118,5.0,1,
Facebook Events Scraper,Jan Danecki,https://apify.com/danek/facebook-events-scraper?fpr=youssef,social-leads,1,101,3,1,"Scrap Facebook events fast and easy. This actor is a lightweight version of the Facebook Events actor. It is designed to be fast and efficient, so it can extract numerous events in a short time. It is also less likely to be blocked by Facebook"
Zillow Property Managers/Owners Scraper · Emails,Muhamed Didovic,https://apify.com/memo23/apify-zillow-property-managers-cheerio?fpr=youssef,email-finders,1,100,5.0,3,Effortlessly gather detailed insights on Zillow property managers - streamline your data collection and make informed decisions
France B2B Leads Scraper,Ahmed hrid,https://apify.com/ahmed_hrid/pagejaunes-leads-scraper?fpr=youssef,france-francophonie,1,81,5,2,"Extrayez des données d'entreprises françaises depuis PagesJaunes.fr incluant téléphones, emails, sites web, avis clients et coordonnées GPS. Parfait pour la génération de leads B2B et la prospection commerciale en France"
Github Search Scraper,SASWAVE,https://apify.com/saswave/github-search-scraper?fpr=youssef,other-lead-sources,1,76,5,1,Github search scraper. Get all data from search results list
HeadHunter Russia Job Scraper hh.ru - Cheap,Storm_Scraper,https://apify.com/scrapestorm/headhunter-russia-job-scraper-hh-ru---cheap?fpr=youssef,jobs-hiring-signals,1,76,5,1,"HeadHunter Jobs Scraper lets you extract job data from hh.ru: titles, companies, salaries, locations, experience & more. Ideal for job market analysis, recruitment insights & trend tracking in Russia Ideal for analyzing Russian job market trends or enriching your talent acquisition pipeline"
TotalJobs Scraper,EasyApi,https://apify.com/easyapi/totaljobs-scraper?fpr=youssef,jobs-hiring-signals,1,66,,0,"Scrape job listings from TotalJobs.com. Extract detailed job information including titles, companies, locations, salaries, and more. Perfect for job market analysis, recruitment research, and tracking employment trends"
E-Commerce Phone Number Scraper - Cheapest (All-in-One),Storm_Scraper,https://apify.com/scrapestorm/e-commerce-phone-number-scraper---cheapest-all-in-one?fpr=youssef,email-finders,1,56,3.8,4,"Scrape Mass/Bulk E-Commerce Phone Numbers Easily Enter your search parameters (e.g. keyword & platform) to collect verified business phone numbers from top e-commerce sites and marketplaces Ideal for lead generation, dropshipping research, seller outreach, and data enrichment"
Welcome to the jungle Jobs Scraper,Orgupdate,https://apify.com/orgupdate/welcome-to-the-jungle-jobs-scraper?fpr=youssef,france-francophonie,1,53,,0,"The latest and most advanced Welcome to the jungle Jobs Scraper. Our Welcome to the jungle Jobs Scraper extracts real-time job postings at scale from all over the world. A new research tool built for recruitment, insights and HR"
Europages Business Directory Scraper,EasyApi,https://apify.com/easyapi/europages-business-directory-scraper?fpr=youssef,directories,1,52,,0,"Extract detailed company information from Europages business directory. Get comprehensive data including company profiles, products, certifications, and contact details. Perfect for lead generation, market research, and B2B prospecting"
SBA.GOV Scraper | US Small Business Directory,Fatih Tahta,https://apify.com/fatihtahta/sba-gov-scraper?fpr=youssef,directories,1,41,,0,"Scrape verified U.S. small-business data from SBA.gov including company names, certifications, NAICS, contacts, and capability statements. Perfect for vendor vetting, compliance sourcing, and lead generation"
Find A Lawyer in USA Lead Generation Scraper,LeadGen Labs,https://apify.com/lead.gen.labs/find-a-lawyer-in-usa-lead-generation-scraper?fpr=youssef,other-lead-sources,1,40,,0,This is the best lead generation tool to find and extracts Lawyers in USA for your lead generation strategies. It covers all Lawyer's practice areas
Website Contacts Crawler,AI_Builder,https://apify.com/quaking_pail/contact-crawler?fpr=youssef,email-finders,1,37,,0,"Scrap website searching for contact details, emails and phone numbers"
Bluesky Followers Scraper,Storm_Scraper,https://apify.com/scrapestorm/bluesky-followers-scraper?fpr=youssef,b2b-databases,1,36,4.7,24,"Easily gather data about Bluesky followers. Enter a username or DID to retrieve key info like profile name, avatar image, description, account creation date, and labels. Seamlessly integrate with tools like Google Drive, Zapier, & more to streamline your workflow & boost productivity!"
Treatwell Search Scraper,EasyApi,https://apify.com/easyapi/treatwell-search-scraper?fpr=youssef,other-lead-sources,1,35,,0,"Scrape detailed salon and treatment data from Treatwell.co.uk. Extract business information, services, prices, ratings, and more. Perfect for market research and competitor analysis in the beauty industry"
Skool Map Scraper,FlowExtract API,https://apify.com/dz_omar/skool-map-scraper?fpr=youssef,other-lead-sources,1,34,5,2,"Extract member locations & full profiles from any Skool community map GPS coordinates, names, bios, social links, level & points. Works on communities with 200,000+ members. Perfect for events, outreach & research"
Doctolib - Pro Data Scraper,SignalFlow,https://apify.com/signalflow/doctolib-pro?fpr=youssef,france-francophonie,1,31,5,1,Advanced scraper for Doctolib. Extract 15+ data points into a structured CRM format. Features unique Market Signals including wait-time analysis and demand scoring. Optimized for medical equipment sales and territory mapping
Baidu Scraper,Gen First,https://apify.com/ivanvs/baidu-scraper?fpr=youssef,other-lead-sources,1,30,1,1,"Scrape search results from Baidu without any limits! Export your search result data into XML, JSON, CSV or Excel!"
Leboncoin Classifieds Scraper,ParseForge,https://apify.com/parseforge/leboncoin-scraper?fpr=youssef,france-francophonie,1,29,5,1,"Scrapes Leboncoin.fr classified ads by search query, category, region, or URL. Returns each listing as a flat row with price, location, seller details, and description"
PagesJaunes.fr Scraper,Adrien,https://apify.com/dr1ms/pagesjaunes-scraper?fpr=youssef,france-francophonie,1,26,,0,"Extract business data from PagesJaunes.fr - France's #1 directory. Get names, phones, addresses, ratings, SIRET numbers & opening hours. Search by profession + city. Fast listing mode or detailed mode. Perfect for lead generation, market research & B2B prospecting"
Leboncoin Search Scraper,PowerAI,https://apify.com/powerai/leboncoin-search-scraper?fpr=youssef,france-francophonie,1,24,,0,"Scrape classified ads from Leboncoin.fr by providing a search URL, with automatic pagination and comprehensive listing information extraction"
Greenhouse Lever Ashby Job Scraper: GTM Hiring Signals,Mamba Labs,https://apify.com/mambalabs/gtm-hiring-signal-scraper?fpr=youssef,jobs-hiring-signals,1,20,,0,"Detect companies actively hiring GTM teams. Scrapes Greenhouse, Lever, and Ashby for Sales, RevOps, and Growth roles. Flat JSON with role counts and velocity signals. Built for Clay enrichment columns. MCP-ready for Claude Desktop, Cursor, and AI agents"
X (Twitter) Scraper,Synapz (Api402),https://apify.com/api402/x-twitter-scraper?fpr=youssef,social-leads,1,19,,0,"A powerful, production-ready scraper to extract tweets, users, profiles, lists, and media from X (Twitter) with smart auto-detection, advanced filtering, and structured outputs"
Otomoto Scraper,Gen First,https://apify.com/ivanvs/otomoto-scraper?fpr=youssef,other-lead-sources,1,18,,0,"Extract data from otomoto.pl for data on thousands of car listings. Scrape car listings, extract descriptions, images, prices, mileage, contact number, addresses, names, engine information, the transmission of the car, and all other listing details"
Google Maps Scraper - Emails & Social Links,Yuliia Kulakova,https://apify.com/brilliant_gum/google-maps-premium-scraper?fpr=youssef,google-maps,1,18,,0,"Extract complete business data from Google Maps: emails, 6 social platforms (Facebook, Instagram, Twitter, LinkedIn, YouTube, TikTok), reviews with best/worst separation, images, contacts. All-in-one solution -, no hidden fees. Geogrid technology finds ALL businesses"
DVF France - Transactions Immobilières API,Walid,https://apify.com/dltik/dvf-france-transactions?fpr=youssef,france-francophonie,1,17,,0,"Recherchez et analysez les transactions immobilières françaises (DVF) depuis 2014. 15+ filtres: département, commune, GPS, prix, surface, Carrez, type, pièces, lots. Analytics incluses: prix médian/m², évolution, répartition. Données officielles data.gouv.fr. Export JSON/CSV/Excel"
"Trustpilot Scraper - Reviews, Ratings & Companies",viralanalyzer,https://apify.com/viralanalyzer/trustpilot-scraper?fpr=youssef,directories,1,16,5.0,4,"Extract Trustpilot reviews, ratings, and company data at scale"
Meesho Search Scrapper,DataForge,https://apify.com/automation-hub/meesho-search-scrapper?fpr=youssef,other-lead-sources,1,15,,0,"Scrape Meesho product listings by keyword. Returns product name, supplier name, MRP, selling price, discount percentage, rating, reviews count, and product URL. Ideal for price comparison, catalogue research, and trend analysis across fashion, home, and lifestyle categories"
Leboncoin Cars Scraper - Listings & Phone Leads,mostafa ennadi,https://apify.com/mostafa-ennadi/leboncoin-cars-phone-leads-scraper?fpr=youssef,france-francophonie,1,15,5.0,2,"Scrape Leboncoin car listings for market research, price analysis, monitoring, seller research, dealership prospecting, and phone leads"
SeLoger.com French Real Estate Scraper,ParseForge,https://apify.com/parseforge/seloger-scraper?fpr=youssef,france-francophonie,1,14,,0,"Scrapes SeLoger.com property listings by city, transaction type, or direct URL. Returns each listing as a flat row with price, surface, rooms, DPE, and description"
SeLoger French Real Estate Scraper,Crawler Bros,https://apify.com/crawlerbros/seloger-scraper?fpr=youssef,france-francophonie,1,14,,0,"Scrape SeLoger.com property listings (apartments, houses, sale & rent) in France with title, price, surface, rooms, address, GPS, energy class, images, agency"
Centris Scraper - Quebec Real Estate (MLS) by Region,Trepanator Labs,https://apify.com/trepanat0r/centris-quebec?fpr=youssef,france-francophonie,1,14,,0,"Scrape centris.ca for Quebec property listings. Filter by region, category, sale/rent, price range. Optional detail pages with characteristics, municipal assessment, photos"
French Business Directory Leads Scraper,Crawler Bros,https://apify.com/crawlerbros/pagesjaunes-leads-scraper?fpr=youssef,france-francophonie,1,13,,0,"Unofficial: Scrape business listings from PagesJaunes.fr (French Yellow Pages) with full contact details: emails, phone numbers, addresses, geolocation, ratings, opening hours, and business metadata"
BODACC · French Legal Announcements by Date or SIREN,Corentin Robert,https://apify.com/corent1robert/bodacc-announcements-scraper?fpr=youssef,france-francophonie,1,13,,0,"Export official French legal announcements - registrations, insolvencies, business sales - by date, keyword, region, or SIREN. Companion Actor: French Companies. Public gazette. No API key"
GetLatka SaaS Company Revenue Directory Scraper,BowTiedRaccoon,https://apify.com/jungle_synthesizer/getlatka-saas-company-revenue-directory-scraper?fpr=youssef,directories,1,12,,0,"Scrape SaaS company revenue, ARR, funding, founder, and employee data from GetLatka's public directory. Covers 45,000+ profiles with structured metrics: revenue, total funding raised, team size, founding year, CEO name, and industry"
JamesEdition Cars Scraper,ParseForge,https://apify.com/parseforge/james-edition-cars-scraper?fpr=youssef,other-lead-sources,1,12,5,2,"Scrapes car listings from JamesEdition search results and returns each one as a flat row with price, specifications, photos, VIN, and dealer information"
France Entreprises Scraper,Ahmed hrid,https://apify.com/ahmed_hrid/france-entreprises-scraper?fpr=youssef,france-francophonie,1,12,,0,"Extrayez des données officielles d'entreprises françaises: SIREN/SIRET, effectifs, NAF, dirigeants. API gouvernementale INSEE/INPI. Pour prospection B2B, conformité et étude de marché"
Malt Freelance Profile Scraper,SilentFlow,https://apify.com/silentflow/malt-scraper-ppr?fpr=youssef,france-francophonie,1,12,1.8,3,"Extract freelancer profiles from Malt with predictable pay-per-result pricing. Scrape developers, designers & consultants across France & Europe. Get daily rates, skills, ratings, availability. Simple pricing - pay only for results you get"
Doctolib.fr Scraper,Unfenced Group,https://apify.com/unfenced-group/doctolib-fr-scraper?fpr=youssef,france-francophonie,1,7,,0,"Scrape practitioner and practice profiles from Doctolib.fr: name, speciality, address, geo-coordinates, departement, billing sector, languages, online booking and next-availability. No phone, email or personal contact data. GDPR-first with robots.txt checks and a suppression list"
Leboncoin Scraper,Gen First,https://apify.com/ivanvs/leboncoin-scraper?fpr=youssef,france-francophonie,1,7,,0,"Extract data from leboncoin.fr across thousands of listings - real estate, cars, jobs, and more. Scrape titles, descriptions, images, prices, location, seller names, and contact details, plus every other ad field. Unlimited and extremely fast!"
"Doctoranytime Scraper - Belgium, Greece Doctor Director",Giovanni Bianciardi,https://apify.com/giovannibiancia/doctoranytime-scraper----belgium-greece-doctor-director?fpr=youssef,france-francophonie,1,7,,0,"Extract 10,000+ doctor & specialist profiles from Doctoranytime.be, Doctoranytime.gr and Cyprus. Name, specialty, address, phone, fees, ratings. B2B healthcare leads"
PracticeLink Job Scraper,EasyApi,https://apify.com/easyapi/practicelink-job-scraper?fpr=youssef,jobs-hiring-signals,1,6,,0,"Scrape job listings from PracticeLink.com - Extract detailed physician and healthcare job postings including employer info, location, recruitment type, and categories with advanced pagination handling"
OpenTable Scraper - Restaurants & Reviews,Muhammad Afzal,https://apify.com/muhammadafzal/opentable-scraper?fpr=youssef,other-lead-sources,1,6,,0,"Scrape OpenTable restaurant listings, cuisines, prices, availability, ratings, reviews, locations, and booking details into structured data"
Belgium KBO/BCE Company Scraper - Named Directors & NACEBEL,getregdata,https://apify.com/regdata/belgium-kbo-company-scraper?fpr=youssef,france-francophonie,1,6,,0,"Scrape Belgium's KBO/BCE registry from the official public search: company identity, status, legal form, address, NACEBEL activity codes and NAMED directors/managers. Lookup by enterprise/VAT number or company name. No API key"
French Accountants · Expert-Comptable Directory,Corentin Robert,https://apify.com/corent1robert/experts-comptables-annuaire-scraper?fpr=youssef,france-francophonie,1,6,,0,"Official Ordre directory: firm name, address, phone, accountant names, optional SIREN. No email - the register does not publish it. By city or France-wide. No login. CRM-ready JSON, CSV, Excel"
SeLoger Universal Scraper,Scrapifier,https://apify.com/scrapifier/seloger-universal-scraper?fpr=youssef,france-francophonie,1,6,5.0,3,"Extract unlimited SeLoger listings in seconds! Drop your search URL and get rich, structured real estate data - price, surface, rooms, location, DPE & more. Perfect for market analysis, investment scouting, price benchmarking or lead generation. Automate the French property market & stay ahead!"
Seloger Property Search Scraper,Stealth mode,https://apify.com/stealth_mode/seloger-search-scraper?fpr=youssef,france-francophonie,1,6,,0,"Scrape comprehensive property listings from SeLoger.com, France's leading real estate platform. Extract detailed data including prices, locations, property features, and seller information. Ideal for market analysis, price comparison, investment research, and competitive intelligence in the French"
Centris.ca Scraper - Quebec Real Estate Listings,Haketa,https://apify.com/haketa/centris-scraper?fpr=youssef,france-francophonie,1,6,,0,"Scrape Quebec property listings from Centris.ca by city, type & price. Get address, price, bedrooms, bathrooms, living area, photos, GPS coordinates & broker for houses, condos & rentals - for real estate market research and lead generation"
2dehands Scraper,Gen First,https://apify.com/ivanvs/2dehands-scraper?fpr=youssef,email-finders,1,5,,0,"Extract data from 2dehands.be across thousands of listings - real estate, cars, jobs, and more. Scrape titles, descriptions, images, prices, location, seller names, and contact details, plus every other ad field. Unlimited and extremely fast!"
Pappers Enrichment Bundle: Full French Company Profile,Walid,https://apify.com/dltik/pappers-enrichment-bundle?fpr=youssef,france-francophonie,1,5,,0,"One enriched record per French company combining identity (SIREN, SIRET, name, address, NAF), financials (CA, resultat net), dirigeants (officers), establishments and GPS. Premium one-call upsell over pappers-sirene-scraper. For KYC, B2B prospecting, CRM enrichment"
Malta Jobs,yogen48,https://apify.com/yogen48-owner/malta-jobs?fpr=youssef,france-francophonie,1,5,,0,Apify actor for scraping job listings from Malta
France Travail Scraper | Fast & Reliable,Fatih Tahta,https://apify.com/fatihtahta/france-travail-scraper?fpr=youssef,france-francophonie,1,5,,0,"Extract structured France Travail job listings with titles, salaries, contract details, employer data, locations, and skills. Built for enterprise-grade hiring intelligence, labor market analysis, and automated recruiting or analytics pipelines"
"SeLoger Scraper Pige: Tél. Vendeur, Particulier/Agence",Tagada Data,https://apify.com/tagadanar/french-real-estate-seloger?fpr=youssef,france-francophonie,1,5,,0,"Jusqu'à 2 500 annonces SeLoger par recherche avec le téléphone du vendeur et le badge particulier/agence, plus prix, €/m² et surface. C'est le travail qu'un abonnement Pige Online facture au mois, payé ici à l'annonce. Fonctionne même quand les scrapers classiques sont bloqués. Accès API et MCP"
SeLoger Scraper,ONE API,https://apify.com/one-api/seloger-scraper?fpr=youssef,france-francophonie,1,5,,0,"Scrape SeLoger.com, France's leading real-estate marketplace. Search apartments, houses, land and parking for sale or rent by location, place id, postcode, radius or URL; pull full listing details with agency contacts, find similar listings, and resolve French locations to place ids"
App Developer Leads | Google Play & App Store Emails,Apivault Labs,https://apify.com/apivault_labs/app-developer-leads?fpr=youssef,email-finders,1,4,,0,"Find app-developer leads at scale from the App Store & Google Play. Pick a category or keyword and a store, and get every app's company name, website, contact email, rating, category and store link. Built for B2B outreach to app publishers. No login or API key. Bulk, parallel"
Lidl Reviews Scraper,EasyApi,https://apify.com/easyapi/lidl-reviews-scraper?fpr=youssef,other-lead-sources,1,4,,0,"Scrape product reviews from Lidl's online store. Extract detailed review data including ratings, review text, author info, and additional metrics. Perfect for market research and customer sentiment analysis"
Pappers Sirene Scraper,Maxime Dupré,https://apify.com/maximedupre/pappers-sirene-scraper?fpr=youssef,france-francophonie,1,4,,0,"Search French companies by text, filters, coordinates, or SIREN/SIRET. Export official company data with addresses, NAF codes, dirigeants, financials, establishments, Pappers links, and registry flags"
Doctolib Scraper,Rigel Bytes,https://apify.com/rigelbytes/doctolib-scraper?fpr=youssef,france-francophonie,1,4,,0,"Scrape doctor profiles, availability, and practice details from Doctolib.de - Germany's largest medical appointment platform. Search by specialty, location, insurance type, and languages spoken"
Malt Freelancers Directory Scraper,ParseForge,https://apify.com/parseforge/malt-freelancers-scraper?fpr=youssef,france-francophonie,1,4,,0,"Scrapes Malt freelancer profiles by skill or keyword, optional city and daily rate cap. Returns each profile as a flat row with name, headline, rating, skills, and profile URL"
Pige Immobilière: SeLoger + PAP + Logic-Immo dédupliqués,Tagada Data,https://apify.com/tagadanar/french-real-estate-pige?fpr=youssef,france-francophonie,1,4,,0,"Pige immobilière multi-sources en un seul run: SeLoger, PAP et Logic-Immo dédupliqués entre portails, avec filtre particulier, vrais numéros de téléphone, prix au m² et DPE. Le mode veille ne renvoie que les nouvelles annonces et alerte par Slack ou webhook"
Logic-Immo Scraper Téléphones + Particulier/Agence,Tagada Data,https://apify.com/tagadanar/french-real-estate-logicimmo?fpr=youssef,france-francophonie,1,4,,0,"Récupérez les annonces Logic-Immo (vente et location) avec le téléphone de l'annonceur, le badge agence/constructeur/particulier, le prix au m², la surface, les pièces et les photos. Idéal pour la pige immobilière et la prospection d'agences, avec accès API et MCP"
2dehands Belgium Car Scraper,DevilScrapes,https://apify.com/devilscrapes/2dehands-belgium-cars?fpr=youssef,france-francophonie,1,4,,0,"Scrape used-car listings from 2dehands.be, Belgium's #1 marketplace (Auto's) - price, make, model, year, mileage, fuel, transmission, body type, colour, seller (dealer/private), location, and photos. Export to JSON or CSV; optionally enrich each listing with its full Dutch description"
"Immoweb Scraper - Belgium Real Estate, Prices, EPC",Vitalii Bondarev,https://apify.com/bovi/immoweb-properties-scraper?fpr=youssef,france-francophonie,1,4,,0,"Scrape Immoweb (Belgium #1 real estate portal) by operation + location. Returns title, price, operation, property type, bedrooms, living area m², EPC/energy rating, location/postcode, agency/owner, features, URL, image URLs, and id"
"Contact Details Scraper - Emails, Phones & Socials",Dami's Studio,https://apify.com/dami_studio/contact-details-scraper?fpr=youssef,email-finders,1,3,,0,"Get emails, phone numbers and addresses from a list of websites. Contact details are rarely on the home page. It checks /contact, /about and the German /impressum page. You also get contact forms and 10 social profiles. Emails written with [at] are read too., flat"
Snapdeal Search Scrapper,DataForge,https://apify.com/automation-hub/snapdeal-search-scrapper?fpr=youssef,other-lead-sources,1,3,,0,"Scrape Snapdeal product listings by keyword. Returns product name, MRP, selling price, discount percentage, ratings, review count, and product URL. Ideal for price tracking, discount monitoring, and competitive analysis across electronics, fashion, home decor, and lifestyle categories"
Leads nouvelles entreprises France - SIRENE + score B2B,W. Sakhana,https://apify.com/wsa/france-new-businesses-leads-sirene?fpr=youssef,france-francophonie,1,3,,0,Trouvez des entreprises et établissements français récemment créés dans la base officielle INSEE SIRENE et priorisez-les avec un score B2B
FDA Orange Book Scraper,mick_,https://apify.com/labrat011/fda-orange-book-scraper?fpr=youssef,other-lead-sources,1,3,,0,"Extract FDA Orange Book data - drug patent expirations, exclusivity periods, generic equivalents, and therapeutic equivalence ratings. No API key required"
Welcome to the Jungle Scraper (WTTJ) | + Apply URLs,Alex Morain,https://apify.com/alexmorain/wttj-jobs-scraper?fpr=youssef,france-francophonie,1,3,5,1,"Scrape Welcome to the Jungle job listings through the official search API. Full job details, direct ATS apply URLs, company data, 15+ filters, exports beyond the 1000-result limit"
OPCO · Training Operator by SIRET,Corentin Robert,https://apify.com/corent1robert/opco-siret-scraper?fpr=youssef,france-francophonie,1,3,,0,"Paste French SIRETs - get OPCO, IDCC and DSN status in one table. One row per establishment. Official France Compétences data. No login. No API key"
Bonnes Affaires Immo: Prix Annonce vs DVF Vendu,Tagada Data,https://apify.com/tagadanar/french-real-estate-deal-score?fpr=youssef,france-francophonie,1,3,,0,"Repérez les biens décotés en France: chaque annonce PAP est comparée aux prix réellement vendus du quartier via les données DVF officielles, pour un score de décote basé sur le vrai prix au m² et la marge de négociation. Pour investisseurs, chasseurs immo et agents IA. Usage plateforme inclus"
Seloger Property Extractor,Kawsar,https://apify.com/kawsar/seloger-property-extractor?fpr=youssef,france-francophonie,1,3,,0,"A robust, high-speed scraper to extract property listings directly from SeLoger.com. Capture prices, living areas, rooms, agency details, and original image galleries. Features smart per-URL pagination and instant exports to Excel, JSON, or CSV"
Seloger.fr Real Estate Scraper,Jamshaid Arif,https://apify.com/moving_beacon-owner1/seloger-fr-real-estate-scraper?fpr=youssef,france-francophonie,1,3,,0,"Extracts real estate listings from Seloger.com, France's largest property site. For each search result URL, it returns one record per listing with the title, price, price per square meter, address, agency, property facts, and image URLs"
PAP.fr Scraper - French FSBO Real Estate Listings (No Agencies),Studio Amba,https://apify.com/studio-amba/pap-fr-scraper?fpr=youssef,france-francophonie,1,3,,0,"Scrape 100% owner-direct real estate listings from pap.fr (Particulier à Particulier), France's largest no-agency property portal. Every listing is FSBO by design - no agencies allowed. Extract price, surface, rooms, city, postal code, and photos for sale and rental listings"
Kompass Company Directory Scraper,Automation Lab,https://apify.com/automation-lab/kompass-company-directory-scraper?fpr=youssef,france-francophonie,1,3,,0,"Extract public Kompass company and supplier records by country, category, search, or profile URL for B2B sales, sourcing, procurement, and market research"
DACH Laboratory Equipment Tender Feed,Zentra,https://apify.com/zentrafoundry/dach-laboratory-equipment-tender-feed?fpr=youssef,other-lead-sources,1,2,,0,"Live TED DE/AT/CH Laborgerät. Last run: Austria Pyrolyseofen. Keyword, not an instrument taxonomy"
"Yelp Reviews Scraper - Ratings, Text, Reviewer Name",omar khandji,https://apify.com/om_kh/yelp-reviews-scraper?fpr=youssef,directories,1,2,,0,"Bulk-downloads Yelp reviews for any business: rating, text, reviewer name, reviewer review count, date. For local reputation analysis and competitive benchmarking"
"Google Maps Scraper: Places, Leads, Emails",Snow Leo Data,https://apify.com/snow_leo_data/google-maps-places-scraper-leads-emails?fpr=youssef,google-maps,1,2,,0,"Extract data from thousands of places fast. Scrape Google Maps by keyword, category, location, URLs and other filters. Get addresses, contact info, opening hours, ratings, images and more. Export scraped data, run the scraper via API, schedule and monitor runs, or integrate with other tools"
DACH Wastewater Automation (TED) - relaunch C,Zentra,https://apify.com/zentrafoundry/dach-water-wastewater-automation-tender-feed-relaunch-20260608c?fpr=youssef,other-lead-sources,1,2,,0,Live TED Kläranlage/Abwasser/SCADA. Last run: Klärschlamm EMSR-Technik. Overlaps two siblings
"Website Contact Scraper: Email, Phone, Social",Snow Leo Data,https://apify.com/snow_leo_data/website-contact-email-phone-social-scraper-lead-extractor?fpr=youssef,email-finders,1,2,,0,"Extract contact details from any website. Scrape websites for contact details and get email addresses, website, location, address, zipcode, phone number, social media links. Export scraped data, run the scraper via API, schedule and monitor runs or integrate with other tools"
DuckDuckGo Places Extractor: Local Business Scraper,Snow Leo Data,https://apify.com/snow_leo_data/duckduckgo-local-business-scraper?fpr=youssef,google-maps,1,2,,0,"Extract data from hundreds of places fast. Scrape places by keyword, category, location & other filters. Get addresses, contact info, opening hours & more - half of them missing from Google Maps. Export scraped data, run via API, schedule and monitor runs, or integrate with other tools"
Glassdoor Jobs & Salaries [No Login],viralanalyzer,https://apify.com/viralanalyzer/glassdoor-jobs-scraper-pro?fpr=youssef,jobs-hiring-signals,1,2,,0,"Extract Glassdoor job postings, salaries, company ratings, and direct apply links in bulk without cookies or login"
"Rightmove Scraper · 5,000 Free Listings/Month",Chetan Jain,https://apify.com/omkar-cloud/rightmove-scraper?fpr=youssef,other-lead-sources,1,2,,0,"Rightmove Scraper gets you Rightmove data fast, 100% accurate and ridiculously detailed - UK homes for sale, to rent, new homes, student & commercial, full details, floor plans, EPC & agent phone., no start fee. Scrape your first 5,000 listings free every month"
Auction.com Foreclosure Scraper - Pre-Foreclosure & REO,IntelScrape,https://apify.com/intelscrape/foreclosure-scraper?fpr=youssef,other-lead-sources,1,2,,0,"Scrape Auction.com foreclosure, pre-foreclosure, REO, and auction listings. PPE: listing rows + auction-summary when includeAuctionSummary delivers a batch summary. Demo mode included"
Firmy.cz Scraper - Czech Business Contacts,Fetch Finch,https://apify.com/fetchfinch/firmy-cz-scraper?fpr=youssef,email-finders,1,2,,0,"Scrape Czech business listings from Firmy.cz by category, region or URL. Get company names, IČO, websites, public emails, phone numbers, addresses and opening hours where available. Export leads to CSV or JSON"
"Moj Posao HR Scraper: Croatia Jobs, Salaries & Employers",NanoScrape,https://apify.com/santamaria-automations/mojposao-hr-scraper?fpr=youssef,jobs-hiring-signals,1,2,,0,"Scrape job listings from mojposao.hr, Croatia's #1 job board. Returns title, company, Croatian county (zupanija), location, employment type, remote/hybrid/on-site, EUR salary, and full HTML description"
"Amazon Search Results Scraper - Price, Rating, Listing",omar khandji,https://apify.com/om_kh/amazon-product-search-scraper?fpr=youssef,other-lead-sources,1,2,,0,"Scrapes Amazon search results or category pages for any keyword: title, ASIN, price, rating, review count, image, URL. For pricing and competitive tracking"
"Zoopla Agents Scraper · 2,500 Free Branches/Month",Chetan Jain,https://apify.com/omkar-cloud/zoopla-agents-scraper?fpr=youssef,other-lead-sources,1,2,,0,"Zoopla Agents Scraper gets you every estate agent branch in any UK location fast and 100% accurate - phone, address, logo, listing stats, full profiles & live listings. Ready-to-call UK estate agent leads., no start fee. First 2,500 branches free every month"
"Facebook Page Scraper - Info, Followers, About Details",omar khandji,https://apify.com/om_kh/facebook-page-scraper?fpr=youssef,social-leads,1,2,,0,"Scrapes Facebook page data: name, category, follower/like counts, description, website, phone, address. Diff pulls to track follower growth and profile edits"
"Zillow Listings Scraper - Homes, Prices, Full Details",omar khandji,https://apify.com/om_kh/zillow-listings-scraper?fpr=youssef,other-lead-sources,1,2,,0,"Scrapes Zillow search results: address, price, beds, baths, square footage, status, days on market, URL. Diff pulls to isolate new listings and price changes"
"Zoopla Scraper · 5,000 Free Listings/Month",Chetan Jain,https://apify.com/omkar-cloud/zoopla-scraper?fpr=youssef,other-lead-sources,1,2,5,1,"Zoopla Scraper gets you Zoopla data fast, 100% accurate and ridiculously detailed - UK homes for sale, to rent & new homes, full listing details, EPC, floor plans & agent phone., no start fee. Scrape your first 5,000 listings free every month"
"Naver Place Scraper (네이버) - Korea Business, Reviews, Menus",Oswaldo Carabano,https://apify.com/oswaldocarabano/naver-place-scraper?fpr=youssef,other-lead-sources,1,2,,0,"Korean local business data from Naver Place: businesses, visitor reviews, reputation aggregates, menus and photos. Filters out the out-of-area results Naver silently pads its responses with, and tells you how many it dropped. No login, no browser"
DACH Solar and Storage Tender Feed,Zentra,https://apify.com/zentrafoundry/dach-solar-roof-storage-tender-feed?fpr=youssef,other-lead-sources,1,2,,0,"Live TED notices for PV, solar roof and storage in DE/AT/CH. Keyword/CPV, not a bid/no-bid"
TED and Grant Notice Leads,Zentra,https://apify.com/zentrafoundry/govcon-grants-bid-intelligence?fpr=youssef,other-lead-sources,1,2,,0,Live TED notices with keyword bid-fit. SAM.gov still needs your API key. Not a bid/no-bid
X (Twitter) Retweeters & Quote Tweets Scraper,Arjun AI,https://apify.com/arjun_code/x-twitter-retweeters-scraper?fpr=youssef,social-leads,1,2,,0,"Export public accounts that reposted or quoted any X (Twitter) post. Enter post URLs or IDs to collect usernames, bios, follower counts, verification, professional details, affiliations, and quote-tweet text. No login, cookies, API key, or proxy setup required. Export JSON, CSV, or Excel"
"WHOIS Domain Lookup & DNS Records - Registrar, Expiry (Bulk)",Snow Leo Data,https://apify.com/snow_leo_data/dns-records-mx-whois-lookup-dmarc-spf-domain-monitor?fpr=youssef,enrichment-verification,1,2,,0,"Look up WHOIS records for domains in bulk: registrar, creation and expiry dates, days until expiry, nameservers, DNSSEC and status codes. Public registry data for every major TLD (.com,.org,.io,.co.uk and more). Plus MX, SPF, DKIM and DMARC. No API keys, structured JSON/CSV output"
TED Company Notice Lookup,Zentra,https://apify.com/zentrafoundry/company-public-tender-lookup-api?fpr=youssef,other-lead-sources,1,2,,0,Live TED notices matching a company or buyer name you supply. Try is Siemens in notice titles
DACH Fire Safety Tender Feed,Zentra,https://apify.com/zentrafoundry/dach-fire-safety-emergency-equipment-tender-feed?fpr=youssef,other-lead-sources,1,2,,0,Live TED DE/AT/CH Brandschutz and Feuerwehr. Last run: Neubau Feuerwehr Ingeln-Oesselse
Germany Solar TED Monitor,Zentra,https://apify.com/zentrafoundry/germany-solar-tender-monitor?fpr=youssef,other-lead-sources,1,2,,0,"Germany-only TED notices for PV, solar roof and storage keywords. Keyword/CPV, not a bid/no-bid"
"Zoopla Sold House Prices Scraper · 5,000 Free Records/Month",Chetan Jain,https://apify.com/omkar-cloud/zoopla-sold-house-prices-scraper?fpr=youssef,other-lead-sources,1,2,,0,"Zoopla Sold House Prices Scraper gets you HM Land Registry sold prices for any UK area fast and 100% accurate - address, sale date & price, property attributes, plus Zoopla's sale & rent estimate for any address., no start fee. First 5,000 records free every month"
"SAM.gov Scraper - Federal Contracts, Attachments & Contacts",Oswaldo Carabano,https://apify.com/oswaldocarabano/sam-gov-data-scraper?fpr=youssef,email-finders,1,2,,0,"Scrape public U.S. federal contract opportunities from SAM.gov: solicitations, awards, sources sought, agency and contact details, the full solicitation text, and the solicitation documents themselves. No API key, no login, no session cookies"
DACH Software Tender Monitor,Zentra,https://apify.com/zentrafoundry/dach-public-sector-software-tender-feed?fpr=youssef,france-francophonie,1,2,,0,"Live TED notices for software, IT and SaaS in Germany, Austria and Switzerland. Keyword/CPV, not a bid/no-bid"
DACH Wastewater Automation Tender Feed,Zentra,https://apify.com/zentrafoundry/dach-water-wastewater-automation-tender-feed?fpr=youssef,other-lead-sources,1,2,,0,Live TED Abwasser/Klärwerk. Last run: Kanal-TV-Inspektion Geldern. Original SKU - overlaps two relaunches
France BOAMP Public Tenders Scraper,Jason,https://apify.com/knotty_mistveil/france-boamp-tenders?fpr=youssef,france-francophonie,1,2,,0,"French public procurement tenders from the official BOAMP open-data API (DILA/Opendatasoft): buyer, deadline, CPV codes, department, contact email"
"Product Hunt Scraper - Launches, Upvotes, Comments, Date",omar khandji,https://apify.com/om_kh/product-hunt-scraper?fpr=youssef,other-lead-sources,1,2,,0,"Scrapes Product Hunt daily launches or any topic: product name, tagline, URL, vote count, comment count, topics, launch date. For market research and competitor discovery"
"Google Maps Scraper - Emails, Reviews & Local Rank Grid",Kelopr_bk,https://apify.com/trakk/google-maps-business-intelligence-v2?fpr=youssef,google-maps,1,2,,0,"Scrape Google Maps businesses with up to 134 fields on a live row: emails, phones, socials, reviews with owner replies, photos, hours and search rank. Also returns each website's tech stack and what it is missing, and a local rank grid showing where a business is invisible on its own map"
TED CPV Code Extractor,Zentra,https://apify.com/zentrafoundry/tender-cpv-classifier?fpr=youssef,other-lead-sources,1,2,,0,Copies CPV codes from live TED notices. Not a machine-learning classifier and not a bid/no-bid
"Facebook Ads Library Scraper - Copy, Spend, Reach",omar khandji,https://apify.com/om_kh/facebook-ads-library-scraper?fpr=youssef,social-leads,1,2,,0,"Pulls live and ended ads from the Facebook Ads Library for any advertiser: creative text, format, run dates, platforms, landing pages. Diff pulls to see what changed"
DACH Heat Pump Tender Radar,Zentra,https://apify.com/zentrafoundry/dach-public-building-heat-pump-tender-radar?fpr=youssef,other-lead-sources,1,2,,0,"Live TED notices for DE/AT/CH heat pumps and public-building HVAC. Keyword/CPV, not a bid/no-bid"
Solar Leads Scraper - PV Contractor Leads,IntelScrape,https://apify.com/intelscrape/solar-leads-scraper?fpr=youssef,other-lead-sources,1,2,,0,Extract newly issued building permits for solar and photovoltaic installations across 1000+ US cities. High-intent homeowner and contractor leads
ATS Job Boards Scraper,Alexandre Bobichon,https://apify.com/succinct_glider/ats-job-boards?fpr=youssef,jobs-hiring-signals,1,2,,0,"Scrape published job postings from Greenhouse, Lever, Ashby, Workable, Personio and Teamtailor. Give it company domains and it finds the ATS for you. Tracks new, changed and closed jobs"
German Hospital TED Tender Feed,Zentra,https://apify.com/zentrafoundry/germany-hospital-cybersecurity-tender-feed?fpr=youssef,other-lead-sources,1,2,,0,"Live TED notices for German hospital buyers (Krankenhaus, Klinikum). Cyber/IT is a keyword, not a classifier. Volume is thin"
NYC Business License Snapshot,Zentra,https://apify.com/zentrafoundry/contractor-license-expiry-disciplinary-action-watcher?fpr=youssef,other-lead-sources,1,2,,0,NYC DCWP legally operating businesses. Try is BREWER FIX & GO CORP. Not US contractor discipline
Poland Solar Tender Monitor,Zentra,https://apify.com/zentrafoundry/poland-solar-tender-monitor?fpr=youssef,other-lead-sources,1,2,,0,Live TED Poland PV notices. Last run: 500 kW fotowoltaiczna. Not e-Zamówienia
DACH Energy Audit Tender Feed,Zentra,https://apify.com/zentrafoundry/dach-public-building-energy-audit-tender-feed?fpr=youssef,other-lead-sources,1,2,,0,Live TED DE/AT/CH Energieaudit and Sanierung. Last run: Kita Pfiffikus Cottbus. Not generic Hochbau
UK New Company Leads - Companies House Daily,Scrapers Delight,https://apify.com/scrapersdelight/companies-house-incorporations-scraper?fpr=youssef,b2b-databases,1,2,,0,"no start fee. Every UK company incorporated in your date window: name, number, SIC codes, type, registered office address and postcode. Filter by SIC code, type, status and location. Official Companies House data, no API key. ~3,400 new companies every working day"
Toyota Europe Inventory & Prices,Rastriq - Structured data from the world,https://apify.com/rastriq/toyota-europe-inventory?fpr=youssef,other-lead-sources,1,2,,0,"Extract vehicle catalog, grades, variants, and prices from Toyota Europe across 30+ countries. Get list prices, discounts, promotions, engine specs, CO2 emissions, and fuel consumption for every model and trim level"
"Profession.hu Scraper: Hungary Jobs, Salaries & Employers",NanoScrape,https://apify.com/santamaria-automations/profession-hu-scraper?fpr=youssef,jobs-hiring-signals,1,2,,0,"Scrape job listings from Profession.hu, Hungary's #1 job board. Returns title, company, Hungarian county (megye), HUF salary, experience level, remote type, education level, and full HTML description"
Facebook Ad Library Scraper - Facebook Ads by Keyword & Country,Steadyfetch Team,https://apify.com/steadyfetch/facebook-ad-library-scraper?fpr=youssef,social-leads,1,2,,0,"Facebook ads by keyword, advertiser page or country, from the Ad Library: advertiser, page ID, flight dates, live status, platforms, creative text, landing page, media URLs and EU spend bands.; transcripts are an opt-in add-on. A search that finds nothing is never charged"
DACH School IT Tender Feed,Zentra,https://apify.com/zentrafoundry/dach-school-it-tender-feed?fpr=youssef,other-lead-sources,1,2,,0,Live TED school/IT notices in DE/AT/CH. Keyword filter - off-topic rows can appear
GovData Construction Catalog Monitor,Zentra,https://apify.com/zentrafoundry/dach-construction-permit-monitor?fpr=youssef,other-lead-sources,1,2,,0,GovData CKAN catalogs matching Bebauungsplan. Hamburg/Berlin appear when published. Not issued permits
NYC Roofing and HVAC Permit Leads,Zentra,https://apify.com/zentrafoundry/us-building-permit-roofing-hvac-leads?fpr=youssef,other-lead-sources,1,2,,0,"NYC DOB permits filtered to roofing and HVAC trades. Five boroughs only, issuance date on every lead"
DACH School IT Tender Feed,Zentra,https://apify.com/zentrafoundry/dach-school-it-tender-feed-relaunch-20260611?fpr=youssef,other-lead-sources,1,2,,0,"Live TED notices for school/IT keywords in DE/AT/CH. Keyword, not a school classifier - excavating notices can match"
"B2B Leads Finder: Companies Hiring Now, With Contact Details",Daniel Meshulam,https://apify.com/glitchbound/b2b-leads-finder?fpr=youssef,email-finders,1,2,,0,"Companies that are hiring right now, each with the contact details their own website publishes. A prospect list with a buying signal attached"
CFPB Complaint Theme Miner,Zentra,https://apify.com/zentrafoundry/review-complaint-miner?fpr=youssef,other-lead-sources,1,2,,0,"Pull public CFPB complaint rows and keep the source URL. Theme tags are keyword matches, not a model. Authorized pages only"
Trustpilot Competitor Review Monitor,SignalCrawl,https://apify.com/signalcrawl/trustpilot-competitor-review-monitor?fpr=youssef,directories,1,2,,0,"Monitor public Trustpilot business reviews and export reputation intelligence with ratings, sentiment, urgency, response gaps, competitor weakness scores, CRM notes, and dedupe-ready keys"
App Store Review Alert API,SignalCrawl,https://apify.com/signalcrawl/app-store-review-alert-api?fpr=youssef,other-lead-sources,1,2,,0,"Monitor public Apple App Store reviews by app ID and country. Export review alerts with ratings, sentiment, urgency, app version, CRM notes, action notes, source URLs, and dedupe-ready keys"
Threads Profile Search Scraper,EasyApi,https://apify.com/easyapi/threads-profile-search-scraper?fpr=youssef,social-leads,1,2,,0,"Discover public Threads accounts by keyword. Get handles, bios, follower counts, and profile URLs for creator and brand research"
Event Sponsorship Opportunity Finder,Trove Vault,https://apify.com/trovevault/event-sponsorship-finder?fpr=youssef,other-lead-sources,1,2,,0,"Find local tech and startup events and rank sponsorship opportunities by audience fit, sponsorability, timing, evidence, and recommended next action"
Contractor License Leads - US Contractors,Muhammad Afzal,https://apify.com/muhammadafzal/contractor-license-leads?fpr=youssef,other-lead-sources,1,2,,0,"Find licensed US contractors with license status, trade, company, location, contact, and public registry data for compliance and sales research"
"Indeed Jobs API | Search Listings, Salaries, Descriptions",John,https://apify.com/johnvc/indeed-jobs-api?fpr=youssef,jobs-hiring-signals,1,2,,0,"Indeed job listings as clean, structured JSON. Search by keyword and location on any Indeed country site, list every job on a company page, or fetch exact job URLs. Get title, company, pay, type, benefits, apply link, and the full description as Markdown, text, or HTML. MCP-ready"
Bilbasen Scraper,Gen First,https://apify.com/ivanvs/bilbasen-scraper?fpr=youssef,other-lead-sources,1,2,,0,"Extract car listings, prices, specifications, leasing terms, photos, and dealer info from bilbasen.dk - no login, no cookies, and no proxy setup required"
Google Play Review Alert API,SignalCrawl,https://apify.com/signalcrawl/google-play-review-alert-api?fpr=youssef,other-lead-sources,1,2,,0,"Monitor public Google Play app reviews by package name, country, and language. Export review alerts with ratings, sentiment, urgency, app version, CRM notes, action notes, source URLs, and dedupe-ready keys"
Google Ads Scraper,EasyApi,https://apify.com/easyapi/google-ads-scraper?fpr=youssef,other-lead-sources,1,2,,0,"Extract text, image, and video ads from the Google Ads Transparency Center. Get ad copy, creatives, regions, and dates for competitive research"
Expert Finder Experts Scraper,EasyApi,https://apify.com/easyapi/expert-finder-experts-scraper?fpr=youssef,email-finders,1,2,,0,"Search experts by keyword and extract full profile details including expertise, bio, contact info, and links"
CRM Account Research Agent,Trove Vault,https://apify.com/trovevault/crm-account-research-agent?fpr=youssef,b2b-databases,1,2,,0,"Enriches CRM accounts with firmographics, signals, fit scores, evidence URLs, and account briefs. Export data, run via API, schedule and monitor runs, or integrate with other tools"
Federal Grant Opportunities Finder,Ken Agland,https://apify.com/agentictools/grant-opportunities-finder?fpr=youssef,other-lead-sources,1,2,,0,"Search open and forecasted US federal grant opportunities on Grants.gov by keyword. Deadlines, award ceilings, eligibility, and synopsis for each"
Username Availability Scraper,EasyApi,https://apify.com/easyapi/username-availability-scraper?fpr=youssef,other-lead-sources,1,2,,0,"Check username availability across social, gaming, art, music, and professional platforms. Get Taken, Available, or Unknown status for each site"
"Yelp Business Data Scraper - Phone, Address, Hours & Leads",Kevin Savani,https://apify.com/k1ra/yelp-business-data-scraper?fpr=youssef,directories,1,2,,0,"Yelp business listings scraper & Yelp data extractor: get the complete business record, not just a link. 20+ fields - phone, full address, hours, price, rating, reviews, categories, coordinates, website. Search by term + location or direct URLs. No proxy setup. Pay per business, on empty"
"Google Maps Scraper - Extract Places, Reviews & Contact Data",DataFusionX,https://apify.com/devil_port369-owner/google-maps-scraper?fpr=youssef,google-maps,1,2,,0,"Scrape Google Maps data without code or API keys. Extract business names, addresses, phone numbers, websites, reviews, ratings, and social links. Search by keywords, locations, or Place URLs for fast B2B lead generation"
Remote Job Listings & Salary Data - We Work Remotely,BowTiedRaccoon,https://apify.com/jungle_synthesizer/weworkremotely-scraper?fpr=youssef,jobs-hiring-signals,1,2,,0,"Remote job listings with salary data, from We Work Remotely. Returns job title, company, salary range and currency, category, job type, location restriction, tags and apply URL. Filter by category and job type. For remote job boards and recruiters"
Workable Jobs Scraper - ATS Job Listings & Apply Links,ninhothedev,https://apify.com/ninhothedev/workable-jobs-scraper?fpr=youssef,jobs-hiring-signals,1,2,,0,"ATS jobs scraper! Pull ANY company's careers board - title, department, location, remote & link. No key. JSON, CSV, Excel or API in seconds. Perfect for recruiting & hiring intel"
LinkedIn Pharma & Biotech Jobs Scraper,Neuton Scripts,https://apify.com/neuton/linkedin-pharma-biotech-jobs-intelligence?fpr=youssef,linkedin,1,2,,0,"Scrape public LinkedIn pharma and biotech jobs without login. Export evidence-backed clinical research, drug discovery, regulatory, and bioinformatics demand"
Remote Jobs Aggregator,Ken Agland,https://apify.com/agentictools/remote-jobs-aggregator?fpr=youssef,jobs-hiring-signals,1,2,,0,"Aggregate remote jobs from multiple job boards into one clean, deduplicated feed. No API key"
Government Contract Award Monitor Federal Grant Winners,Mamba Labs,https://apify.com/mambalabs/public-award-monitor?fpr=youssef,other-lead-sources,1,2,,0,"Finds the companies that won US federal contracts, US federal grants, NIH SBIR awards, or UK public contracts in the last N days. Returns one row per winning company with award count, total value, awarding body, award date, and a resolved company domain. Built for Clay and outbound"
"OnTheMarket Scraper - UK Property Data, Price & Tenure",NeverEmpty,https://apify.com/neverempty/onthemarket-listings?fpr=youssef,other-lead-sources,1,2,,0,"For property investment screening, market reports and agency lead lists: OnTheMarket.com listings as flat rows with price and what it means, tenure with lease years, bedrooms, features, coordinates, the agency and added or reduced status. Manchester had 2,919 homes to rent. Filters cost no extra"
Hiring Signals Scraper - Company Job Openings from ATS Boards,NeverEmpty,https://apify.com/neverempty/hiring-signals-scraper?fpr=youssef,jobs-hiring-signals,1,2,,0,"For B2B sales and recruiting teams hunting companies that are growing: one row per company with open jobs, new roles in the last 7 and 30 days, roles by department and location, remote counts, and whether sales, engineering or executive seats are open. Stripe showed 613 open jobs on 2026-09-11"
Jobicy Remote Jobs Scraper,Neuton Scripts,https://apify.com/neuton/jobicy-remote-jobs-scraper?fpr=youssef,jobs-hiring-signals,1,2,,0,"Extract structured public jobs from the Jobicy public remote-jobs API for recruiting intelligence, job alerts, aggregation, and labour-market research"
Website Audit Lead Finder - Sales Opportunity Qualifier,Mack,https://apify.com/wiggly_book/website-lead-qualifier?fpr=youssef,other-lead-sources,1,2,,0,"Qualify business website lists into prioritized sales opportunities with trust, SEO, conversion, contact, and security-gap evidence plus outreach angles"
"Hospitality Jobs Aggregator - Hcareers, Hosco, Caterer & More",BowTiedRaccoon,https://apify.com/jungle_synthesizer/hospitality-jobs-aggregator-hcareers-hosco-caterer-scraper?fpr=youssef,jobs-hiring-signals,1,2,,0,"Scrape hospitality job listings from Hcareers, Hospitality Online, and CatererGlobal in one run. Returns normalized job records with hospitality-specific fields including tip eligibility, housing, family-rate perks, cuisine specialty, and brand-tier scoring"
Code Violations Scraper - City Code Enforcement Leads,IntelScrape,https://apify.com/intelscrape/code-violations?fpr=youssef,other-lead-sources,1,2,,0,Municipal city code-enforcement / code-violation public records for contractor and investor leads. Soft CTA to Building Permit Scraper. Confirm live Store pricing before runs
"PagesJaunes France Leads Scraper - Phone, Email, SIRET",Scrapers Delight,https://apify.com/scrapersdelight/pagesjaunes-france-scraper?fpr=youssef,france-francophonie,1,2,,0,"Scrape French business leads from PagesJaunes (pagesjaunes.fr) by activity + city/postal code: company name, phone, email, full postal address, website, SIRET/SIREN and NAF code. Warmed got-scraping clears the bot wall - no login. Export JSON/CSV/Excel"
Enriched French Business Leads - PagesJaunes + SIRENE + Google,Rragen,https://apify.com/rragen/pagesjaunes-scraper?fpr=youssef,france-francophonie,1,2,,0,Scrape PagesJaunes.fr and enrich each business with its legal identity (SIREN registry) and Google reviews. Sales-ready B2B leads for France
France PagesJaunes Scraper | B2B Leads,HappiTap,https://apify.com/happitap/france-pagesjaunes-business-scraper?fpr=youssef,france-francophonie,1,2,,0,"Extract verified French businesses, real estate agencies, and local services from PagesJaunes.fr. Premium EU B2B leads"
PagesJaunes Business Leads Scraper,BowTiedRaccoon,https://apify.com/jungle_synthesizer/pagesjaunes-leads-scraper?fpr=youssef,france-francophonie,1,2,,0,"Scrape business listings from PagesJaunes.fr (French Yellow Pages) by keyword and location. Extracts business name, address, phone, email, website, opening hours, rating, and geolocation. Supports category-based search across any city, department, or region in France"
118000.fr Scraper - French Business & Phone Directory Leads,Per Schondell,https://apify.com/worktech/118000-fr-scraper?fpr=youssef,france-francophonie,1,2,,0,"Scrape French business leads from 118000.fr: name, phone (+33), address, postal code, city and category. Search by trade and city - a fast PagesJaunes alternative. Pay per result. Export JSON, CSV or Excel"
DPE Distress Leads - French F/G Energy-Sieve Property Feed,Studio Amba,https://apify.com/studio-amba/dpe-distress-leads?fpr=youssef,france-francophonie,1,2,,0,"Find DPE F and G property listings (passoires thermiques) in France. Runs Bien'ici and LeBonCoin, keeps only energy-sieve listings, attaches a Loi Climat rental-ban urgency flag (G banned since 2025, F from 2028), dedupes across portals, and flags private-owner vs agency"
local.ch Scraper,Muhamed Didovic,https://apify.com/memo23/local-ch-scraper?fpr=youssef,france-francophonie,1,2,,0,"Scrape local.ch (Swiss business directory): name, phone, email, website, address, hours, rating, reviews. Keyword + city or a local.ch search/profile URL. HTTP only, no browser. JSON or CSV out"
French Diagnosticians · Emails & Phones,Corentin Robert,https://apify.com/corent1robert/diagnostiqueurs-france-annuaire?fpr=youssef,france-francophonie,1,2,,0,"Export unique certified French diagnosticians (DPE, amiante, gaz, électricité…) with public email and phone from the official DIN / data.gouv annuaire. One person per row, certificates nested. HTTP only, no login"
Doctolib FR Scraper - Doctor & Clinic Directory Data,Studio Amba,https://apify.com/studio-amba/doctolib-fr-scraper?fpr=youssef,france-francophonie,1,2,,0,"Scrape doctor and healthcare provider listings from Doctolib.fr by specialty and city. Get name, specialty, address, coordinates, phone, languages, payment methods, conventionné status, online-booking availability and published fees. Public directory data only, no login required"
"Resalib · Emails, Phones & SIRET by Specialty",Corentin Robert,https://apify.com/corent1robert/resalib-practitioners-scraper?fpr=youssef,france-francophonie,1,2,,0,"Pick a Resalib specialty. We open each public profile - phone, address, website, socials, SIRET - then scan their site for a published email. No login"
Societe.com Scraper - French Company Register Data,Studio Amba,https://apify.com/studio-amba/societe-com-scraper?fpr=youssef,france-francophonie,1,2,,0,"Search and extract French company data from Societe.com. Look up by company name or SIREN/SIRET and get legal name, SIREN, SIRET, VAT number, legal form, NAF code, address, founding date, status, employee count, and dirigeants (managers/directors). No login required"
Societe.com Company Scraper,SolidCode,https://apify.com/solidcode/societe-scraper?fpr=youssef,france-francophonie,1,2,,0,"[ ] Extract official French company records from Societe.com by name, SIREN/SIRET, director, or URL - legal identity, capital, revenue, directors, establishments, and legal notices as clean structured data for lead generation, KYC, and due diligence"
Pappers Scraper - French Company Register (SIREN/SIRET) Data,Studio Amba,https://apify.com/studio-amba/pappers-scraper?fpr=youssef,france-francophonie,1,2,,0,"Search and extract French company data from Pappers. Look up companies by name or activity and get SIREN, SIRET, legal form, NAF code, address, status, share capital, revenue, and headcount. No API key, no login required"
French Company Prospector,SilentFlow,https://apify.com/silentflow/french-company-prospector?fpr=youssef,france-francophonie,1,2,,0,"Discover French companies by activity code (NAF/APE) and, uniquely, by director age, using open government data. Get company name, SIREN, address, company size, revenue, creation date and directors with ages, ready for prospecting and outreach. No login or API key. Export to JSON, CSV or Excel"
Recherche Entreprises Scraper - French Company Register,Studio Amba,https://apify.com/studio-amba/recherche-entreprises-scraper?fpr=youssef,france-francophonie,1,2,,0,"Search the official French government company register (recherche-entreprises.api.gouv.fr) by name or activity. Returns SIREN, SIRET, legal form, NAF/APE code, address, officers, creation date, and employee bracket. No API key, no login required"
Local.ch Scraper - Swiss Business Directory Leads,Studio Amba,https://apify.com/studio-amba/local-ch-scraper?fpr=youssef,france-francophonie,1,2,,0,"Extract Swiss business leads from local.ch. Search by keyword and location for company name, phone, email, website, full address, category and rating. Data comes from the results page. The site caps each query at ~180 results, so pass one or more cities to segment. Export CSV, JSON, Excel"
JORF Scraper: French Official Journal API (Legifrance + DILA),Walid,https://apify.com/dltik/jorf-bulletin-officiel-scraper?fpr=youssef,france-francophonie,1,2,,0,"Scrape the Journal Officiel de la République Française (JORF). Get decrets, lois, arretes by date range or NOR. Full text, NATURE, NOR, ELI URI, MINISTERE, SIGNATAIRES, Legifrance URLs. Compliance, lawtech, public-affairs"
France Lobbying & Officials Scraper - HATVP,Walid,https://apify.com/dltik/hatvp-fr-scraper?fpr=youssef,france-francophonie,1,2,,0,"Search the official HATVP transparency open data: the AGORA lobbying registry (representatives, SIREN, budget band, targeted decisions, domains) plus public-officials declarations (interests, mandate, function). Filter by name or organisation. For compliance, public affairs, journalism"
"MCP Server: French Geography (Communes, INSEE, Geocode)",Walid,https://apify.com/dltik/mcp-server-geo?fpr=youssef,france-francophonie,1,2,,0,"Apify-hosted MCP server exposing 7 tools for AI agents to resolve French administrative geography: search communes, get a commune by INSEE code, reverse-geocode lat/lon, list communes by department, resolve department/region, list EPCI. Backed by geo.api.gouv.fr, no API key"
France SIRENE Company Lookup - SIREN SIRET,Technical Dost Solutions,https://apify.com/technicaldost/france-sirene-company-lookup?fpr=youssef,france-francophonie,1,2,,0,"Look up French companies you already have a SIREN or SIRET for. Official recherche-entreprises.api.gouv.fr: legal name, NAF, HQ address, officer names. No key"
RGE France · Artisan Emails & Directors,Corentin Robert,https://apify.com/corent1robert/rge-siren-enrich?fpr=youssef,france-francophonie,1,2,,0,"Two jobs: find certified RGE artisans in a French department, or enrich SIRETs you already have. Named director, phone, email. Companion Actor: French Companies. No login, no API key"
Domain to SIREN · French Company IDs,Corentin Robert,https://apify.com/corent1robert/domain-siren-scraper?fpr=youssef,france-francophonie,1,2,,0,"Paste French domains - get SIREN, SIRET and legal name from public mentions, confirmed on INSEE.. Clay / Lemlist. Misses not billed"
France SIRENE Company Scraper,Ivo Sandoval,https://apify.com/ivosandoval/france-sirene-scraper?fpr=youssef,france-francophonie,1,2,,0,"Scrape French company data from the INSEE SIRENE register. Get establishment details, legal units, and business activity codes"
Belgium Company Registry Scraper - BCE / KBO,Walid,https://apify.com/dltik/belgium-kbo-company-scraper?fpr=youssef,france-francophonie,1,2,,0,"Look up Belgium companies by enterprise number (name search needs a residential proxy) and get identity + legal status (active, liquidation, insolvency, struck off) from the official BCE / KBO (Crossroads Bank for Enterprises)"
Vinted Pro · Email & Phone by Market,Corentin Robert,https://apify.com/corent1robert/vinted-pro-siret-company?fpr=youssef,france-francophonie,1,2,,0,"Get new Vinted Pro emails on a market. You choose how many, and which fields must be public. Email, phone, company - one row per shop. Optional company file on France (INSEE) and the UK (Companies House). Need titles and prices? Use Vinted · Listings by Search. No login"
"French Company Enrichment | SIREN, Officers & Socials",Excellence Scraping,https://apify.com/excellence_scraping/french-company-enrichment?fpr=youssef,france-francophonie,1,2,,0,"Turn a website URL, company name, SIREN or SIRET into a full French company dossier: SIREN/SIRET, NAF, headcount, officers, address, status - plus LinkedIn and social profiles, with a confidence score. Free official registry, no API key"
"French Company Data Scraper - SIREN, KYB, Finance",Laurent Halbrun,https://apify.com/x402farm/french-company-data?fpr=youssef,france-francophonie,1,2,,0,"Look up any French company by name or SIREN and get a full dossier: identity, officers, VAT (VIES-checked), annual accounts (INPI), insolvency proceedings (BODACC), and a compliance verdict. Bulk-ready. Pay per company"
"DPE F/G Leads Passoires Thermiques, SCI Owners (SIREN)",Tagada Data,https://apify.com/tagadanar/french-dpe-leads?fpr=youssef,france-francophonie,1,2,,0,"Transformez les passoires thermiques en leads B2B: chaque DPE F/G d'une commune, relié au propriétaire (SCI, SARL) via la DGFiP, enrichi SIRENE avec les dirigeants. Seul actor du store à croiser DPE et propriétaire. Mode veille avec digests Slack. Usage plateforme inclus"
"French Company Scraper - SIRENE Data, Executives & B2B Leads",Scrape Sage,https://apify.com/scrapesage/french-company-scraper?fpr=youssef,france-francophonie,1,2,,0,"Scrape French companies from the official SIRENE registry - SIREN/SIRET, NAF activity, legal form, size, executives, revenue & establishments - plus BODACC new registrations, insolvencies & sales. Filters, lead scoring & only-new monitoring. Keyless, no browser"
"Mentions Legales Scraper - French SIREN, RCS, TVA & Contacts",Scrapers Delight,https://apify.com/scrapersdelight/mentions-legales-contact-scraper?fpr=youssef,france-francophonie,1,2,,0,"Turn French business domains into registry-grade B2B leads from each site's legally-mandated mentions legales page: SIREN, SIRET, RCS + greffe, TVA, capital social, APE, directeur de la publication, hebergeur, email, phone and address. No login, no API key"
"EU VAT number validator + French company lookup (VIES, SIREN)",matheo daney,https://apify.com/garonne/eu-vat-siren-check?fpr=youssef,france-francophonie,1,2,,0,Validates EU VAT numbers against the official VIES registry and enriches French SIREN/SIRET identifiers via the official INSEE-backed recherche-entreprises API. Pay-per-event: one company-record charge per successfully verified identifier
"French Company Data - SIREN, Officers & Risk Flags",Juan de Pablos,https://apify.com/jdepablos/france-company-feed?fpr=youssef,france-francophonie,1,2,,0,
"Company Registry Search API - Companies House, SIRENE, LEI",Joseph McRell,https://apify.com/captainhandsome/company-registry-search?fpr=youssef,france-francophonie,1,2,,0,"Search three official company registers at once and get one flat table: UK Companies House, French SIRENE and the global LEI register. A company lookup API returning name, registration number, status, incorporation date, registered address, SIC code and LEI per row. 54 columns per record"
France SIRENE Company Scraper - SIREN/SIRET Lookup & Search,NeverEmpty,https://apify.com/neverempty/france-sirene-company-scraper?fpr=youssef,france-francophonie,1,2,,0,"Search French companies by name, city, department, postcode, NAF/APE code, legal form, size or status, or look up SIREN and SIRET numbers in bulk (check digits verified first). One row per company with head office, VAT number, officers, revenue and matching establishments. No API key"
France Company Registry (SIRENE) Fresh Details,Karl Sundström,https://apify.com/vhsgreed/france-sirene-api-fresh?fpr=youssef,france-francophonie,1,2,,0,"Get French company data from the official SIRENE registry API: search by name or keyword, filter by postal code or department. SIREN, legal nature, NACE activity, address, directors, employee range, establishments. Free official source, no scraping"
"French Business Registry Scraper - SIRENE, SIREN & SIRET API",Joseph McRell,https://apify.com/captainhandsome/french-company-search?fpr=youssef,france-francophonie,1,2,,0,"French company data from the official SIRENE/INSEE register. Search by company name, NAF activity code, department, postal code, legal form or size, and export SIREN, SIRET, VAT number, address and officer records as structured rows. No API key required"
"Leboncoin Scraper - Listings, Prices, Sellers & SIREN",Haketa,https://apify.com/haketa/leboncoin-scraper?fpr=youssef,france-francophonie,1,2,,0,"Scrape Leboncoin.fr listings by keyword or URL: price, location (city, ZIP, region, GPS), category, attributes, photos and seller type - private vs professional with store name and SIREN for B2B lead generation. Cars, real estate, electronics and more. Export to JSON, CSV, Excel"
France Company Search - SIREN & SIRET Lookup (SIRENE),Gangary,https://apify.com/gangary/france-company-search?fpr=youssef,france-francophonie,1,2,,0,"Search French companies by name, SIREN or SIRET against the official government SIRENE registry. Returns SIREN, headquarters SIRET, legal form, NAF activity code, employee range, address, directors and EU VAT number. Built for KYB, B2B prospecting and supplier verification in France"
"French Property Intel · Value, Yield & Owner SIREN",Corentin Robert,https://apify.com/corent1robert/french-property-intel-hub?fpr=youssef,france-francophonie,1,2,,0,"Paste a French street address. Get estimated value, deal score vs asking, DPE class and rental calendar, yield, flood/clay risks and the SCI SIREN at that number - one row per address. Open data. No login. No invented emails"
"Sirene French Company Scraper - SIREN, NAF, Directors",Scrapers Delight,https://apify.com/scrapersdelight/sirene-company-scraper?fpr=youssef,france-francophonie,1,2,,0,"Scrape the official French Sirene company register: SIREN, SIRET, NAF activity code, head-office address with GPS, headcount band, VAT number, creation date and registered directors. Filter by activity, department, postcode or creation date. No login, no API key"
France SIRENE Scraper,ParseForge,https://apify.com/parseforge/france-sirene-scraper?fpr=youssef,france-francophonie,1,2,,0,"Scrapes French company records from the official SIRENE register by name, SIREN, postal code, department, or NAF code. Returns each company as a flat row"
ORIAS Scraper [] - French Insurance Register,Black Falcon Data,https://apify.com/blackfalcondata/orias-scraper?fpr=youssef,france-francophonie,1,2,,0,"Scrape orias.fr - France's official register of insurance, banking and finance intermediaries. Every record carries the public email, phone and address the register publishes, plus SIREN and registration status per regulated category"
Doctolib · Practitioners by Specialty & City,Corentin Robert,https://apify.com/corent1robert/doctolib-practitioner-scraper?fpr=youssef,france-francophonie,1,2,,0,"Export public Doctolib practitioners in France, Germany and Italy. Pick a specialty and city - name, phone, address, RPPS. About. No login. No API key"
French Physician Directory Database (RPPS) - Doctolib,BowTiedRaccoon,https://apify.com/jungle_synthesizer/doctolib-practitioner-directory-scraper?fpr=youssef,france-francophonie,1,2,,0,"Crawls Doctolib's France, Germany and Italy practitioner and establishment directories for identity, RPPS/ADELI national IDs, conventionnement sector, published tariffs, languages spoken, diplomas and experience"
Doctolib DE Scraper - Doctor & Clinic Directory Data,Studio Amba,https://apify.com/studio-amba/doctolib-de-scraper?fpr=youssef,france-francophonie,1,2,,0,"Scrape doctor and healthcare provider listings from Doctolib.de by specialty and city. Get name, specialty, address, coordinates, phone, languages, payment methods, statutory-insurance acceptance, online-booking availability and published fees. Public directory data only, no login required"
Leboncoin Listings Scraper,Hanna Nosova,https://apify.com/fetch_cat/leboncoin-listings-scraper?fpr=youssef,france-francophonie,1,2,,0,"Scrape public Leboncoin listing search results and listing details for marketplace research, real estate, vehicles, resale monitoring, and lead generation"
Leboncoin Scraper - French Classifieds Ads,Laurent Halbrun,https://apify.com/x402farm/leboncoin-scraper?fpr=youssef,france-francophonie,1,2,,0,"Scrape Leboncoin (France's #1 classifieds) despite DataDome: search by keyword and/or category + city, get structured ads (title, price, city, seller type, date, images, attributes). Pay per ad"
Leboncoin Search Scraper,Jamshaid Arif,https://apify.com/moving_beacon-owner1/leboncoin-search-scraper?fpr=youssef,france-francophonie,1,2,,0,"Scrape listings from Leboncoin's French classifieds. Input: Use the auto-generated form on the run page. Click Run without edits for real data. Output: One record per item, formatted by scrapers.leboncoin.scrape_search, with no transformations. The field set is based on the scraper’s output"
Leboncoin Profile & Reviews Scraper,SASWAVE,https://apify.com/saswave/leboncoin-profile-reviews-scraper?fpr=youssef,france-francophonie,1,2,,0,"Light weigth tool designed to extract deep intelligence from France's largest marketplace. Essential for market research, fraud detection, and competitive analysis within the French circular economy. It also helps small sellers keep track of their listings on the platform"
Leboncoin Classifieds Scraper,BowTiedRaccoon,https://apify.com/jungle_synthesizer/leboncoin-scraper?fpr=youssef,france-francophonie,1,2,,0,"Scrape classified ads from leboncoin.fr - title, price, location, images, attributes, and owner type. Pass any category or search URL"
leboncoin Listings Scraper,Farhan Febrian Nauval,https://apify.com/xtracto/leboncoin-listings?fpr=youssef,france-francophonie,1,2,,0,"Scrape classified ad listings from leboncoin.fr - France's #1 classifieds marketplace. Searches by keyword, category, and location. Returns full ad objects: title, price, seller info, images, geo, and category-specific attributes. Requires Apify FR Residential proxy (DataDome WAF)"
Leboncoin ProductInfo Scraper,GetDataForMe,https://apify.com/getdataforme/leboncoin-productInfo-scraper?fpr=youssef,france-francophonie,1,2,5,1,"The Leboncoin ProductInfo Scraper extracts detailed product data from Leboncoin, aiding market analysis and competitive intelligence. It offers comprehensive data extraction, high accuracy, fast performance, and flexible output formats, all with a user-friendly interface and customizable parameters"
Leboncoin Scraper - Low-cost,Prime Scrape,https://apify.com/delectable_incubator/leboncoin-scraper-low-cost?fpr=youssef,france-francophonie,1,2,5,1,"Easily scrape Leboncoin classified listings. Extract listing IDs, titles, brands, models, years, mileage, fuel, gearboxes, prices, sellers, locations, badges, photos & listing URLs. Perfect for automotive market research, price monitoring, competitor analysis & vehicle datasets"
Leboncoin Listing Lookup: leboncoin scraper,Adrian Voss,https://apify.com/accountable_eel/leboncoin-listing-lookup?fpr=youssef,france-francophonie,1,2,,0,"leboncoin scraper by keyword: run a search on leboncoin.fr, France's largest classifieds marketplace, and get one row per listing, including title, price, category, city, seller type, link. No login required. Pay per listing returned; empty searches are free"
"Leboncoin Scraper - Ads, Categories & Locations",ScrapeBadger,https://apify.com/scrape.badger/leboncoin-scraper?fpr=youssef,france-francophonie,1,2,,0,"Scrape leboncoin.fr, France's largest classifieds site: search ads by keyword, category, region, department, city or postcode with price and seller-type filters, plus full ad detail and similar ads"
Leboncoin Seller Scraper - Profiles & Listings,ScrapeBadger,https://apify.com/scrape.badger/leboncoin-seller-scraper?fpr=youssef,france-francophonie,1,2,,0,"Scrape any leboncoin seller: their public profile with type, location and activity, plus their complete listing inventory with prices and dates. For competitor tracking and pro-seller monitoring on the French market"
Leboncoin Scraper - France Real Estate,Scrape Sage,https://apify.com/scrapesage/leboncoin-scraper?fpr=youssef,france-francophonie,1,2,,0,"Scrape France real-estate listings from leboncoin.fr search URLs: price, area, rooms, property type, city, postcode, department, DPE energy rating, coordinates, seller and images. Real browser through residential proxy beats DataDome. Paste URLs or import a file"
Welcome to the Jungle Scraper,rainminer,https://apify.com/rainminer/welcometothejungle-com-scraper?fpr=youssef,france-francophonie,1,2,,0,"Extract job listings from welcometothejungle.com - titles, companies, locations, salaries, contract types, remote policies, and descriptions. Paste a search or job URL and export structured JSON/CSV"
Welcome to the Jungle Scraper,Sourabh Kumar,https://apify.com/sourabhbgp/welcome-to-the-jungle-scraper?fpr=youssef,france-francophonie,1,2,,0,"Scrape Welcome to the Jungle job listings by keyword, country, contract type and remote policy, plus full company profiles. Get salary, sectors, benefits, key missions, the role summary and candidate profile text for every job. Export to JSON, CSV or Excel"
Welcome to the Jungle Jobs Scraper (Pay-Per-Event),Arnas,https://apify.com/prodiger/welcome-to-the-jungle-jobs-scraper?fpr=youssef,france-francophonie,1,2,,0,"Search and scrape Welcome to the Jungle job listings by keyword, location, contract, remote policy, language, and market. Optionally enrich each result with descriptions, salary, skills, benefits, recruitment details, and company data. Built and operated with permission from Welcome to the Jungle"
Welcome to the Jungle Jobs Scraper,Crawler Bros,https://apify.com/crawlerbros/welcome-to-the-jungle-scraper?fpr=youssef,france-francophonie,1,2,,0,"Scrape job listings from Welcome to the Jungle - the leading French job board with 100K+ listings. Search by keyword, location, contract type, and remote preference. No account required"
Welcome to the Jungle Jobs Scraper,Hanna Nosova,https://apify.com/fetch_cat/welcome-to-the-jungle-jobs-api-scraper?fpr=youssef,france-francophonie,1,2,,0,"Export public Welcome to the Jungle jobs with company, location, contract, salary, remote details, descriptions, skills, and application URLs"
Welcome to the Jungle Company Scraper - Firmographics,Haketa,https://apify.com/haketa/wttj-companies-scraper?fpr=youssef,france-francophonie,1,2,,0,"Scrape company firmographics from Welcome to the Jungle: name, sector, size, employees, offices (city/country/GPS), tech stack and open-jobs count. Filter by keyword, country, sector or size. B2B lead generation & market research. No API key. Export JSON, CSV, Excel"
Welcome to the Jungle Jobs Scraper,hiper soft,https://apify.com/hipersoft/welcometothejungle-scraper?fpr=youssef,france-francophonie,1,2,,0,"Scrape job ads from Welcome to the Jungle: title, company with size and founding year, city and country with coordinates, contract type, remote policy, salary range, sectors, benefits and key missions. Filter by keyword, city, contract or salary and export to JSON, CSV, Excel or XML"
"Welcome to the Jungle Company Directory, All 12,423",Gregory Bolshakov,https://apify.com/gubidonius/wttj-companies?fpr=youssef,france-francophonie,1,2,,0,"Every company on Welcome to the Jungle: sector, size, offices, tech stack, open advert count and the company's own website. The site's public endpoint returns the same 100 companies whatever page you ask for. The index holds 17,189 records, which are 12,423 real companies, each returned once"
"Welcome to the Jungle Jobs, With the Salary Read Right",Gregory Bolshakov,https://apify.com/gubidonius/wttj-jobs?fpr=youssef,france-francophonie,1,2,,0,"All 88,651 adverts on Welcome to the Jungle: salary, remote policy, benefits, profession, and the employer's own application link. A quarter of salaried adverts are quoted per month, so the raw number understates them twelvefold. This one publishes the period beside it"
Welcome to the Jungle Office Locations and Addresses,Gregory Bolshakov,https://apify.com/gubidonius/wttj-offices?fpr=youssef,france-francophonie,1,2,,0,"Every office of every company on Welcome to the Jungle, one row per site with street address, postcode, city, country and map coordinates. The street and the coordinates are only on the per-company profile, and the search index ships coordinates in a separate array that is not always aligned"
Welcome to the Jungle Gender Equality Index Scores,Gregory Bolshakov,https://apify.com/gubidonius/wttj-equality-index?fpr=youssef,france-francophonie,1,2,,0,"Every French professional equality index published on Welcome to the Jungle, with all five indicators split out. The indicator fields are POINTS SCORED and not the size of a gap, so a pay gap field of 40 is a full mark. No filter exists for the score, so profiles are read to find it"
Welcome to the Jungle Articles and Full Text,Gregory Bolshakov,https://apify.com/gubidonius/wttj-articles?fpr=youssef,france-francophonie,1,2,,0,"Every article in the Welcome to the Jungle media archive with its full text, 8,584 across five language editions. The body is not in the site's search index and arrives in several blocks that must be joined. The publication date is a string that returns nothing to a date comparison"
Welcome to the Jungle Jobs,Raffy,https://apify.com/glasswing/welcome-to-the-jungle-jobs?fpr=youssef,france-francophonie,1,2,,0,"Scrape Welcome to the Jungle job offers by keyword, city or contract type. Get company, office and coordinates, contract type, experience, education, salary range and publication date. Export to CSV, JSON or Excel"
Welcome to the Jungle Job Scraper,ScrapeAI,https://apify.com/scrapeai/jungle-job-scraper?fpr=youssef,france-francophonie,1,2,,0,"Extract comprehensive job listings from Welcome to the Jungle with job titles, companies, locations, salaries, contract types, and full job descriptions"
HelloWork FR Scraper: French Job Listings,NanoScrape,https://apify.com/santamaria-automations/hellowork-fr-scraper?fpr=youssef,france-francophonie,1,2,,0,"Scrape job listings from HelloWork (hellowork.com), France's leading job board with 64M monthly visits. Returns title, company, location, French region and departement, contract type (CDI/CDD/Freelance/Alternance/Stage/Interim), salary, remote type (telework), experience level, and full description"
Soopage Malta Business Directory Scraper,Crawler Bros,https://apify.com/crawlerbros/malta-yp-scraper?fpr=youssef,france-francophonie,1,2,5,2,"Scrape mlt.soopage.com - Malta's business directory. Browse the island's listings, walk the nationwide index, or fetch companies directly by URL. Get contact details, address, category, email, website, and more"
Malt · Auto-Apply to Freelance Projects,Corentin Robert,https://apify.com/corent1robert/malt-messages-scraper?fpr=youssef,france-francophonie,1,2,,0,"Stop losing time on repetitive Malt applications: this Actor logs in (2FA via Gmail or cookies), opens Messages, and submits the next pending project offer with your pitch, daily rate, and Calendly link. Built for freelancers drowning in inbound leads"
"France Travail Scraper Jobs, Salaries & Apply Links",Abot API,https://apify.com/abotapi/francetravail-fr-scraper?fpr=youssef,france-francophonie,1,2,,0,"Scrape job offers from France Travail with titles, companies, locations, salaries, contracts, descriptions, skills, employer details, and apply links. Search by keyword, location, contract, sector, salary, sort options, or paste job/search URLs"
France Travail Jobs Scraper,Jamshaid Arif,https://apify.com/moving_beacon-owner1/france-travail-jobs-scraper?fpr=youssef,france-francophonie,1,2,,0,"Extracts JobPosting data from France Travail public search results by keyword, without requiring an API key. Returns flattened job details including `title`, `company`, `location`, `employmentType`, `salary`, `datePosted`, `validThrough`, `url`, `description`, `sourcePage`, and `searchKeyword`"
France Travail Search Scraper,Jobs API,https://apify.com/jobsapi/francetravail-jobs-search-scraper?fpr=youssef,france-francophonie,1,2,,0,"Extract complete France Travail job, employer, address, contract, salary, qualification, and application microdata"
France Travail Scraper - French National Job Listings,Studio Amba,https://apify.com/studio-amba/francetravail-scraper?fpr=youssef,france-francophonie,1,2,,0,"Scrape job listings from francetravail.fr (ex-Pole Emploi) - France's national public job service. Get titles, companies, locations, contract types, and salaries when available across every French region"
France Travail Jobs Scraper - 777K FR Offers + Employer Phone,Scrapers Delight,https://apify.com/scrapersdelight/france-travail-jobs-scraper?fpr=youssef,france-francophonie,1,2,,0,"Scrape France Travail (candidat.francetravail.fr), the French state job board: 777,220 live offers, 2026-09-06. Filter by keyword, departement, contract, salary, posting age. Offer pages add pay, NAF sector, full text and the recruiter's phone: 37.8% on France Travail's own offers, 0% on syndicated"
France Travail Scraper,ScrapeAI,https://apify.com/scrapeai/france-travail-scraper?fpr=youssef,france-francophonie,1,2,,0,"Scrape job listings from France Travail (formerly Pôle emploi), France's national employment agency"
HelloWork Scraper - French Job Offers Data,Studio Amba,https://apify.com/studio-amba/hellowork-scraper?fpr=youssef,france-francophonie,1,2,,0,"Scrape job offers from HelloWork (hellowork.com), one of France's largest general job boards. Search by keyword, location, and contract type. Extract titles, companies, locations, salaries, contract types, skills, and full descriptions. No login or cookies required"
HelloWork France Jobs Scraper,Automation Lab,https://apify.com/automation-lab/hellowork-france-jobs-scraper?fpr=youssef,france-francophonie,1,2,,0,"Search HelloWork France by keyword and location and export public vacancies with employers, contracts, salaries, dates, skills, descriptions, and source URLs"
France Lawyers Scraper: CNB Avocat Directory (Email & Phone),Scrapers Lat,https://apify.com/scrapers_lat/france-lawyers-cnb-scraper?fpr=youssef,france-francophonie,1,2,,0,"Scrape the official CNB directory of ~80,000 French lawyers. Get name, bar (barreau), full address, city, postcode, phone, fax, email, law firm, SIREN, specializations and languages. Filter by name, city, postcode, barreau, spécialité or language. Export to JSON, CSV or Excel"
France BOAMP Public Tenders & Contract Awards Scraper,Scrapers Lat,https://apify.com/scrapers_lat/france-boamp-tenders-scraper?fpr=youssef,france-francophonie,1,2,,0,"Scrape French public procurement notices and contract awards from BOAMP: title, buyer name with email and phone, contract type, CPV codes and labels, value, winning supplier, publication and deadline dates. Filter by keyword, CPV, department, buyer and date. Export to JSON, CSV or Excel"
French Public Tender Monitor - BOAMP Alerts,Lowland Data,https://apify.com/lowlanddata/france-public-tender-monitor?fpr=youssef,france-francophonie,1,2,,0,"Soyez alerté dès qu'un nouveau marché public français correspondant à votre activité est publié au BOAMP. Filtrez par mots-clés, départements et type de marché; uniquement les avis jamais vus. API officielle, données organisationnelles, sans contacts personnels"
HelloWork Jobs Scraper - France Hiring Data,Khadin Akbar,https://apify.com/khadinakbar/hellowork-jobs-scraper?fpr=youssef,france-francophonie,1,2,,0,"Search public HelloWork France job listings. Return normalized job titles, employers, locations, contracts, salaries, descriptions, posting dates, and direct listing URLs for recruiting and job-market research"
Hellowork Search Scraper,Jobs API,https://apify.com/jobsapi/hellowork-jobs-search-scraper?fpr=youssef,france-francophonie,1,2,,0,"Scrape job listings from Hellowork.com (formerly RegionJobs), a major French job board. Extract job titles, companies, locations, salary ranges, contract types and descriptions for French recruitment"
HelloWork Jobs Scraper,ScrapeAI,https://apify.com/scrapeai/hellowork-jobs-scraper?fpr=youssef,france-francophonie,1,2,,0,"Extract job listings from HelloWork (formerly RegionsJob), a major French employment platform"
HelloWork Jobs Scraper API - France Job Board,Dami's Studio,https://apify.com/dami_studio/hellowork-jobs-scraper?fpr=youssef,france-francophonie,1,2,,0,"Scrape jobs from HelloWork, the French job board. Each row has the job title, company, city and department. Contract type too: CDI, CDD, interim, stage or alternance. Plus skills and the posted date. Some salaries are HelloWork's own estimate, and each row says so"
"HelloWork Scraper - France Jobs, Salaries & Companies",Scrape Sage,https://apify.com/scrapesage/hellowork-scraper?fpr=youssef,france-francophonie,1,2,,0,"Scrape job listings from HelloWork (hellowork.com), one of France's largest job boards. Search by keyword and location: get job title, company, location, contract type, salary when disclosed, posting age and URL. No login, no key. Export JSON, CSV, Excel"
SeLoger Scraper - France Sale & Rent Property Listings,kane liu,https://apify.com/lentic_clockss/seloger-property-scraper?fpr=youssef,france-francophonie,1,2,,0,"Scrape SeLoger sale/rent listings by location or URL across apartments, houses, parking, land, commercial, offices, loft and more. Extract prices, rooms, surface, DPE, agents, and photos as a SeLoger API alternative"
SeLoger Scraper - French Real Estate Listings,Laurent Halbrun,https://apify.com/x402farm/seloger-scraper?fpr=youssef,france-francophonie,1,2,,0,"Scrape SeLoger real-estate listings despite DataDome: search a city (buy/rent), get type, rooms, surface, price, price per m2, URL + median asking price/m2. Reaches what cloud scrapers cannot. Pay per listing"
SeLoger Scraper - France Real Estate Listings,Vitalii Bondarev,https://apify.com/bovi/seloger-listings-scraper?fpr=youssef,france-francophonie,1,2,,0,"Scrape SeLoger.com (France's #1 real estate portal) from a search-results URL you paste. Returns title, price, transaction type, property type, rooms, surface m², location, agency contact, photos, and listing URL"
SeLoger Scraper (Cheap),Data API,https://apify.com/data_api/seloger-scraper-cheap?fpr=youssef,france-francophonie,1,2,,0,"A robust, high-speed scraper to extract property listings directly from SeLoger.com. Capture prices, living areas, rooms, agency details, and original image galleries. Features smart per-URL pagination and instant exports to Excel, JSON, or CSV"
SeLoger Immobilier Scraper,Ahmed hrid,https://apify.com/ahmed_hrid/seLoger-immobilier-scraper?fpr=youssef,france-francophonie,1,2,,0,
SeLoger France Real Estate Listings & Agent Leads Scraper,Scrapers Lat,https://apify.com/scrapers_lat/seloger-france-scraper?fpr=youssef,france-francophonie,1,2,,0,"Scrape SeLoger France property listings for sale or rent: price, price per m2, surface, rooms, bedrooms, property type, city, postal code, energy class, listing URL plus agency name, phone and contact details. Search by city or paste search URLs. Export to JSON, CSV or Excel"
SeLoger France Property Scraper,ParseBird,https://apify.com/parsebird/seloger-france-scraper?fpr=youssef,france-francophonie,1,2,,0,"Scrape property listings from SeLoger.com, France's leading real estate portal. Extract prices, rooms, area, location, energy class, agency info, and photos for sale and rental listings"
SeLoger France Real Estate Scraper,DevilScrapes,https://apify.com/devilscrapes/seloger-france-real-estate-scraper?fpr=youssef,france-francophonie,1,2,,0,"Scrape normalized sale and rental listings from SeLoger, France's leading property portal. We rotate browser fingerprints, retry through blocks, and keep the dataset clean - validated price, area, rooms, and agency data in every row"
"SeLoger Bureaux & Commerces Scraper - Offices, Shops, Land",Studio Amba,https://apify.com/studio-amba/seloger-bureaux-commerces-scraper?fpr=youssef,france-francophonie,1,2,,0,"Scrape French commercial real estate from SeLoger Bureaux & Commerces: offices, shops, warehouses, coworking and land for rent or sale. Rents in EUR/m2/year, surfaces, locations with coordinates, agencies and photos. Search any French city, no login needed"
SeLoger.com Agents Agencies Scraper - Low-cost,Prime Scrape,https://apify.com/delectable_incubator/seloger-com-agents-agencies-scraper-low-cost?fpr=youssef,france-francophonie,1,2,5,1,"Extract SeLoger.com real estate professionals with ease. Collect agency and agent names, intermediary types, profile URLs, logos, descriptions, and source URLs. Supports agencies, commercial agents, notaries, builders, and developers. Ideal for real estate lead generation and property datasets"
GoWork France Company & Reviews Scraper,SolidCode,https://apify.com/solidcode/gowork-fr-scraper?fpr=youssef,france-francophonie,1,2,,0,"[ ] Extract company profiles and employee reviews from GoWork France (gowork.fr): name, address, website, firmographics (tax ID, capital, employees, founding date), ratings, and full reviews as separate rows. Search by company name or URL. For employer research and reputation monitoring"
France Fresh Company Leads - New Registrations Feed (BODACC),OpenData Leads,https://apify.com/akeeml/france-fresh-company-leads?fpr=youssef,france-francophonie,1,2,,0,"Daily delta of newly-registered French companies from official BODACC open data, enriched with NAF activity, founders, address and headcount. Filter by sector, department and legal form. CRM-ready for B2B prospecting"
France Company Risk Monitor - Insolvency & KYB Events (BODACC),OpenData Leads,https://apify.com/akeeml/france-company-risk-monitor?fpr=youssef,france-francophonie,1,2,,0,"Daily feed of French company risk events from official BODACC open data - insolvency proceedings, strike-offs, business sales and modifications - enriched with NAF activity, officers, address and status. For KYB, credit-risk and portfolio monitoring"
France Company Data Scraper,Dev D,https://apify.com/straightforward_hydra/france-company-data-scraper?fpr=youssef,france-francophonie,1,2,,0,"Search France's official company register (Recherche d'entreprises / INSEE) and export clean company data: profile, HQ address, VAT number, industry and directors. No API key needed"
France BODACC Business Legal Gazette Scraper,ParseForge,https://apify.com/parseforge/france-bodacc-gazette-scraper?fpr=youssef,france-francophonie,1,2,,0,"Scrapes French business legal announcements from the BODACC gazette. Filter by company name, event category, notice type, and date range. Returns each announcement as a flat row with publication date, company identifier, event type, and full descriptive text"
Pools & Tennis · Cadastre Plots by City (FR·ES·PL·NL·AT),Corentin Robert,https://apify.com/corent1robert/france-pool-tennis-plots?fpr=youssef,france-francophonie,1,2,,0,"FR · ES · PL · NL · AT. Paste a city. Export plots with a pool, tennis or padel court. House number only on the same cadastral lot. Open data. No login"
Property Listing Lifecycle Tracker - Belgium,Studio Amba,https://apify.com/studio-amba/property-listing-lifecycle-tracker?fpr=youssef,france-francophonie,1,2,,0,"Cross-portal meta-scraper (Immoweb, 2dehands, Immovlan, Zimmo) that tracks Belgian property listings run over run and emits only lifecycle CHANGE events - price cuts, relists, going stale, and disappearing from every portal - not a full re-export"
Belgium Company Registry (KBO/CBE) Scraper,Scrapers Lat,https://apify.com/scrapers_lat/belgium-kbo-companies-scraper?fpr=youssef,france-francophonie,1,2,5,2,"Look up Belgian companies by enterprise number from the CBE (KBO/BCE) public registry. Get official name, status, legal form, registered address, NACE activities, start date, contact details and directors. Export to JSON, CSV or Excel"
Belgium EPC Distress Leads - E/F/G Energy-Sieve Property Feed,Studio Amba,https://apify.com/studio-amba/belgium-epc-distress-leads?fpr=youssef,france-francophonie,1,2,,0,"Find EPC E, F and G property listings (energy sieves) in Belgium. Runs Immoweb, 2dehands, Immovlan and Zimmo, keeps only energy-sieve listings, attaches a region-specific renovation-obligation urgency flag (Flanders/Wallonia/Brussels), dedupes across portals, and flags private-owner vs agency"
Belgium Property Pige - FSBO Real Estate Leads Across 4 Sources,Studio Amba,https://apify.com/studio-amba/belgium-property-pige?fpr=youssef,france-francophonie,1,2,,0,"Find FSBO (private-owner) property leads in Belgium. Runs Immoweb, 2dehands, Immovlan and Zimmo, dedupes each property across portals by a postcode + surface + price fingerprint, and flags every result private-seller or agency-listed. New-listing delta and optional KBO agency enrichment"
Notino Belgium Scraper - Perfume & Cosmetics Prices,Studio Amba,https://apify.com/studio-amba/notino-be-scraper?fpr=youssef,france-francophonie,1,2,,0,"Scrape Notino Belgium (notino.be): perfume and cosmetics product names, brands, EUR prices, size variants, ratings, reviews, stock, EAN/GTIN, categories and images. Search by brand or keyword, or pass product URLs. No login, no cookies"
Foodbag Belgium Scraper - Weekly Menu & Dishes,Studio Amba,https://apify.com/studio-amba/foodbag-scraper?fpr=youssef,france-francophonie,1,2,,0,"Scrape Foodbag.be weekly menus - dish names in Dutch and French, prices per portion, nutrition values, cooking times, dietary tags, sold-out status, and images. Works for current and upcoming weeks. No login or cookies required"
Immoweb Belgium Real Estate & Agent Contacts Scraper,Scrapers Lat,https://apify.com/scrapers_lat/immoweb-belgium-realestate-scraper?fpr=youssef,france-francophonie,1,2,,0,"Scrape Belgian property listings from Immoweb: price in EUR, for-sale or for-rent, type, bedrooms, bathrooms, surface, EPC energy score, address, postal code, GPS plus the listing agency name and phone. Export to JSON, CSV or Excel"
Randstad Belgium Scraper - Staffing Agency Job Listings,Studio Amba,https://apify.com/studio-amba/randstad-scraper?fpr=youssef,france-francophonie,1,2,,0,"Scrape job listings from Randstad Belgium, the world's largest staffing agency. Search by keyword in English, Dutch or French. No login or cookies required"
Immoweb Scraper - Belgium Property Listings,Rigel Bytes,https://apify.com/rigelbytes/immoweb-scraper?fpr=youssef,france-francophonie,1,2,,0,Scrapes property listings from Immoweb.be. Supports search result extraction with optional property detail enrichment
Immoweb Scraper - Belgium Real Estate & Agency Leads,Scrape Sage,https://apify.com/scrapesage/immoweb-scraper?fpr=youssef,france-francophonie,1,2,,0,"Scrape Immoweb.be, Belgium's #1 real estate portal: houses & apartments for sale and rent with prices, EPC energy score, full specs, all photos, geo and agency leads (email, phone & website). Filter by postal code, province, price & type. Monitor new listings. Export JSON, CSV"
Immoweb Scraper & New-Listing Monitor - Belgium Property,NeverEmpty,https://apify.com/neverempty/immoweb-listings?fpr=youssef,france-francophonie,1,2,,0,"For property investment screening, agency lead lists and market reports: Immoweb.be listings as flat rows with price and what it means, monthly charges kept apart from rent, bedrooms, living and land area, and EPC. Belgium had 48,659 houses for sale on 2026-09-05. Monitoring returns only new ones"
VDAB Job Scraper - Belgium Flanders Vacancies & Employers,Scrapers Delight,https://apify.com/scrapersdelight/vdab-jobs-scraper?fpr=youssef,france-francophonie,1,2,,0,"Scrape VDAB, Flanders' public employment service: all 207,809 live Belgian vacancies by keyword, city, radius, region, job domain, contract, diploma, licence. Optional detail adds employer website, named hiring contact, apply/ATS URL. New-vacancy monitor + alerts"
Immoweb Scraper | Belgium Property Listings & EUR per m2,אלון זריהן,https://apify.com/alinz/immoweb-belgium-property?fpr=youssef,france-francophonie,1,2,,0,"Belgian property listings from Immoweb with price per square metre computed, multi-unit developments and life-annuity sales flagged so they never distort a comparable, and median EUR/m2 by postcode. Search by postcode, price, bedrooms, surface and property subtype"
Carbu.com France Belgium Fuel Price Scraper,rainminer,https://apify.com/rainminer/carbu-com-scraper?fpr=youssef,france-francophonie,1,2,,0,"Scrape live France, Belgium, and Luxembourg fuel prices from Carbu.com for travel and fleet planners. Extract station names, brands, addresses, GPS, and Gazole, SP95, SP98, E10, and LPG from city lists. No login. Schedule runs, export JSON/CSV/Excel, and feed dashboards via API. Pay per station"
Carrefour Belgium Scraper - Grocery Prices,Studio Amba,https://apify.com/studio-amba/carrefour-be-scraper?fpr=youssef,france-francophonie,1,2,,0,"Scrape products, prices, unit prices, stock status, and images from carrefour.be, Belgium's largest grocery retailer. Search any keyword and export clean structured grocery data"
StepStone Jobs Scraper - Germany & Belgium Job Alerts,Lowland Data,https://apify.com/lowlanddata/stepstone-scraper?fpr=youssef,france-francophonie,1,2,,0,"Scrape StepStone jobs in Germany and Belgium: title, employer, location, salary band, skills. Several searches, pasted search links and daily only-new job alerts. No contact data"
Immoweb Scraper - Belgium Property Listings,hiper soft,https://apify.com/hipersoft/immoweb-scraper?fpr=youssef,france-francophonie,1,2,,0,"Scrape public real-estate listings from Immoweb, Belgium's #1 property portal. Filter houses or apartments, for-sale or for-rent, by postal code or price, and export one clean row per property: price, location, bedrooms, surface, energy score, photos and listing URL as JSON, CSV or Excel"
2dehands Car Scraper Belgium,MrDoe,https://apify.com/mrdoe/2dehands-car-scraper-be?fpr=youssef,france-francophonie,1,2,5,1,"Scrape used car listings from 2dehands, one of Belgium's major online marketplaces. Collect vehicle details such as make, model, price, mileage, year, fuel type, transmission, location, seller information, images, and listing URLs for automotive research and market analysis"
Belgium BCE/KBO · Company Directors,Corentin Robert,https://apify.com/corent1robert/belgium-bce-kbo-company-enrich?fpr=youssef,france-francophonie,1,2,,0,"Paste Belgian BCE/KBO numbers or a company name - directors, NACE, VAT, address. Companion Actors: French Companies, UK Companies House. Official register. No API key"
Le Forem Scraper: Belgium Wallonia Jobs and Offres d'Emploi,NanoScrape,https://apify.com/santamaria-automations/forem-be-scraper?fpr=youssef,france-francophonie,1,2,,0,"Extract job listings from Le Forem (leforem.be), Belgium's Wallonia French-speaking public employment service. Returns title, company, Walloon province, employment type, salary, full description and contact details. Covers Wallonia and Brussels"
2dehands Scraper - Belgium Classified Ads & Prices,Logiover,https://apify.com/logiover/2dehands-belgium-marketplace-scraper?fpr=youssef,france-francophonie,1,2,,0,"Scrape 2dehands.be, the largest classified ads marketplace in Belgium. Extract title and description, price in euros and price type, seller name, city and GPS coordinates, listing date, category and photos across every category"
Indeed Belgium Jobs Scraper,Unfenced Group,https://apify.com/unfenced-group/indeed-be-scraper?fpr=youssef,france-francophonie,1,2,,0,"Scrape job listings from Indeed Belgium. Returns titles, full descriptions, salary, company profiles, geo-coordinates and hiring signals. Pay per result"
Immoweb Scraper,Automation Lab,https://apify.com/automation-lab/immoweb-belgium-property-listings-scraper?fpr=youssef,france-francophonie,1,2,,0,"Extract public Immoweb Belgium sale and rental listings with prices, property attributes, locations, images, dates, and advertiser context for monitoring"
Swiss Business Directory Scraper - local.ch,BowTiedRaccoon,https://apify.com/jungle_synthesizer/local-ch-swiss-business-directory-scraper?fpr=youssef,france-francophonie,1,2,,0,"Swiss business directory data: company names, addresses, phone numbers, emails, ratings, and opening hours for the Swiss SMB market. Filter by industry vertical. Structured JSON output ready for lead lists or CRM import"
Local.ch Swiss Business Leads Scraper,Matis Monnin,https://apify.com/swissdatatools/local-ch-swiss-business-leads?fpr=youssef,france-francophonie,1,2,,0,"Find Swiss businesses by keyword and location. Export clean, deduplicated leads with phones, emails, websites, addresses, contactability metrics and AI-ready summaries for CRM, sales and automation"
Local.ch Leads Scraper,ParseBird,https://apify.com/parsebird/localch-leads-scraper?fpr=youssef,france-francophonie,1,2,,0,"Extract business leads from Local.ch search results: names, addresses, phone numbers, websites, social profiles, ratings, opening hours, and categories"
Jobup.ch Switzerland Scraper - Preiswert Low-cost,Prime Scrape,https://apify.com/delectable_incubator/jobup-ch-switzerland-scraper---preiswert-low-cost?fpr=youssef,france-francophonie,1,2,,0,"Scrape job listings from Jobup.ch with a powerful Switzerland job search scraper. Extract offers by keyword and location, including titles, companies, employment types, publication dates & URLs. Ideal for recruitment analytics, job market research, and structured datasets No proxy needed"
Coop Switzerland Scraper - Grocery Prices & Promotions,Studio Amba,https://apify.com/studio-amba/coop-ch-scraper?fpr=youssef,france-francophonie,1,2,,0,"Scrape products, prices, unit prices, promotions, ratings and images from coop.ch, Switzerland's #2 grocery retailer. Search any keyword and export clean structured grocery data"
"Fuel Prices from Official Sources - ES, AT, Quebec",Jimmy A,https://apify.com/gratifying_graph/fuel-prices-official?fpr=youssef,france-francophonie,1,2,,0,"Station-level fuel prices from official government open-data feeds, normalized into one schema. No scraping fragile websites: these are the feeds regulators publish. Filter by location, fuel type, or get full country snapshots"
Quebec Property Assessment Roll,Nico Poland,https://apify.com/opendatatools/quebec-property-assessment-roll?fpr=youssef,france-francophonie,1,2,,0,"Returns one row per assessment unit for any Quebec municipality: assessed land, building and total values, plus address, use code, year built and floor area. Official MAMH open data under CC-BY 4.0"
Korea Kompass B2B Scraper,HappiTap,https://apify.com/happitap/korea-kompass-b2b-scraper?fpr=youssef,france-francophonie,1,2,,0,"Extract verified care homes, nursing homes, and residential care facilities across the UK. High-quality B2B leads for healthcare suppliers"
Kompass Email Scraper,Email Scraper,https://apify.com/email_scraper/kompass-email-scraper?fpr=youssef,france-francophonie,1,2,,0,"Scrape publicly indexed Kompass contacts with Kompass Email Scraper. Find email addresses using targeted keywords, locations, and custom email domains, with exclude-word filtering and structured dataset output for B2B lead generation, prospecting, and market research"
Kompass Scraper [] | Bypass 20 Limit | Phones & Emails,Ahmed Jasarevic,https://apify.com/ahmed_jasarevic/kompass-scraper?fpr=youssef,france-francophonie,1,2,,0,"Scrape B2B company data from Kompass via the B2B Stars partner directory: phones, emails, websites, addresses, employee counts & NACE industry codes across 70+ countries. Go beyond Kompass's free 20-company contact limit"
Kompass Phone Number Scraper,Premium Scraper,https://apify.com/premiumscraper/kompass-phone-number-scraper?fpr=youssef,france-francophonie,1,2,,0,"Kompass phone number scraper returns, for every phone number found on Kompass: phone number in international and national format, country code, line type, mobile flag, WhatsApp-capable flag, carrier, region, timezone, company name, domain, country, page title, source URL and date found"
Local Businesses With No Website (Instagram Leads),NoSite,https://apify.com/am_production/no-website-leads-finder?fpr=youssef,social-leads,1,1,5,7,"Real local businesses that run entirely on Instagram with no website: filter by country, city, category and audience, then reveal phone, email and handle. Pay per lead, no subscription"
"Google Maps Business Scraper - Name, Rating, Address",omar khandji,https://apify.com/om_kh/google-maps-business-scraper?fpr=youssef,google-maps,1,1,,0,"Scrapes Google Maps businesses for any search and location: name, address, phone, website, category, rating, review count, coordinates. For lead generation and local-market analysis"
Facebook Marketplace Listings & Prices,viralanalyzer,https://apify.com/viralanalyzer/facebook-marketplace-scraper?fpr=youssef,social-leads,1,1,,0,"Extract Facebook Marketplace listings with title, price, location, images, and optional full details (description, seller, condition, category). No API key needed"
"Instagram Hashtag Scraper - Posts, Likes, Comment Count",omar khandji,https://apify.com/om_kh/instagram-hashtag-scraper?fpr=youssef,social-leads,1,1,,0,"Monitors Instagram hashtags for new posts and engagement changes: caption, post URL, author, likes, comments, media type, date. Velocity signal for trending hashtags"
Workana Scraper - LATAM Freelance Projects & Client Demand,Oswaldo Carabano,https://apify.com/oswaldocarabano/workana-scraper?fpr=youssef,other-lead-sources,1,1,,0,"Scrape public project listings from Workana, Latin America's largest freelance marketplace: budget, skills, client country, proposal count and client reputation signals. Only filters that Workana actually applies. Declares its own coverage ceiling. No login, no session cookies"
TED Tender Monitor - EU Tender Alerts & CPV,Telemark Digital,https://apify.com/uplifted_novice_vbl/ted-tender-watch?fpr=youssef,other-lead-sources,1,1,,0,"TED tender monitor for new or changed EU procurement notices and TED procurement alerts. Filter EU tenders by CPV code, country, keyword, value, or notice type and receive EU tender alerts as JSON or signed webhooks. Unofficial and not affiliated with TED, the EU, or its Publications Office"
"Google Business Profile Q&A Scraper - Questions, Answers",omar khandji,https://apify.com/om_kh/google-business-profile-qa-scraper?fpr=youssef,google-maps,1,1,,0,"Scrapes questions and answers on any Google Business Profile: question, answers, author type, date, unanswered flagged. For reputation management and intent research"
Luma Attendee Profile Exporter,Trove Vault,https://apify.com/trovevault/luma-attendee-profile-exporter?fpr=youssef,enrichment-verification,1,1,,0,"Exports enriched Luma event attendee rows with registration answers, social profile links, company, job title, and follow-up segments"
"PagesJaunes Leads, Reviews & Local SEO Scraper",Inus Grobler,https://apify.com/thescrapelab/pagesjaunes-leads-reviews-scraper?fpr=youssef,france-francophonie,1,1,,0,"Scrape PagesJaunes business leads across France with phone numbers, websites, addresses, ratings, reviews, opening hours, and SIRET/SIREN data"
France SIRENE Company Registry Scraper,DevilScrapes,https://apify.com/devilscrapes/france-sirene-companies-scraper?fpr=youssef,france-francophonie,1,1,,0,"Export French registered-company records from the official SIRENE/recherche-entreprises open-data API - SIREN, legal name, NAF/APE code, legal form, workforce range, status, head-office address - filtered by name, NAF code, department, commune or workforce range, as JSON, CSV or Excel"
Sirene / SIREN French Company Search - INSEE Register,PublicData,https://apify.com/publicdata/sirene-siren-french-company-search?fpr=youssef,france-francophonie,1,1,,0,"Scrape French companies (entreprises) from the official French government open-data API: SIREN, SIRET, legal form, NAF activity, address, employees, executives and financials. French company register and business data by department, activity, size and creation date"
Welcome to the Jungle Universal Scraper,Scrapifier,https://apify.com/scrapifier/welcome-to-the-jungle-scraper?fpr=youssef,france-francophonie,1,1,5.0,2,"Scrape unlimited jobs from Welcome to the Jungle! Search by keywords, filter by city, contract, remote policy, experience, salary, sector or company, and instantly get rich, structured job data with the hiring company profile - for job boards, sourcing, market research or lead generation"
Welcome to the Jungle (WTTJ) Jobs & Salary Scraper - No Login,Nomad Dev,https://apify.com/nomad-agent/wttj-scraper?fpr=youssef,france-francophonie,1,1,,0,"Scrape live Welcome to the Jungle (WTTJ) jobs across 17 EU countries - no login, no cookies. Each record has structured salary, a company profile (size, sector, founding year) and the apply URL. Filter by keyword, contract type (CDI/CDD/freelance), remote and experience"
Malt Scraper - French Freelancer Marketplace Profiles,Studio Amba,https://apify.com/studio-amba/malt-scraper?fpr=youssef,france-francophonie,1,1,,0,"Scrape freelancer profiles from Malt.fr, France's largest freelance marketplace. Search by skill or role and city to get name, headline, skills, day rate (TJM), location, rating, and mission count. No login required"
France Travail Job Scraper - francetravail.fr,Muhammad Shamshad Aslam,https://apify.com/claygenius/france-travail-job-scraper?fpr=youssef,france-francophonie,1,1,,0,"Scrape job offers from francetravail.fr (ex Pôle emploi), France's official government job portal. Structured salaries normalized to EUR/year, full descriptions, contract types. Public data, no login, no blocking"
HelloWork Jobs Scraper - Low-cost,Prime Scrape,https://apify.com/delectable_incubator/hellowork-jobs-scraper-low-cost?fpr=youssef,france-francophonie,1,1,,0,"Scrape HelloWork job listings with a powerful France job scraper. Extract job titles, company names, locations, contract types, salaries, work arrangements, job descriptions, and job URLs from search results. Ideal for recruitment intelligence, labour market analysis & employment datasets"
SeLoger France Property Listings Scraper,SolidCode,https://apify.com/solidcode/seloger-com-scraper?fpr=youssef,france-francophonie,1,1,,0,"[ ] Extract French property listings from SeLoger.com - sale prices, monthly rents, m², rooms, DPE energy ratings, photos, GPS coordinates and agency phone numbers. Filter by city, property type, viager, private seller or energy class. Export to JSON, CSV or Excel"
Seloger Scraper,SASWAVE,https://apify.com/saswave/seloger-scraper?fpr=youssef,france-francophonie,1,1,,0,"Données immobilières de précision conçu pour SeLoger.com, la plateforme leader des annonces immobilières en France. Collecter de manière automatisée l'ensemble des données des annonces de location et de vente (résidentiel et commercial). Simplifier suivi des dernières annonces"
SeLoger.com Property Scraper - Low-cost,Prime Scrape,https://apify.com/delectable_incubator/seloger-com-property-scraper-low-cost?fpr=youssef,france-francophonie,1,1,5,1,"Extract SeLoger.com property listings with ease. Collect titles, transaction types, property types, prices, rooms, bedrooms, surfaces, addresses, descriptions, agencies, energy classes, images, and property URLs. Ideal for real estate research, property analytics and property datasets"
France Company Registry Scraper,Crawler Bros,https://apify.com/crawlerbros/france-entreprises-scraper?fpr=youssef,france-francophonie,1,1,5,1,"Scrape the official French government company registry (SIRENE / Recherche d'entreprises). Search by name or SIREN/SIRET, look up exact SIREN numbers, or find companies near a location. Returns legal name, address, activity code, executives, and financial data"
France Data.gouv.fr Scraper,ParseForge,https://apify.com/parseforge/france-data-gouv-scraper?fpr=youssef,france-francophonie,1,1,,0,"Scrapes dataset metadata from the French open data portal data.gouv.fr. Search by keyword, organization, or tag and export results as a flat dataset"
"Belgium KBO Company Scraper - Directors, VAT & NACE Codes",NeuralVerge,https://apify.com/neuralverge/neuralverge-kbo-company?fpr=youssef,france-francophonie,1,1,,0,"Scrape any company in Belgium from the Belgian KBO/BCE register by enterprise number - name, legal form, status, address, start date, directors, characteristics, VAT & NSSO NACE-BEL activity codes and external links. Structured JSON, no API key. You pay per completed lookup - matched or not"
"VDAB.be Scraper: Belgium Flanders Jobs, Vacatures & Employers",NanoScrape,https://apify.com/santamaria-automations/vdab-be-scraper?fpr=youssef,france-francophonie,1,1,,0,"Extract job listings from VDAB.be, Belgium's Flemish public employment service. Returns title, company, location, Flemish province, employment type, salary, full description and contact details. Covers Flanders and Brussels"
